data:max_stress_xx:value,data:max_stress_yy:value,data:max_vonmises_stress:value,data:p1_stress_xx:value,data:p1_stress_yy:value,data:p1_vonmises_stress:value,data:p2_stress_xx:value,data:p2_stress_yy:value,data:p2_vonmises_stress:value,data:p3_stress_xx:value,data:p3_stress_yy:value,data:p3_vonmises_stress:value,data:p4_stress_xx:value,data:p4_stress_yy:value,data:p4_vonmises_stress:value,data:p5_stress_xx:value,data:p5_stress_yy:value,data:p5_vonmises_stress:value,data:p6_stress_xx:value,data:p6_stress_yy:value,data:p6_vonmises_stress:value,data:p7_stress_xx:value,data:p7_stress_yy:value,data:p7_vonmises_stress:value,data:p8_stress_xx:value,data:p8_stress_yy:value,data:p8_vonmises_stress:value,data:p9_stress_xx:value,data:p9_stress_yy:value,data:p9_vonmises_stress:value
11056.29167,20067.45646,27601.04145,-1073.165065,3181.616656,3854.323589,1317.022065,8900.041061,8280.924621,-5.475134586,9966.591906,9969.335075,-0.055489061,9961.924756,9961.973335,0.033180544,9959.262019,9959.245142,0.052200397,9956.828347,9956.783574,-5.296093182,9966.074257,9968.740008,1277.961779,8961.872267,8353.39343,-878.8199653,3600.948387,4072.402801
11517.96316,21101.56752,28868.95797,-1016.428027,3442.659792,4071.599844,1516.442084,8345.222294,7666.849896,-7.269661967,9618.695032,9621.882087,-0.40368902,9615.845058,9616.194879,-0.153854834,9597.613973,9597.688247,0.345506182,9580.535507,9580.235086,-7.244839662,9618.984029,9622.146414,1527.180218,8329.394372,7648.889913,-1011.598769,3447.238706,4071.405715
10968.19865,19901.49334,27384.85136,-887.8625147,3571.011076,4053.36711,1248.159577,8953.804189,8353.361206,-5.395689095,9917.622059,9920.330488,0.035272008,9908.893666,9908.863541,0.03422746,9910.534536,9910.517031,-0.039956217,9912.450143,9912.485246,-5.842402299,9919.039491,9921.935959,1347.707544,8796.169499,8169.194987,-1052.74811,3175.961819,3830.774305
11168.96431,20107.52423,27643.02186,-1031.499761,3287.228588,3926.223906,1428.122591,8501.499624,7849.60127,-7.153804381,9704.053611,9707.389049,-0.181137632,9696.808451,9696.966261,-0.019559721,9688.53311,9688.541391,0.152739762,9681.058187,9680.926295,-7.165478946,9704.449461,9707.774862,1446.303518,8473.086403,7816.621055,-1023.28218,3292.53161,3923.483031
11006.82676,19720.06215,27208.87681,-1071.229621,3190.66271,3862.414559,1322.741211,8852.153536,8230.697351,-5.782665834,9923.364365,9926.239477,-0.006656684,9915.473875,9915.480116,0.034682477,9915.135979,9915.11821,0.001433367,9915.091188,9915.090415,-5.740595914,9923.226271,9926.08387,1313.23257,8867.105184,8248.177583,-1075.498679,3187.514687,3863.316706
11251.74145,20213.07083,27817.93817,-1026.469337,3334.150142,3966.394045,1466.851664,8513.173248,7850.01144,-7.23633912,9757.076024,9760.463318,0.05411954,9738.958307,9738.912099,-0.00591007,9741.726982,9741.72857,-0.079090122,9745.246369,9745.315716,-7.212467701,9756.752604,9760.140084,1451.474954,8536.673247,7877.317794,-1033.345596,3329.295624,3968.287033
11157.18197,20047.97293,27624.70188,-1067.172322,3258.694098,3926.73135,1365.089683,8775.570263,8140.123977,-6.367118661,9883.055354,9886.177982,0.040205193,9871.09118,9871.056955,0.032814533,9873.004396,9872.987331,-0.049654879,9875.337909,9875.381601,-6.473896395,9883.500726,9886.663968,1391.913449,8734.29169,8091.977881,-1055.182126,3267.829209,3924.359057
11219.93208,20422.89824,28036.94807,-1065.884347,3262.430138,3929.795047,1367.42097,8754.040143,8118.050932,-6.468490126,9862.796263,9865.959849,-0.090115441,9856.623243,9856.702311,0.031544008,9852.377985,9852.361609,0.08032288,9848.568483,9848.499754,-6.432185945,9862.657169,9865.806203,1359.349238,8766.227892,8132.148219,-1069.449755,3259.124821,3929.888066
10727.83685,18998.81193,26283.97634,-1072.017959,3012.927096,3686.951814,1221.069857,9088.468008,8503.682872,-3.966383839,10086.04991,10088.09368,-0.071647795,10085.33857,10085.40099,0.020655358,10081.90507,10081.89472,0.071630478,10078.55116,10078.48941,-3.991145384,10086.10095,10088.1562,1226.926263,9078.980845,8492.431882,-1069.452416,3014.482519,3686.105767
10871.67101,19314.32981,26705.42434,-1072.103145,3126.278068,3799.468298,1285.278363,8912.468366,8303.793924,-5.27766844,9954.908834,9957.5588,-0.034866869,9949.656675,9949.687306,0.032455747,9947.971833,9947.955315,0.031730563,9946.506179,9946.479073,-5.269202778,9954.885777,9957.532016,1283.499239,8915.262593,8307.067413,-1072.886867,3125.678902,3799.609073
10795.57045,19265.27183,26579.85937,-1068.513244,3034.991753,3706.253945,1238.21106,9004.57344,8413.3802,-4.485245808,10018.14196,10020.42812,0.28253071,9999.62368,9999.379068,0.025231424,10012.95881,10012.94609,-0.283601492,10026.42194,10026.66808,-4.502569914,10018.17187,10020.46655,1240.999801,9000.561979,8408.699452,-1067.413144,3036.364763,3706.59186
10500.70826,18432.96438,25544.0681,-1057.878931,2870.55789,3535.920738,1153.640882,9235.986315,8678.592209,-2.766957683,10202.00802,10203.46886,-0.063836199,10202.81777,10202.87351,0.009041929,10199.762,10199.75761,0.064691085,10196.72267,10196.66705,-2.697841264,10201.92091,10203.34653,1138.083132,9259.586326,8706.65627,-1063.964471,2864.445059,3535.486774
11544.69558,21267.3943,29058.27583,-1009.100736,3468.861834,4094.423302,1530.255796,8266.982796,7585.059406,-6.909604168,9551.091481,9553.990324,0.090731678,9522.101349,9522.021656,-0.255797143,9527.515969,9527.640766,-0.165818379,9534.183726,9534.326763,-6.985923604,9550.729451,9553.683958,1517.709782,8286.145403,7606.735563,-1014.957046,3463.873148,4095.244938
11326.71912,20516.96645,28231.53797,-1073.23453,3320.817368,3991.877892,1393.953597,8838.471158,8193.935203,-6.235911343,9962.498644,9965.583034,0.058398255,9950.49422,9950.444139,0.035947318,9953.244317,9953.225817,-0.065219225,9956.342925,9956.399995,-6.256086405,9962.576567,9965.66881,1399.064381,8830.516728,8184.58828,-1070.895094,3322.351668,3991.159874
11458.03215,21160.25969,28915.0722,-1037.767558,3400.005261,4047.733162,1464.295001,8452.099338,7786.841835,-7.449047494,9655.778304,9659.169865,-0.240528465,9648.277152,9648.486002,-0.08264894,9637.463658,9637.502861,0.196535871,9627.667017,9627.496587,-7.388653863,9656.476739,9659.80678,1492.450949,8407.700595,7735.73508,-1024.49852,3408.800065,4043.445559
11425.69964,21182.64484,28901.88861,-1041.054844,3356.241989,4005.31574,1442.040608,8501.455094,7843.811902,-7.378897155,9688.966737,9692.3911,0.570360797,9645.264641,9644.769928,-0.03512541,9672.511966,9672.527863,-0.603403353,9700.633306,9701.157069,-7.364930758,9688.517243,9691.951564,1422.755623,8530.967392,7877.563172,-1050.899072,3348.77004,4007.06867
10765.0276,18938.99726,26232.04518,-1054.887372,3073.832838,3732.033719,1286.314914,8904.89738,8298.618798,-5.038986371,9980.799446,9983.338161,-0.017594912,9975.221472,9975.237287,0.030023791,9974.346404,9974.331221,0.015554064,9973.653073,9973.64015,-5.033146179,9980.783332,9983.319525,1284.928981,8907.119671,8301.245063,-1055.495453,3073.478203,3732.255025
10997.90422,19617.83318,27059.64965,-1048.15813,3205.943899,3858.797264,1363.663339,8667.33856,8034.374756,-6.558400415,9801.56869,9804.742004,0.07607559,9786.563152,9786.497767,0.026657598,9790.207819,9790.19366,-0.088789154,9794.348448,9794.426067,-6.494926355,9801.252866,9804.404052,1346.07598,8694.606792,8065.997685,-1055.959916,3199.779914,3860.100032
11729.73299,21854.36565,29769.98236,-993.655291,3548.558296,4164.707679,1578.150548,8175.539742,7480.831405,-6.13348423,9502.961835,9505.304878,0.102602884,9469.043948,9468.952335,-0.465745017,9475.713571,9475.94244,-0.208683148,9483.697351,9483.876032,-5.919315512,9503.492717,9505.697904,1595.42218,8148.382438,7449.917649,-985.348814,3554.106774,4161.769229
11072.44027,20000.89989,27525.61957,-1057.162334,3237.964748,3898.798495,1365.302892,8688.925836,8054.020737,-6.616795143,9807.408312,9810.614233,0.023227321,9794.899952,9794.880314,0.027468864,9796.050245,9796.035653,-0.036049369,9797.699937,9797.731713,-6.526814661,9806.900069,9810.077302,1337.311854,8733.261349,8105.439803,-1069.972852,3228.649347,3901.717923
11516.90165,21101.39458,28924.80346,-1041.664319,3453.274882,4103.934637,1486.437213,8491.986832,7819.137778,-7.585685853,9706.169347,9709.648889,-0.061779957,9690.605417,9690.65899,-0.070742177,9688.185637,9688.218855,0.019503329,9686.770726,9686.753779,-7.516189099,9707.686812,9711.067336,1548.386105,8397.356264,7710.213292,-1012.998383,3474.702506,4096.925226
11623.00764,21408.37709,29265.35065,-1011.851475,3499.19776,4125.545888,1545.947487,8318.728229,7631.703068,-7.23405547,9613.868767,9616.985665,-0.008197594,9590.869186,9590.876073,-0.194447627,9591.410288,9591.504747,-0.056858463,9593.162678,9593.211799,-7.244247274,9613.826226,9616.950461,1544.378426,8321.248507,7634.614765,-1012.609924,3498.799438,4125.914716
10837.27273,19435.16495,26823.7224,-1083.477189,3077.014844,3760.506773,1238.355072,9038.512175,8445.455976,-4.490135536,10026.82782,10029.11994,-0.018060661,10022.61865,10022.63463,0.02593232,10021.72164,10021.70857,0.017235325,10020.94783,10020.93322,-4.388247086,10026.60267,10028.84768,1217.214965,9072.335721,8485.203883,-887.6862544,3501.779148,3982.447271
11287.07277,20725.30932,28399.46198,-1075.098126,3283.770733,3959.902698,1361.833194,8770.949426,8135.324174,-6.542738382,9857.460544,9860.660704,0.071872808,9843.507274,9843.445834,0.03063471,9846.929018,9846.91303,-0.082694738,9850.813318,9850.88591,-6.599228609,9857.775204,9860.993325,1379.83738,8742.231457,8101.853561,-1066.69434,3289.245692,3957.32448
11104.48283,19750.05783,27291.68937,-1063.513802,3242.921325,3905.98752,1368.515947,8823.693236,8188.454519,-6.016850608,9946.61259,9949.592169,-0.075554658,9941.357781,9941.423764,0.035230676,9937.76751,9937.749405,0.06944568,9934.499489,9934.439772,-6.057468904,9946.744348,9949.740938,1377.465014,8810.104414,8172.522105,-1059.591002,3245.972618,3905.277022
11611.29624,21555.50643,29438.44609,-803.1555281,3903.367413,4314.768664,1502.250767,8421.801188,7744.449082,-7.576864675,9647.070719,9650.46733,-0.037858729,9628.128308,9628.160959,-0.120231068,9627.020365,9627.078041,-0.014509641,9627.0272,9627.03959,-7.58845939,9646.991905,9650.398028,1499.247904,8426.574568,7749.912661,-804.717643,3902.114345,4315.195053
11442.549,20956.3266,28685.32183,-1031.349657,3386.261316,4024.84453,1477.831064,8486.779956,7819.383957,-7.413853387,9721.808648,9725.2361,0.237306246,9693.412763,9693.207649,-0.036965225,9704.9504,9704.967242,-0.270478114,9717.372323,9717.607748,-7.397494018,9722.14657,9725.550582,1492.814469,8462.745517,7791.313383,-1024.303246,3389.637853,4021.218029
11120.2166,20202.19405,27790.3264,-876.4106943,3653.579831,4123.629108,1304.317104,8898.745234,8280.471382,-5.842994028,9917.613386,9920.523667,-0.009920787,9909.910521,9909.919602,0.035281803,9909.424619,9909.406491,0.00378953,9909.262199,9909.259393,-6.063728249,9918.407606,9921.406876,1356.570165,8816.182285,8184.07729,-1067.850584,3240.500042,3908.429444
11077.20049,19874.78769,27369.7065,-1055.463057,3220.932748,3879.998568,1360.328189,8700.70549,8067.865373,-6.524619176,9820.760534,9823.928919,0.260600195,9797.365961,9797.140442,0.027255219,9809.726053,9809.711598,-0.273139049,9822.576777,9822.814179,-6.594830705,9821.094531,9824.288029,1379.155693,8671.786978,8034.279664,-1047.145421,3227.56789,3878.653087
10816.50473,19199.51788,26586.37742,-1082.177642,3063.113396,3743.112844,1240.076308,9174.849659,8583.920753,-3.597634973,10177.84476,10179.71682,-0.027036827,10175.74871,10175.77232,0.016195978,10174.43409,10174.426,0.027401644,10173.1673,10173.14374,-3.462812415,10177.62149,10179.42783,1210.283043,9221.17555,8639.003892,-1094.938547,3053.216875,3745.150059
11051.78404,19911.94861,27380.3499,-1050.881628,3182.393988,3836.740687,1350.379563,8734.741531,8106.258515,-6.213347063,9859.562156,9862.605401,0.252775418,9837.721061,9837.502667,0.031648063,9849.669558,9849.653197,-0.261307671,9862.012893,9862.240323,-6.223734377,9859.536577,9862.587341,1348.570317,8738.867867,8111.306475,-1051.988919,3183.498685,3838.92438
10951.10704,19647.11812,27074.1174,-1064.880345,3153.795828,3821.527159,1308.983889,8804.166007,8187.414153,-5.901438859,9871.640672,9874.557624,-0.067280745,9866.052976,9866.111939,0.033775273,9862.860274,9862.842908,0.060727486,9860.00275,9859.950704,-5.896117803,9871.611603,9874.526942,1307.051376,8807.436234,8191.263293,-1065.797899,3153.432566,3822.03653
10557.34033,18693.7529,25882.60478,-1076.908663,2912.108676,3593.041771,1146.925233,9246.067422,8688.020615,-2.916903503,10173.3716,10174.90607,0.060679364,10168.07105,10168.01859,0.011240024,10170.92412,10170.91854,-0.060157023,10173.80177,10173.85403,-2.843324553,10173.26205,10174.76011,1129.399535,9274.284341,8721.486082,-1084.321232,2906.343652,3594.140794
11696.74097,21786.02626,29715.78736,-1019.209265,3521.53914,4155.740187,1542.285213,8350.054175,7662.747234,-7.398122844,9626.315689,9629.536986,0.223910601,9592.770127,9592.575018,-0.179402815,9604.220152,9604.306998,-0.287486906,9616.877833,9617.126539,-7.452320754,9626.029772,9629.292089,1531.867256,8366.347134,7681.355864,-1024.212281,3517.95046,4157.144958
11223.25982,20205.02322,27817.29991,-1049.911657,3317.839244,3972.138179,1417.726562,8613.133403,7961.950987,-7.078204195,9780.071899,9783.442428,-0.091694282,9770.647038,9770.727017,0.009286361,9766.472157,9766.46626,0.070965057,9762.966979,9762.905868,-7.121163551,9780.461502,9783.839773,1436.972444,8583.476813,7927.576059,-1041.194943,3324.311613,3970.145952
11191.67951,20445.68842,28083.92728,-1061.20591,3238.881962,3897.790977,1377.066835,8888.767178,8252.178227,-5.542193598,10027.91386,10030.69371,-0.095070122,10025.08271,10025.16557,0.032450403,10020.53979,10020.52333,0.092465473,10016.20182,10016.12215,-5.154870934,10026.89188,10029.50001,1294.853934,9015.649014,8401.689856,-882.9672392,3646.991059,4120.070043
11194.20533,20413.12668,28003.77746,-1063.756419,3254.147588,3920.904251,1362.710148,8710.741758,8075.965475,-6.640437434,9815.37533,9818.598908,0.056658982,9801.391203,9801.343151,0.026238112,9804.111673,9804.097843,-0.06923803,9807.338471,9807.399612,-6.645451019,9815.435094,9818.658755,1366.057711,8705.095283,8069.336854,-1062.132082,3254.765634,3919.957817
11404.52286,20883.90971,28644.57361,-1045.944622,3394.785669,4045.726526,1461.402475,8575.875995,7911.325048,-7.353877321,9776.81319,9780.281914,-0.012571957,9762.246793,9762.258121,0.00034066,9761.853356,9761.851787,-0.01153403,9762.198173,9762.208601,-7.30638314,9776.081487,9779.553845,1427.096175,8629.406379,7973.199283,-835.9426297,3810.120786,4245.609067
11542.22886,20976.05525,28815.85652,-1028.12527,3475.316788,4109.895338,1529.489203,8498.080786,7814.699538,-7.595322621,9774.958755,9778.471021,0.016059519,9756.640548,9756.626872,-0.027691566,9757.724114,9757.736184,-0.048417982,9759.684788,9759.727034,-7.583721702,9774.459535,9777.98561,1507.521368,8531.332556,7853.16268,-1038.207391,3467.764516,4112.333745
11526.33402,21283.70129,29112.72832,-1026.746722,3459.334178,4096.637644,1511.618515,8418.563074,7740.172556,-7.509392105,9673.507175,9676.890608,-0.001807636,9653.673136,9653.674629,-0.085240757,9654.136342,9654.176737,-0.043432906,9655.637058,9655.674668,-7.587798272,9672.585831,9676.049155,1475.036748,8475.777818,7805.790731,-814.3255638,3868.443785,4288.593995
10697.80537,19283.12931,26530.69714,-1050.465088,2985.614331,3642.982998,1235.967611,8926.994058,8338.337364,-4.631952731,9965.224268,9967.571976,0.11152228,9954.370058,9954.274209,0.025654272,9959.597459,9959.584643,-0.112230881,9964.960113,9965.058263,-4.351546814,9964.57487,9966.794749,1176.288031,9023.4584,8451.517902,-1076.302884,2966.752955,3648.280155
11146.8818,20266.3325,27821.96019,-1038.064081,3254.995661,3897.36457,1409.94696,8621.8469,7975.546823,-6.78901565,9809.500305,9812.762346,0.09968384,9792.416621,9792.331012,0.024057942,9797.189118,9797.176252,-0.113591428,9802.492273,9802.591644,-6.620099751,9808.509312,9811.719242,1355.820986,8706.10779,8073.554327,-1062.370015,3237.488863,3903.263538
10725.03021,18944.07452,26217.78002,-1064.745131,3024.116398,3691.733898,1240.001029,9026.279465,8435.391197,-4.295541559,10050.36648,10052.5645,-0.175736912,10053.9297,10054.08229,0.023620901,10045.56957,10045.55768,0.175139796,10037.31568,10037.16414,-4.31119134,10050.40083,10052.60603,1243.590172,9020.518635,8428.570162,-1063.185076,3025.096506,3691.248358
10775.77423,19119.09701,26434.85844,-1070.70117,3047.470424,3720.031787,1243.262002,9018.970293,8425.962475,-4.436958907,10034.39022,10036.65521,0.081196421,10025.52975,10025.45973,0.025152879,10029.33206,10029.3194,-0.081925065,10033.25264,10033.32401,-4.404143361,10034.32645,10036.57577,1237.083183,9028.394231,8437.034579,-1073.284952,3045.07241,3720.060611
10828.93369,19644.80547,27004.76697,-890.2627142,3445.312724,3930.025045,1185.493893,9092.92985,8517.132431,-4.136021817,10021.88534,10024.00986,0.099751922,10012.77921,10012.69338,0.023113948,10017.45487,10017.44334,-0.099905886,10022.23338,10022.32062,-4.210197803,10022.05682,10024.21496,1202.637469,9064.415687,8483.562176,-1082.833598,3020.115838,3704.805229
11124.71165,20059.8956,27597.07034,-1050.752593,3271.192334,3928.029069,1387.276845,8589.226498,7947.15855,-7.029490678,9727.85453,9731.188119,-0.013566449,9714.466673,9714.478959,0.001325402,9714.011385,9714.009415,-0.009205486,9714.260319,9714.268822,-7.062409056,9728.251097,9731.586654,1406.199273,8559.579594,7912.926533,-1042.118577,3277.559363,3926.060568
10760.65052,19038.11095,26356.75526,-1075.919336,3046.181596,3722.923892,1234.871108,9066.97477,8476.621175,-4.190795051,10068.91482,10071.0656,-0.043201982,10066.45611,10066.49383,0.022971622,10064.37012,10064.35857,0.042844958,10062.38058,10062.34372,-4.191981497,10068.91588,10071.0673,1234.965465,9066.902924,8476.544228,-1075.898722,3046.304476,3723.027021
10407.56554,18369.04108,25416.51926,-1061.804571,2850.970009,3522.870836,1125.257097,9108.942748,8557.8737,-3.469538063,10031.20884,10033.00657,-0.207761367,10037.65913,10037.83944,0.016963618,10027.79089,10027.7824,0.207838026,10017.98277,10017.80276,-3.480003859,10031.22926,10033.0319,1127.774073,9104.691388,8552.868662,-1060.710348,2851.666822,3522.556165
11019.06529,19841.45072,27316.83908,-1067.491364,3176.385129,3845.782425,1318.427214,8815.758579,8195.871676,-5.919935718,9886.933278,9889.862976,0.165822406,9870.376944,9870.23366,0.034113472,9878.20267,9878.185128,-0.17221126,9886.356643,9886.506478,-5.867274621,9886.758216,9889.665924,1306.995492,8833.531078,8216.547655,-1072.555319,3172.20466,3846.400246
10682.97861,19074.16897,26362.51484,-899.7040179,3389.81986,3882.666325,1142.459378,9282.118519,8723.202402,-3.005563444,10173.60687,10175.18652,-0.10366203,10176.01401,10176.10397,0.013098841,10171.07075,10171.06423,0.104124129,10166.16066,10166.07058,-3.279442151,10174.02896,10175.74362,1204.961986,9183.325175,8605.913039,-1070.359968,2978.241808,3650.647315
11060.89066,20006.83245,27546.13568,-1091.219764,3164.02914,3852.448543,1278.257607,9020.721323,8413.257595,-4.899302364,10029.76639,10032.25376,-0.119810831,10029.62492,10029.72912,0.029744121,10023.91014,10023.89509,0.118085478,10018.36064,10018.25865,-4.983855873,10029.97598,10032.50138,1296.255612,8992.325103,8379.824182,-1083.146358,3169.805237,3850.613923
11434.74123,20956.16327,28691.08827,-1032.064102,3395.110224,4035.493356,1477.453194,8465.543587,7797.331542,-7.420609919,9695.291478,9698.695888,0.152078786,9670.17945,9670.047951,-0.050497062,9677.755068,9677.778483,-0.188835047,9686.261496,9686.425794,-7.43510447,9695.15655,9698.574767,1471.639677,8475.156071,7808.558487,-1034.888998,3394.001973,4037.191476
10712.62756,19193.11666,26439.54803,-1064.205447,3011.74651,3682.243237,1061.208321,9185.705375,8756.732083,-5.068889743,9883.270105,9885.815488,0.248958152,9864.890242,9864.674766,0.030372498,9876.624046,9876.608623,-0.25190947,9888.566379,9888.785291,-4.892460536,9882.796316,9885.263513,1017.070719,9227.735644,8817.239175,-879.7928933,3423.597199,3902.337241
10807.17591,19299.05572,26651.92632,-1081.30135,3076.794336,3759.559803,1238.728411,8973.64571,8379.389117,-4.914448489,9961.803417,9964.287853,-0.079522743,9959.514599,9959.58392,0.030753279,9955.71448,9955.69887,0.077116959,9952.104401,9952.037921,-5.144212123,9962.390476,9964.977669,1286.546311,8898.14558,8290.878363,-1060.383076,3092.765091,3755.836001
11061.87043,19749.703,27256.37768,-1054.562191,3225.080728,3881.048218,1371.486786,8766.364818,8130.975556,-6.194645056,9904.082613,9907.129211,-0.139028673,9901.076003,9901.197038,0.034228582,9894.500441,9894.482752,0.131446776,9888.288807,9888.175328,-6.140604632,9903.885432,9906.910361,1358.7725,8785.896241,8153.829113,-1060.163527,3220.874015,3882.211193
10906.62543,19519.48607,26914.53077,-1071.644618,3108.465643,3781.835288,1274.725362,8913.573257,8308.450559,-5.239651229,9947.5899,9950.221406,0.248557355,9928.992571,9928.777477,0.031823639,9940.716242,9940.700051,-0.251865944,9952.662887,9952.881653,-5.334067327,9947.840755,9950.514181,1294.063475,8883.48739,8273.22617,-1063.242075,3115.204745,3780.635664
11316.40544,20401.78767,28078.66033,-1026.609882,3379.43682,4011.230616,1490.415616,8516.39658,7845.816038,-7.343735431,9776.180908,9779.616684,-0.088883474,9764.533695,9764.611171,-0.003997949,9760.555989,9760.55652,0.06364015,9757.332956,9757.278135,-7.272171796,9775.310374,9778.742159,1449.309891,8578.688561,7918.019842,-1045.093835,3365.421165,4015.34144
10986.1341,19758.70891,27204.85926,-1053.342495,3178.827908,3836.0198,1342.116902,8729.077726,8102.812417,-6.245535863,9840.827205,9843.882554,0.196917789,9821.482818,9821.312531,0.031895918,9830.800937,9830.784338,-0.206096125,9840.523874,9840.703114,-6.162578817,9840.47381,9843.498062,1320.640927,8762.903655,8142.209523,-1062.93989,3171.848539,3838.188427
10986.51542,19987.70192,27481.55136,-1070.85108,3162.028482,3834.001783,1306.345968,8864.239356,8248.486103,-5.60600567,9922.07004,9924.866994,0.106755697,9909.295507,9909.203414,0.03372958,9914.312458,9914.295256,-0.110790601,9919.583308,9919.679836,-5.321240691,9921.185319,9923.86154,1243.270284,8965.500378,8366.621765,-890.2619874,3568.809753,4053.463656
11223.9003,20227.48636,27856.9739,-1061.0269,3289.543194,3950.625504,1395.405736,8768.634986,8124.596579,-6.41385871,9912.166616,9915.31289,-0.111027715,9907.29669,9907.393467,0.034182432,9902.053363,9902.035629,0.102297414,9897.209722,9897.121552,-6.373685756,9912.000809,9915.131812,1385.139523,8784.493684,8143.156274,-1065.653149,3286.250231,3951.783828
11363.3295,20869.4402,28574.61304,-827.6229518,3787.046114,4218.366448,1424.384813,8521.061677,7866.004843,-7.422383686,9672.09056,9675.536485,-0.072400897,9658.605079,9658.668206,-0.042981505,9655.567086,9655.586778,0.037187402,9653.436421,9653.404452,-7.417746077,9672.296372,9675.731553,1432.999142,8507.440941,7850.415461,-1048.277331,3367.947504,4024.814505
10847.39106,19398.07252,26772.57338,-1079.024269,3083.024172,3763.047161,1248.008279,8985.282598,8388.763679,-4.810666786,9986.877696,9989.316168,-0.067491685,9984.283713,9984.342606,0.029212795,9981.048546,9981.033762,0.06575249,9977.977868,9977.921253,-4.853658755,9986.985872,9989.44357,1257.295467,8970.401105,8371.27794,-1074.898645,3085.921543,3762.069248
11171.99874,20157.98356,27750.56035,-1069.443584,3249.604916,3918.734608,1359.47796,8823.174141,8189.94522,-6.096510288,9926.057257,9929.07179,-0.108604097,9922.144931,9922.239629,0.034996397,9916.996874,9916.978862,0.101843148,9912.192335,9912.104585,-6.119085532,9926.148368,9929.17147,1365.477805,8813.654887,8178.765708,-1066.697028,3251.285208,3917.783226
11483.34679,21184.76064,29003.33961,-1040.331116,3419.067737,4063.987827,1485.116961,8567.901205,7896.962499,-7.404692917,9796.954001,9800.444103,0.000396953,9781.623855,9781.624116,0.002770159,9781.827064,9781.824352,-0.023653955,9782.757774,9782.778897,-7.319962108,9795.827322,9799.316645,1431.719619,8650.566232,7992.639361,-838.1141478,3828.263789,4265.579916
11057.37604,19937.39625,27456.70931,-1071.339199,3212.133071,3885.047228,1330.439415,8796.181162,8171.413255,-6.154253379,9867.691021,9870.722343,-0.032373445,9859.821153,9859.84975,0.034023864,9858.29083,9858.273234,0.024452013,9857.135459,9857.114779,-6.096763346,9867.456914,9870.466167,1315.998875,8819.118279,8198.097095,-1077.938372,3207.285422,3886.461608
11073.44171,20034.15518,27550.67741,-1064.22419,3236.651695,3905.850534,1347.066858,8663.279809,8032.289369,-6.805297595,9749.277661,9752.548579,-0.058166622,9739.57258,9739.623502,0.014161588,9736.953016,9736.9448,0.039670903,9734.954224,9734.920269,-6.917707023,9750.225709,9753.519755,1394.715403,8588.044717,7945.318991,-1042.448915,3252.600124,3900.897407
11612.72549,21670.78368,29523.16312,-1017.872256,3482.919172,4118.562803,1518.040053,8286.32,7606.173925,-6.990308618,9540.948679,9543.889851,-0.072838582,9519.43559,9519.498524,-0.295239852,9517.259865,9517.404449,-0.007480956,9516.361128,9516.367308,-6.686882637,9542.084624,9544.81552,1556.940652,8225.823234,7537.483377,-999.3924559,3496.899451,4114.063062
10463.69877,18433.85807,25537.87937,-1069.646412,2897.574198,3574.473037,1144.451975,9110.373131,8551.519453,-3.608080735,10038.53976,10040.40594,-0.075667647,10038.54131,10038.60712,0.018574292,10034.92389,10034.91458,0.075717927,10031.37321,10031.30778,-3.636994677,10038.59332,10040.4733,1150.715288,9100.133249,8539.476648,-1066.969974,2899.610226,3574.025906
11113.40542,20145.9629,27679.98285,-1062.30904,3228.531622,3894.326786,1351.028514,8709.788954,8078.798987,-6.569448961,9808.566985,9811.756352,-0.201388815,9806.887351,9807.062566,0.025927793,9797.43513,9797.421296,0.18802197,9788.494614,9788.332074,-6.670566228,9809.148274,9812.369292,1383.120272,8659.347141,8020.158825,-1047.784233,3238.839826,3890.697766
11688.09982,21596.43601,29518.93236,-1015.721313,3537.703098,4170.116753,1551.511975,8322.994066,7633.004814,-7.257395407,9607.658861,9610.763556,0.082746951,9579.479564,9579.40653,-0.239955788,9584.484828,9584.601596,-0.156576942,9590.758077,9590.892756,-7.022740675,9608.724238,9611.658602,1589.035087,8265.413629,7567.324473,-998.0113325,3551.086179,4165.646253
10727.64455,19125.93148,26407.698,-1074.116687,3015.846485,3693.160948,1214.483155,9016.824125,8432.545322,-4.419418315,9998.538267,10000.79217,0.157663335,9986.047563,9985.911188,0.025622135,9993.469725,9993.456802,-0.158645046,10001.01824,10001.15608,-4.419319823,9998.533708,10000.78784,1214.008614,9017.789819,8433.7037,-1074.378074,3015.93808,3693.495596
11450.1364,21047.75134,28836.52332,-1061.959641,3388.546114,4054.333498,1432.017694,8644.554348,7987.018528,-7.27860165,9797.653053,9801.120718,0.020493545,9782.526755,9782.50954,0.002021317,9783.685284,9783.68292,-0.043957312,9785.572941,9785.61162,-7.412799962,9799.235005,9802.712067,1507.572423,8529.049921,7853.099624,-1027.389651,3414.083463,4046.02305
10631.12305,18864.51117,26089.27798,-1070.794265,2978.017122,3653.028901,1197.15752,9058.129123,8480.83893,-4.055432872,10032.33852,10034.42099,0.003207304,10027.85918,10027.85675,0.021939308,10027.97012,10027.95912,-0.003408007,10028.17186,10028.17517,-3.984237853,10032.19799,10034.2468,1182.350791,9081.868589,8508.759606,-1077.160301,2973.044907,3653.99091
11381.76803,20750.65506,28431.5322,-1011.9557,3410.613345,4036.723603,1503.853233,8294.440992,7620.547927,-7.017967644,9563.264693,9566.279843,-0.073907724,9543.833175,9543.896921,-0.191200465,9541.266312,9541.359167,0.009999936,9539.881869,9539.872769,-7.104374185,9562.760856,9565.843115,1485.540754,8322.813935,7652.865971,-1020.476848,3404.043801,4038.580772
10785.69449,19004.97709,26327.48315,-1068.345603,3073.4981,3743.218121,1264.034473,8989.924999,8389.936505,-4.654296976,10027.09527,10029.46157,0.094485552,10017.15708,10017.0755,0.027262543,10021.58918,10021.57541,-0.095712034,10026.16083,10026.24411,-4.695795473,10027.18522,10029.5708,1272.414653,8976.989259,8374.691984,-1064.778787,3076.357503,3742.712863
10973.85597,19724.844,27192.77079,-1083.764943,3127.419195,3809.743257,1269.602712,9017.382685,8413.828569,-4.746345984,10032.2943,10034.70835,0.124813331,10020.83919,10020.73136,0.027992493,10026.70693,10026.69279,-0.126115645,10032.72039,10032.83005,-4.717528202,10032.23251,10034.63306,1264.100086,9025.83043,8423.743356,-1086.142855,3125.320187,3809.879129
10853.99849,19323.65172,26671.64965,-1059.910548,3085.246728,3747.925094,1283.387001,8909.037746,8303.15251,-5.097002079,9972.710716,9975.277118,-0.21843797,9976.522782,9976.7126,0.030359588,9966.150361,9966.134972,0.215974553,9955.970862,9955.784073,-5.110316485,9972.761483,9975.332805,1287.720989,8901.623983,8294.344691,-1057.884658,3085.823318,3746.583627
11227.97472,20132.25953,27737.22643,-1039.201119,3336.174578,3981.376439,1442.294243,8541.777201,7884.087321,-7.237415794,9741.755154,9745.152283,0.028452514,9725.052144,9725.027827,-0.007341261,9726.625435,9726.627624,-0.054370431,9728.96095,9729.008485,-7.225512387,9741.58056,9744.978212,1434.188362,8554.260145,7898.507541,-1042.884478,3333.388329,3982.17595
11608.89693,21533.94655,29434.03898,-821.8498298,3889.873085,4314.936484,1475.957309,8556.056088,7885.263465,-7.638829598,9744.027252,9747.589645,0.02305595,9725.989048,9725.969362,-0.03175928,9727.417602,9727.431717,-0.056404301,9729.740178,9729.789418,-7.635013986,9744.162394,9747.717188,1481.749857,8546.872005,7874.673751,-818.8476681,3892.224936,4314.088361
11863.80481,22048.34881,30069.66804,-990.1673376,3599.14412,4206.461693,1623.720785,8256.598548,7549.182956,-7.018831758,9635.200994,9638.107075,0.188425548,9600.225732,9600.061121,-0.258961982,9610.275311,9610.401517,-0.26542182,9621.620018,9621.849251,-7.133020317,9634.748971,9637.73578,1607.746749,8281.256729,7577.578346,-997.7150949,3594.319619,4209.405271
11391.12844,20882.03251,28593.95705,-1047.078331,3351.086802,4002.970226,1438.30806,8588.624873,7931.597848,-7.233567682,9773.292533,9776.716951,0.214249084,9748.572046,9748.386998,-0.000456562,9758.877085,9758.87604,-0.237666855,9769.908984,9770.115928,-7.264880995,9773.837728,9777.256566,1464.529692,8547.495759,7883.71871,-1034.973834,3358.594393,3998.620648
11045.72589,19563.88892,27067.76845,-1043.411894,3243.611712,3887.836337,1405.846298,8750.096591,8105.420108,-6.227391015,9936.716839,9939.780568,0.007143863,9926.771989,9926.766287,0.035034036,9927.099389,9927.081335,-0.013935426,9927.769002,9927.781574,-6.062035606,9936.166015,9939.161199,1368.883177,8805.759304,8170.768457,-1059.39578,3231.274607,3890.895886
11087.62377,19827.53036,27358.47278,-1061.485144,3246.704,3910.029945,1367.15638,8744.9019,8109.345679,-6.432729138,9862.654341,9865.797513,0.036956932,9850.459142,9850.427604,0.031710205,9852.230829,9852.214236,-0.047352788,9854.443464,9854.485037,-6.483220304,9862.879917,9866.041638,1380.473523,8724.284553,8085.313201,-1055.523832,3251.143833,3908.748703
11248.36158,20566.64863,28213.33702,-1053.072642,3284.064872,3938.605642,1403.836768,8715.802396,8069.827259,-6.58031131,9876.60388,9879.809691,-0.176434273,9874.035023,9874.188598,0.032004875,9865.716264,9865.699562,0.166243883,9857.836449,9857.692891,-6.409016598,9875.806079,9878.950537,1356.677706,8789.365116,8155.667909,-1074.502433,3268.895643,3944.015885
11175.03317,20434.21365,28023.17593,-853.2947677,3677.572522,4128.773881,1346.321693,8712.425502,8081.243,-6.716642034,9789.70695,9792.95848,-0.239000445,9789.284179,9789.491962,0.019425483,9778.09794,9778.087189,0.222446455,9767.49426,9767.301787,-6.974606102,9791.430669,9794.75367,1436.537013,8572.368451,7918.768659,-1030.179896,3280.914016,3915.955192
10325.68586,18050.37428,25072.09467,-1068.289686,2787.242044,3464.879508,1075.275156,9391.379924,8861.655743,-2.011276472,10269.85546,10270.93618,-0.000839057,10268.61781,10268.61866,0.0050063,10268.56315,10268.56072,0.001388261,10268.51119,10268.51011,-2.097706046,10269.95467,10271.07969,1099.893714,9352.089388,8814.791814,-1058.41449,2795.615346,3464.123717
11420.46028,21028.41517,28824.88748,-1077.033451,3359.290369,4035.917909,1400.724739,8785.263752,8137.21676,-6.679095037,9898.888374,9902.157372,-0.059203925,9890.962164,9891.014034,0.033291011,9888.185583,9888.168197,0.04863253,9885.862783,9885.821164,-6.624365018,9898.605922,9901.856415,1384.506027,8810.858392,8167.028285,-860.7031943,3784.884283,4240.117148
11559.61214,21423.94223,29247.55347,-801.5676996,3875.300491,4287.464678,1489.878406,8367.377338,7693.849844,-7.371939008,9584.326781,9587.563383,-0.090939014,9566.371589,9566.45015,-0.185495924,9562.987261,9563.077282,0.027342973,9560.799232,9560.775117,-7.264240764,9584.887976,9588.043582,1510.148604,8335.469423,7657.567591,-1022.104122,3465.489609,4102.4908
11040.77601,19940.17537,27403.59471,-1061.656495,3197.220935,3864.471278,1329.625168,8666.575248,8041.678173,-6.65632145,9743.818274,9747.026437,0.129979678,9725.759153,9725.647186,0.01801985,9731.987023,9731.977078,-0.146139705,9738.79055,9738.918143,-6.731228971,9744.305147,9747.534981,1354.616941,8627.310857,7996.43459,-1050.380741,3206.336841,3862.835133
11299.03324,20470.42708,28127.26789,-1053.159537,3308.296066,3962.796366,1416.209232,8706.424473,8056.64029,-6.716396437,9875.68992,9878.952435,0.278567949,9851.129688,9850.888697,0.029425633,9864.337263,9864.321755,-0.29055214,9878.028192,9878.280675,-6.684934154,9875.573568,9878.823231,1409.607788,8715.95963,8067.664916,-1055.986449,3305.377447,3962.595396
10639.04269,18734.87682,25958.66029,-1068.814912,2967.768588,3639.808486,1198.983595,9146.404712,8570.356836,-3.520062154,10132.95423,10134.78371,-0.031729337,10131.11401,10131.14184,0.016362464,10129.57429,10129.56615,0.032153522,10128.08569,10128.05815,-3.597089642,10133.08376,10134.95061,1216.232959,9119.411782,8538.301713,-1061.614234,2973.270881,3638.571426
11016.73775,19846.25074,27345.5331,-1080.613006,3184.685475,3865.775062,1301.00907,8868.672874,8252.822121,-5.779257094,9903.849513,9906.724301,-0.014022968,9896.348435,9896.361086,0.034736253,9895.665456,9895.647638,0.008368594,9895.289835,9895.28307,-5.830241948,9904.026279,9906.921907,1312.825554,8849.897906,8230.922976,-1075.244745,3188.624019,3864.6342
10732.42245,19220.49748,26519.78024,-1049.549482,3027.730819,3681.404292,1270.481231,8970.089773,8370.901748,-4.441798322,10044.84453,10047.11097,-0.150330205,10046.90301,10047.03358,0.023330075,10039.74587,10039.73413,0.149799114,10032.69173,10032.56215,-4.033429854,10044.02581,10046.09985,1185.712332,9103.224849,8527.936262,-1085.598788,2999.635805,3687.121324
10803.39358,19093.34251,26446.89701,-1081.922223,3047.436111,3728.063663,1229.412611,9164.834206,8577.143817,-3.655624661,10158.22648,10160.12516,-0.02616897,10155.97181,10155.99473,0.01737287,10154.69603,10154.68736,0.026486837,10153.47561,10153.4529,-3.693885628,10158.29006,10160.20741,1237.56198,9152.330957,8562.291984,-1078.49321,3050.261178,3727.673733
11063.30678,20189.05343,27703.76466,-1054.139038,3143.322738,3797.737204,1334.55226,8914.131463,8292.56077,-5.089611086,10033.46467,10036.03479,0.192238661,10018.00923,10017.84343,0.02810825,10027.06199,10027.0479,-0.193422015,10036.27254,10036.441,-4.756490431,10032.65992,10035.07976,1262.43449,9026.705341,8425.589857,-1086.690791,3121.608273,3806.580063
10570.31278,18633.18694,25787.35876,-1070.757155,2904.084365,3580.519933,1150.744085,9185.751012,8626.062673,-3.217704283,10124.23443,10125.91453,0.211188717,10111.32362,10111.14081,0.014077076,10121.30175,10121.29476,-0.210814927,10131.32176,10131.50468,-3.358918626,10124.44783,10126.198,1180.491353,9139.647459,8571.527524,-1058.685201,2915.137573,3580.313026
10782.94619,19068.73048,26388.22986,-1065.872143,3080.966756,3749.342994,1269.553152,8925.474995,8323.072816,-5.041983633,9967.103941,9969.644557,-0.104736496,9965.658766,9965.749941,0.030781189,9960.666373,9960.650743,0.102261018,9955.865996,9955.777715,-5.100927983,9967.251895,9969.818989,1281.716633,8906.501379,8300.796372,-1060.629369,3085.030605,3748.454844
11314.87368,20913.73546,28586.81914,-1064.067801,3302.652112,3971.406246,1382.734838,8634.164685,7992.148307,-7.084238642,9746.095959,9749.477973,0.310363355,9717.868638,9717.599893,0.006009191,9732.684131,9732.679904,-0.331849377,9748.184012,9748.472397,-7.098412199,9746.403421,9749.78029,1397.632476,8609.922846,7964.014506,-1055.933653,3306.636517,3967.837947
11125.06448,20024.68649,27558.41917,-1068.077062,3236.011919,3907.018375,1345.349497,8730.177207,8100.093991,-6.544729232,9814.355369,9817.539765,0.142373025,9796.659588,9796.536706,0.027026867,9803.436768,9803.422422,-0.155230933,9810.716102,9810.851341,-6.664370433,9814.984584,9818.209278,1380.05875,8676.029703,8037.31106,-1052.396848,3248.102623,3904.105395
11375.30828,21066.95338,28743.90639,-1019.472005,3374.043635,4007.194171,1473.607006,8322.13488,7656.535961,-7.092693196,9556.848459,9559.942871,-0.516167853,9559.351694,9559.799112,-0.16410669,9535.866087,9535.945499,0.456694643,9513.528467,9513.13126,-7.197133157,9556.245543,9559.421226,1307.053701,8670.740293,8148.156181,-1030.083128,3366.679059,4010.258641
10775.69008,18938.89848,26250.77771,-1061.288931,3073.148755,3736.198629,1277.668471,8975.921379,8372.394948,-4.677767736,10037.76674,10040.14394,0.111376446,10026.97101,10026.87479,0.027204729,10032.20308,10032.18934,-0.112599373,10037.57419,10037.6721,-4.756071871,10037.93621,10040.34974,1293.797064,8951.215306,8343.191648,-1054.49718,3078.410158,3735.027562
11213.22947,20349.41523,27957.04397,-1067.253601,3240.284255,3906.872368,1359.98132,8841.46621,8209.057041,-5.937057821,9950.172933,9953.121864,0.171795922,9933.54308,9933.394958,0.03439076,9941.639066,9941.621538,-0.176782998,9950.031172,9950.185231,-5.809986038,9949.799798,9952.693453,1334.335129,8880.195214,8254.2614,-1078.483119,3230.416827,3907.6903
11207.0956,20250.70606,27862.24488,-1067.939265,3261.409788,3929.121573,1368.264789,8808.797991,8172.781315,-6.191496077,9920.48919,9923.543701,0.183545834,9902.45478,9902.296166,0.034673251,9911.129007,9911.111117,-0.190966428,9920.165066,9920.331139,-6.211037675,9920.549869,9923.612798,1372.115443,8803.113077,8166.178215,-1066.275667,3263.032942,3929.15723
11200.03592,20411.66828,28036.09752,-1081.586371,3245.734453,3926.591526,1334.552231,8857.324234,8230.636337,-6.004665343,9917.383306,9920.36261,0.060070931,9905.879083,9905.827612,0.035236093,9908.700714,9908.682642,-0.066168458,9911.849059,9911.907036,-5.949363795,9917.188401,9920.14513,1321.897829,8877.225496,8253.817285,-870.62691,3672.522729,4136.639277
11233.33875,20234.99709,27857.12841,-1057.619389,3289.593424,3947.960905,1400.106889,8741.669831,8096.396014,-6.542854908,9893.764461,9896.959006,-0.037693795,9884.85323,9884.886739,0.031541346,9883.09092,9883.074475,0.027325836,9881.77803,9881.755167,-6.67332768,9894.331268,9897.574347,1433.907969,8690.487207,8036.501532,-1042.706131,3300.725205,3944.646729
11230.9704,20461.17192,28076.61802,-1063.207846,3262.674462,3927.527671,1372.435689,8744.072172,8106.828318,-6.514064776,9862.057659,9865.237574,0.179659361,9842.900417,9842.745431,0.029972147,9851.419683,9851.404003,-0.190643203,9860.401428,9860.56755,-6.626590808,9862.632809,9865.850609,1406.001804,8691.589108,8045.472337,-1048.015594,3272.766039,3922.972802
10974.03194,19893.39515,27358.59534,-1050.120239,3191.336165,3845.995102,1352.619692,8689.271626,8059.75212,-6.416747151,9811.695411,9814.81609,0.024513739,9799.782211,9799.761449,0.030818685,9800.966653,9800.950519,-0.03488422,9802.588066,9802.618824,-6.167616137,9810.497387,9813.530081,1283.264506,8800.036955,8188.23946,-870.0062889,3593.809107,4061.498991
11083.38039,20169.52675,27720.01324,-879.6109018,3601.747745,4073.409769,1277.714165,8980.732737,8372.570274,-5.197097257,9985.10228,9987.724301,-0.114985215,9984.02496,9984.125101,0.032548626,9978.54426,9978.527727,0.112049649,9973.279319,9973.182663,-5.455196526,9985.817107,9988.552022,1333.424679,8893.215133,8269.780286,-1066.703245,3186.896194,3853.013071
10881.25771,19258.24662,26640.35634,-1062.419746,3120.000235,3783.495941,1302.106739,8921.300705,8309.008754,-5.103215327,9997.802713,10000.37549,-0.069178989,9994.618558,9994.678969,0.030328975,9991.303899,9991.288538,0.067109293,9988.169401,9988.111672,-4.976693232,9997.498582,10000.01385,1276.463037,8960.868064,8355.532633,-1073.466773,3111.213644,3785.157081
11371.6126,20661.46745,28374.50229,-1029.622673,3390.23498,4025.823582,1487.193234,8507.074427,7836.834263,-7.388705737,9755.812736,9759.253744,-0.030751914,9740.877004,9740.904151,-0.013878491,9739.682869,9739.688265,0.002844152,9739.290047,9739.288052,-7.348516166,9755.040905,9758.491133,1451.951575,8560.979358,7899.187689,-1045.679689,3378.283371,4029.614739
11094.64742,19954.03824,27477.21721,-1060.468414,3224.227446,3886.72337,1356.985622,8756.20317,8124.361874,-6.301769953,9868.50459,9871.59363,-0.219970301,9868.907955,9869.0992,0.032653712,9858.524182,9858.507206,0.210874017,9848.545614,9848.36325,-6.278412268,9868.412361,9871.492275,1351.379347,8764.850273,8134.427224,-1062.958651,3222.249446,3887.124319
11283.70902,20832.68578,28503.60421,-854.7787681,3722.460777,4177.062381,1361.822906,8668.603154,8031.21383,-7.064415221,9744.974228,9748.359295,0.086083822,9727.679088,9727.605534,0.002480675,9731.904522,9731.902163,-0.107938873,9736.830973,9736.925747,-7.21496857,9746.782909,9750.177526,1447.884469,8533.785931,7875.678516,-1034.184578,3328.23579,3968.384206
11433.10504,21194.737,28941.49525,-1036.844262,3366.906907,4009.969977,1461.156151,8525.274873,7861.960297,-7.330552358,9741.190048,9744.616378,-0.273690661,9738.177457,9738.415707,-0.012485905,9725.498534,9725.503396,0.246882147,9713.605578,9713.392228,-7.31504558,9740.420583,9743.870378,1425.799506,8581.39248,7927.039171,-1053.451613,3356.605859,4015.89631
10736.19107,19314.51245,26605.28022,-1082.640561,2974.729069,3660.086364,1174.899047,9125.460725,8554.817018,-3.765097826,10061.62376,10063.56957,0.145496816,10050.97002,10050.84429,0.019246354,10057.82195,10057.81235,-0.145344933,10064.74595,10064.87232,-3.763305437,10061.60662,10063.55253,1172.744448,9129.804601,8560.014833,-1083.815337,2975.027223,3661.466294
11420.92284,20946.33335,28718.28195,-1018.27341,3425.389326,4049.942603,1524.619723,8464.214918,7784.2001,-7.486683816,9757.998614,9761.455968,0.072726297,9737.211035,9737.148356,-0.017952358,9740.920844,9740.928212,-0.101988414,9745.45583,9745.544707,-7.402517485,9755.95262,9759.446446,1432.602419,8604.96161,7946.831254,-833.88958,3819.378227,4253.994831
11193.38076,20364.42496,27981.8096,-855.5664221,3702.689258,4154.915925,1355.049015,8745.253346,8111.209597,-6.642130444,9824.62896,9827.862666,0.088973206,9809.329536,9809.25289,0.027409032,9813.589494,9813.574912,-0.102222042,9818.362136,9818.451308,-6.7398358,9825.199856,9828.463983,1386.171608,8696.163721,8054.262969,-1060.249761,3284.747739,3947.661798
11124.31612,19929.44615,27463.97743,-1056.985004,3240.391784,3899.267825,1372.796534,8740.602703,8103.975168,-6.396362251,9872.066677,9875.193642,0.120022711,9856.048304,9855.944887,0.031929001,9861.73743,9861.7208,-0.129782433,9867.853845,9867.967043,-6.44840842,9872.261874,9875.409742,1384.47762,8723.10777,8083.634306,-1051.917373,3244.867647,3898.882182
11377.01646,20787.74727,28517.38992,-1035.789541,3386.227458,4027.596864,1474.66464,8534.258874,7867.021453,-7.36176421,9763.164986,9766.613212,0.072357596,9743.94716,9743.884772,-0.006068702,9747.591028,9747.592581,-0.098249794,9752.001688,9752.087289,-7.305984826,9762.219902,9765.675865,1430.877011,8602.008791,7945.356192,-1055.992949,3371.469914,4032.552156
11287.02564,20632.63948,28267.11897,-1050.043918,3295.056027,3949.331332,1406.19662,8629.129403,7982.376845,-6.970329705,9787.501762,9790.840826,-0.200433719,9783.96226,9784.137345,0.01706737,9774.589858,9774.580466,0.183935365,9765.813958,9765.655641,-6.865868214,9786.855299,9790.162542,1373.266938,8679.524722,8040.478895,-1064.864817,3282.338895,3950.836021
11177.00896,20281.24425,27864.06059,-1054.34556,3289.644137,3949.864243,1390.264131,8596.05374,7952.491203,-7.080898386,9728.979038,9732.339576,-0.109594551,9720.088833,9720.184329,0.003372354,9715.096831,9715.093835,0.087138413,9710.804221,9710.729033,-7.063650044,9728.749214,9732.109594,1379.371214,8613.347093,7972.419154,-1059.417515,3285.939598,3951.034935
11241.50758,20364.04631,28001.12531,-1062.124672,3304.426255,3969.090445,1393.000765,8694.032834,8049.544672,-6.832002408,9824.426588,9827.728472,-0.075708101,9815.987829,9816.054015,0.024473077,9812.486365,9812.473168,0.060892591,9809.534474,9809.482194,-6.840003993,9824.484905,9827.788756,1396.126097,8689.068688,8043.764847,-1060.670012,3305.362437,3968.623915
11018.12818,19931.41344,27421.78018,-1077.242297,3182.462372,3861.710248,1302.145789,8814.548402,8197.898409,-6.067355469,9852.352048,9855.344742,-0.022215677,9844.228821,9844.248655,0.03308684,9843.183736,9843.166585,0.013751745,9842.527956,9842.516599,-6.25745796,9853.141637,9856.206581,1350.454054,8738.152563,8108.990153,-1055.425478,3198.487623,3856.990362
11288.35433,20775.04927,28451.86283,-847.061778,3745.215932,4193.852771,1380.038388,8621.449727,7978.522312,-7.236459368,9716.498365,9719.933553,0.106344011,9697.051478,9696.959565,-0.009217229,9702.308556,9702.311681,-0.132863374,9708.339154,9708.454779,-7.278624101,9717.679843,9721.090337,1433.598081,8536.287816,7880.505674,-1043.555589,3340.555614,3990.856098
10808.67471,19313.60621,26656.92666,-1066.296225,3062.319836,3730.800664,1259.557137,8975.74405,8377.395984,-4.674962961,10010.89708,10013.2717,-0.130971643,10011.56515,10011.67901,0.027006247,10005.3247,10005.31106,0.129763518,9999.223171,9999.111024,-4.5512448,10010.61489,10012.93283,1233.530226,9016.981658,8425.934695,-1077.624361,3053.968097,3733.090274
11577.6954,21348.31435,29206.34613,-1033.7006,3474.957963,4119.836032,1504.86494,8437.122251,7759.548437,-7.582614825,9671.538694,9674.964111,0.042223935,9649.624797,9649.588038,-0.090776741,9652.187013,9652.230131,-0.08881263,9655.804985,9655.881927,-7.638602832,9670.974285,9674.452918,1482.731903,8471.928272,7799.394102,-813.4211583,3888.014549,4308.330989
11324.74895,20609.02974,28260.86854,-1036.036943,3351.526292,3996.006137,1448.179866,8475.466535,7815.73758,-7.330395698,9677.508068,9680.883754,-0.156754268,9667.519215,9667.655726,-0.04707907,9660.511387,9660.533147,0.121119163,9654.414266,9654.309653,-7.338292676,9677.688091,9681.061213,1455.716282,8464.293537,7803.017299,-1032.687697,3354.816124,3996.045256
11135.2651,20165.02172,27714.59348,-1056.543312,3261.380595,3923.073483,1373.921078,8631.331875,7992.954375,-6.910093079,9751.417097,9754.722844,-0.085259648,9742.420352,9742.494838,0.013391562,9738.524889,9738.517061,0.066446602,9735.25909,9735.201967,-6.908148567,9751.379649,9754.685941,1372.029704,8634.463728,7996.602423,-1057.448649,3260.928301,3923.493855
11495.48294,21309.30295,29114.69396,-820.0620634,3842.7516,4268.608091,1456.038231,8485.354291,7820.588112,-7.552707618,9661.994807,9665.450587,-0.040370663,9645.182584,9645.217779,-0.091430654,9643.842879,9643.886405,-0.005602186,9643.546741,9643.551758,-7.39256587,9664.010894,9667.29826,1535.97019,8361.552675,7678.56474,-1010.842944,3449.523612,4070.929852
11315.52677,20723.07396,28417.04468,-844.0872143,3756.268944,4198.798621,1393.566825,8667.696955,8021.702372,-7.068615025,9785.021368,9788.410002,0.013821306,9771.184838,9771.173413,0.010451591,9771.985553,9771.97912,-0.034165802,9773.452569,9773.482764,-7.193867851,9786.237367,9789.645287,1453.393321,8574.627468,7913.915073,-1039.172189,3349.069383,3992.75108
11319.63112,20547.951,28232.18536,-1056.370579,3340.09813,3999.708775,1419.917093,8651.007202,7998.459829,-7.054592267,9809.20771,9812.588189,-0.112982862,9801.390171,9801.488677,0.016833096,9796.171286,9796.161748,0.094814892,9791.575164,9791.493451,-7.063693354,9809.261538,9812.644918,1422.622186,8646.960496,7993.800059,-1055.163659,3341.213425,3999.661351
10888.17336,19532.48848,26943.41879,-1070.951534,3096.972926,3768.204473,1274.494806,8995.537711,8391.953906,-4.667518623,10037.06538,10039.44016,0.038173423,10029.81556,10029.78288,0.026624224,10031.58009,10031.56667,-0.039107947,10033.47582,10033.51012,-4.505625132,10036.70533,10039.00545,1240.682612,9048.765868,8454.682862,-1085.734838,3085.953202,3771.081295
10941.47399,19745.04363,27195.98777,-1071.857566,3144.79189,3817.953582,1294.772723,8878.926709,8266.81932,-5.501879666,9926.550459,9929.30021,-0.092054464,9923.428166,9923.508407,0.033461454,9919.043056,9919.025988,0.088155022,9914.905213,9914.829208,-5.343669834,9926.073297,9928.755394,1260.129181,8934.223488,8331.408227,-877.9474872,3563.041421,4035.44814
11687.87533,21461.53333,29376.78842,-1016.006489,3530.419374,4159.267675,1558.51246,8372.363262,7680.955029,-7.500686087,9672.383912,9675.688292,-0.221780706,9660.738853,9660.930769,-0.142071807,9651.041982,9651.110345,0.16486956,9642.504089,9642.360518,-7.4934278,9672.445525,9675.743498,1560.831494,8368.861486,7676.948066,-1014.929625,3531.278919,4159.048618
11343.85749,20334.85912,27992.74072,-1036.720228,3373.940369,4017.720625,1462.392187,8505.009654,7840.983678,-7.369868709,9720.170116,9723.587031,0.103694422,9698.43811,9698.348532,-0.034961575,9703.673516,9703.689246,-0.13691247,9709.788909,9709.908078,-7.396628838,9721.077124,9724.47235,1502.022715,8445.228975,7772.030808,-1018.922571,3388.03269,4014.304604
10522.9533,18863.51283,26012.59433,-1067.409954,2908.053354,3583.37972,1152.971113,9046.194712,8483.865292,-3.942457523,9981.112508,9983.136931,0.167178399,9969.002596,9968.857879,0.021219262,9976.877427,9976.866764,-0.167504897,9984.841187,9984.986659,-3.749005546,9980.721528,9982.654959,937.5199988,9384.559843,9006.806794,-892.5132817,3317.815456,3810.378914
10668.91971,18924.58648,26169.06822,-1073.781681,2978.316474,3655.342236,1194.022791,9105.874711,8530.044009,-3.810558698,10075.34168,10077.30955,-0.099652178,10076.20976,10076.2964,0.019480247,10071.45228,10071.44253,0.099702497,10066.76676,10066.68062,-3.798533972,10075.325,10077.28673,1192.182067,9108.443462,8533.04245,-1074.471115,2977.282974,3654.955911
11108.13143,20047.38869,27604.14875,-1077.745771,3209.16466,3885.85321,1324.446799,8893.937855,8271.423528,-5.695291477,9958.814319,9961.656061,-0.089805916,9955.199341,9955.277705,0.034861973,9950.925511,9950.907664,0.084691261,9946.943196,9946.870295,-6.050607167,9959.910815,9962.903374,1402.297019,8775.241472,8131.96405,-1043.727913,3234.791547,3878.892445
11162.60496,20271.7237,27845.16547,-1062.412209,3246.352448,3911.261432,1362.983686,8727.261061,8092.665442,-6.518268346,9837.230162,9840.405457,-0.180328544,9834.929447,9835.086416,0.029792797,9826.444564,9826.428909,0.168960561,9818.426137,9818.280186,-6.503126404,9837.127276,9840.298686,1357.045614,8736.975164,8104.033347,-1065.209692,3244.888381,3912.482211
10981.70761,19697.70392,27148.61308,-1057.117588,3165.382657,3824.459593,1333.802206,8816.764555,8193.688781,-5.781713199,9922.203909,9925.073465,0.198250318,9904.503581,9904.332143,0.033918501,9913.856167,9913.838793,-0.203409311,9923.496883,9923.673696,-5.67472632,9921.864977,9924.689538,1309.94322,8853.939443,8237.23252,-1067.617837,3157.615844,3826.680812
11334.44139,20682.75331,28362.71851,-1047.651548,3338.958563,3991.522503,1430.727508,8590.31982,7935.489196,-7.186028286,9767.788038,9771.195928,0.064745386,9750.415925,9750.360731,0.005908323,9753.627674,9753.623583,-0.085911182,9757.527063,9757.602556,-7.127700699,9767.196628,9770.596281,1402.270549,8634.467988,7986.44096,-1060.738302,3328.849189,3994.058559
11401.05147,20658.58595,28365.07154,-1032.070319,3404.706364,4046.587716,1477.618081,8437.087735,7768.423841,-7.418995461,9662.267261,9665.632164,-0.09345445,9647.580091,9647.661273,-0.084070002,9643.709489,9643.749361,0.049087073,9640.859622,9640.817109,-7.381925158,9662.940063,9666.257825,1504.63317,8395.715433,7720.953177,-1019.657346,3414.289617,4043.929821
10316.63335,17994.13176,24996.26082,-1060.553448,2815.342912,3486.187779,1106.337378,9236.144086,8694.040133,-2.706915382,10149.9139,10151.34138,0.053855007,10145.17255,10145.126,0.009823282,10147.70346,10147.6986,-0.053327915,10150.25371,10150.30005,-2.63057141,10149.80775,10151.19701,1088.273333,9265.351739,8728.574122,-1067.947818,2809.037859,3486.720805
11555.99546,21422.10352,29234.56012,-1010.7844,3459.652063,4083.674126,1532.565362,8318.979164,7636.574944,-7.213062124,9611.413212,9614.542688,-0.392510852,9607.299331,9607.639361,-0.163627786,9589.631933,9589.711031,0.332432137,9573.133361,9572.844185,-7.342193816,9610.628672,9613.860298,1503.327159,8364.573211,7688.828798,-1024.54803,3450.068905,4087.804155
10800.72909,19174.36056,26501.60757,-1065.200029,3090.40573,3758.86752,1273.602617,8876.354788,8271.942572,-5.360582922,9919.002324,9921.682831,0.046383567,9909.551255,9909.511502,0.032999912,9911.714759,9911.697917,-0.050391636,9914.127788,9914.171947,-5.520823814,9919.464281,9922.21415,1307.927723,8822.689803,8209.091554,-1050.328528,3101.707637,3756.080561
11130.33262,20029.86221,27578.17474,-1057.791979,3228.819089,3887.405208,1368.614151,8789.672962,8155.23542,-6.097686779,9919.704656,9922.715452,0.20823857,9900.709295,9900.529303,0.034453844,9910.540827,9910.52313,-0.214548626,9920.700938,9920.887502,-5.889749565,9919.007138,9921.931678,1322.350166,8860.979919,8238.535881,-1078.320375,3212.693188,3890.8469
11470.05964,21118.20026,28933.13329,-842.4463337,3822.503958,4262.766598,1424.519196,8688.727851,8032.942002,-7.188427563,9825.242068,9828.694924,0.068141489,9808.789432,9808.730828,0.014464463,9812.14346,9812.135029,-0.087713925,9816.153114,9816.229665,-7.28504224,9826.149215,9829.618169,1469.56198,8618.819541,7951.857708,-1048.117177,3408.961452,4060.341426
11197.97839,20146.87509,27755.16046,-1053.306535,3285.574121,3939.592252,1406.727874,8736.956585,8090.23209,-6.493267518,9902.304134,9905.478417,0.101016948,9887.021988,9886.934927,0.033457624,9891.810786,9891.793379,-0.110344786,9897.014789,9897.11098,-6.402136135,9901.927021,9905.066632,1383.6699,8772.291392,8131.560257,-1063.591803,3278.002164,3941.930358
10933.50216,19815.09744,27265.59194,-882.7422196,3539.662614,4016.120296,1242.125899,8992.685324,8396.447623,-4.928381719,9966.763765,9969.259404,-0.014833747,9961.49739,9961.510739,0.030247521,9960.752318,9960.737022,0.012919135,9960.184505,9960.173794,-4.874741945,9966.623893,9969.09565,1230.822562,9010.982835,8417.838487,-888.4572791,3534.988682,4017.170857
11370.188,20742.34714,28453.94337,-1033.097307,3404.79518,4048.502722,1473.237631,8425.974425,7758.348941,-7.417137608,9642.786752,9646.140234,-0.036169763,9625.105558,9625.136808,-0.086709205,9623.95156,9623.992693,-0.009028206,9623.825914,9623.833609,-7.449937626,9642.4086,9645.795191,1458.246146,8449.592539,7785.395713,-1040.19301,3399.671712,4050.332289
11283.16504,20482.77187,28147.8327,-1067.2736,3315.57788,3985.212993,1389.378154,8705.288559,8061.111314,-6.870756317,9823.041882,9826.363052,-0.066905631,9814.119438,9814.178102,0.022430157,9811.043483,9811.031291,0.051255215,9808.538464,9808.494652,-6.967975553,9823.678562,9827.027289,1422.827072,8653.376814,8000.886209,-1051.955804,3327.01049,3981.873153
10620.19012,18929.23512,26140.47655,-1045.747424,2973.452353,3625.835511,1240.791291,8981.280854,8392.696184,-4.236925517,10036.26205,10038.42975,-0.199726761,10041.00943,10041.18281,0.021642253,10031.51683,10031.50596,0.19934529,10022.11616,10021.9436,-3.870054825,10035.55546,10037.54897,1164.655628,9101.525834,8534.390621,-1077.750078,2947.940344,3630.267687
11290.22787,20492.22482,28157.14183,-1038.573535,3347.111797,3990.352497,1453.091126,8569.877397,7909.378468,-7.201521566,9782.12505,9785.532911,0.119755573,9761.951968,9761.84858,0.008435638,9767.764354,9767.758883,-0.140830377,9774.255425,9774.378064,-7.094758412,9781.101651,9784.492364,1403.067532,8647.1672,7998.840526,-1061.435744,3329.9712,3995.387659
10938.79931,19920.6483,27384.46545,-901.9486582,3502.079072,3995.545577,1196.883291,9140.746649,8559.711796,-4.121927976,10058.37725,10060.49934,-0.033528935,10055.69983,10055.72935,0.023892411,10054.06534,10054.05336,0.033218088,10052.53539,10052.50706,-4.427981796,10059.02276,10061.28758,1261.274397,9037.918381,8438.564018,-1076.887742,3091.580986,3768.007021
11075.05147,19893.45682,27408.88255,-1067.471533,3187.326527,3854.317036,1331.898181,8889.705554,8266.646048,-5.533525338,9979.990775,9982.76024,-0.092272535,9976.907829,9976.988541,0.033261419,9972.502303,9972.485422,0.088809369,9968.339097,9968.262842,-5.598299688,9980.187373,9982.984231,1346.927397,8866.16157,8238.877156,-1060.797543,3191.614481,3852.234384
11376.66439,20723.10053,28452.79443,-1051.781845,3376.957781,4033.399517,1442.622548,8600.430547,7940.981535,-7.284098488,9778.063289,9781.515322,0.030078974,9762.046519,9762.020894,0.004047475,9763.648225,9763.644868,-0.052898814,9765.964416,9766.010763,-7.255191633,9777.687411,9781.138808,1424.779884,8628.290788,7973.175478,-1060.108387,3370.87526,4035.393245
11074.10863,20190.36689,27724.67356,-873.9048409,3604.398454,4072.53551,1285.54602,8900.215976,8288.995117,-5.63966462,9913.665283,9916.481182,0.133183679,9899.640661,9899.525713,0.034344993,9905.91422,9905.896653,-0.138232404,9912.476675,9912.597054,-5.770902402,9914.116703,9916.986185,1316.543294,8850.555827,8230.969523,-1072.084037,3183.987581,3856.877049
11268.47282,20495.12334,28126.06617,-1040.899114,3296.647294,3940.317129,1430.117252,8645.662033,7992.877302,-6.843573645,9845.368379,9848.665831,-0.370722813,9850.617827,9850.939831,0.025147384,9833.168817,9833.155354,0.356739948,9816.2478,9815.938951,-6.748253453,9844.831266,9848.098526,1400.237318,8691.623605,8046.539298,-1054.271847,3287.256356,3943.890606
10996.00529,19982.67469,27465.00551,-873.1934839,3600.244821,4071.409449,1280.686959,8800.405623,8188.878401,-6.212300197,9800.868722,9803.923114,-0.062355441,9794.186328,9794.240958,0.030919398,9791.266783,9791.250614,0.051991909,9788.786046,9788.74149,-6.36117278,9801.627858,9804.733087,1323.970186,8730.271335,8107.704649,-1065.07094,3190.101764,3859.123169
10761.63282,19421.38645,26736.05815,-1062.117622,3000.983813,3666.676504,1230.359033,9051.8298,8465.217134,-4.027800241,10072.03483,10074.10744,-0.009129243,10068.24851,10068.25725,0.019343163,10067.76319,10067.75365,0.009690617,10067.3517,10067.34414,-3.729804091,10071.47756,10073.40797,1167.245904,9152.125045,8583.566392,-890.1165236,3410.583587,3895.54881
10726.74628,19176.2468,26469.0744,-1069.409131,3009.538419,3681.911384,1221.494374,9051.13103,8466.129874,-4.136878616,10050.27242,10052.3959,-0.027576163,10047.14129,10047.16577,0.021667987,10045.79072,10045.77992,0.027613256,10044.52971,10044.50635,-3.981692577,10049.97097,10052.02081,1189.53619,9101.772615,8525.769244,-1083.115906,2998.609511,3683.783529
11402.37087,20861.32165,28587.21048,-1049.703866,3346.565478,3998.710965,1438.488396,8652.779849,7995.75203,-7.016395378,9840.092692,9843.462853,0.099790024,9822.528305,9822.443179,0.02028321,9827.317111,9827.306178,-0.115214865,9832.686863,9832.788185,-7.016275817,9840.014521,9843.388294,1434.229898,8660.116503,8004.461915,-1051.818493,3346.248183,4000.478247
11014.54894,19833.27506,27312.48057,-1072.064974,3168.990547,3842.07904,1308.046274,8859.882707,8243.223123,-5.690593049,9917.127873,9919.961725,0.11230408,9903.848534,9903.751683,0.034135251,9909.132625,9909.115176,-0.117111178,9914.69712,9914.799182,-5.616789527,9916.901251,9919.703567,1292.32555,8884.490943,8271.918584,-1079.062657,3163.386561,3843.089376
11352.43455,20847.20101,28519.02838,-1018.730837,3360.063808,3987.411924,1484.580167,8420.821507,7752.981435,-7.321200461,9681.759767,9685.098321,0.388014359,9645.268625,9644.932065,-0.048922642,9663.967974,9663.990575,-0.424406071,9683.585065,9683.953469,-7.335383913,9680.722274,9684.110767,1440.255189,8489.444844,7832.147342,-1038.996097,3345.641069,3992.88576
11385.02371,20704.13117,28449.73515,-1065.999418,3367.371402,4035.257533,1419.325243,8701.25915,8047.851162,-7.020223769,9843.488404,9846.875274,0.036077235,9829.265511,9829.234779,0.021809085,9831.06375,9831.051802,-0.052541987,9833.452488,9833.498602,-7.094574558,9844.005717,9847.412392,1446.239796,8659.704587,7999.585609,-1053.599033,3376.50135,4032.369014
11382.10334,20972.47198,28699.54306,-1059.231856,3351.365165,4015.885967,1413.894765,8608.973521,7957.372644,-7.254684089,9749.147861,9752.590074,0.188199418,9725.810753,9725.647953,0.001148905,9734.887541,9734.885629,-0.211729806,9744.690212,9744.874343,-7.234046378,9748.878482,9752.320093,1401.384653,8628.573751,7979.892501,-841.5211971,3771.867709,4213.686763
10990.47163,19889.06216,27324.38484,-1061.181045,3150.610331,3815.935229,1310.432829,8760.320121,8143.503722,-6.093916205,9831.253284,9834.248024,-0.198874353,9831.179479,9831.352828,0.031939519,9821.782177,9821.765715,0.190950442,9812.763609,9812.598849,-6.002257195,9830.93206,9833.888917,1290.898934,8790.492149,8178.376213,-1069.730464,3142.799654,3816.208907
10737.78161,19041.7597,26345.51158,-1072.519908,3052.931668,3727.697445,1241.194517,8987.294681,8394.06111,-4.653938323,9994.836251,9997.200403,0.037282173,9987.577721,9987.545724,0.027599234,9989.30156,9989.287607,-0.038610862,9991.169527,9991.203321,-4.601135339,9994.714894,9997.054849,1230.289585,9004.628812,8414.414818,-1077.27831,3049.298538,3728.525251
11058.08407,19947.87445,27425.14936,-1048.885663,3237.245398,3893.888869,1216.631443,8865.433257,8376.138734,-7.011209613,9679.985021,9683.289585,0.199699255,9656.017628,9655.844665,-0.010041057,9665.671832,9665.675404,-0.225644933,9676.078727,9676.274875,-7.038318078,9680.442476,9683.743481,1242.442404,8840.284997,8340.772508,-1039.306591,3244.516112,3891.942147
10694.30005,19062.02466,26331.50707,-1081.783354,2981.772261,3665.946806,1181.684584,9127.296527,8554.592303,-3.762807827,10071.961,10073.90621,-0.118338022,10073.81116,10073.91396,0.019411029,10068.16919,10068.15947,0.118366779,10062.59859,10062.49623,-3.774143419,10071.97801,10073.92891,1183.563251,9124.540529,8551.368755,-1081.043022,2982.707919,3666.190842
11047.68006,20112.19304,27632.74296,-1094.126535,3109.94762,3800.950221,1243.69788,9118.206379,8523.580223,-4.203393807,10098.47733,10100.64031,-0.26739848,10106.74419,10106.97619,0.022637047,10094.03428,10094.02292,0.266990564,10081.42278,10081.19171,-4.324480973,10098.73303,10100.95222,1270.616295,9075.381265,8472.853199,-1082.137149,3117.915798,3797.663984
10926.15662,19688.7524,27100.16951,-1071.875548,3090.340085,3763.375035,1266.257557,8967.581688,8366.016098,-4.852452082,9997.921937,10000.3795,-0.225098466,10002.68668,10002.88226,0.028474165,9991.991305,9991.97693,0.223438995,9981.458186,9981.264953,-4.831268752,9997.84985,10000.29912,1259.808686,8978.637504,8379.129129,-1074.926766,3089.333878,3765.241321
10354.13145,18083.75017,25130.27784,-1071.607166,2839.527622,3518.907562,1104.563084,9270.179997,8727.413807,-2.683244415,10165.91042,10167.32693,-0.007509503,10164.13032,10164.13694,0.01025128,10163.75168,10163.7466,0.008025702,10163.39366,10163.38681,-2.819670675,10166.10282,10167.58742,1137.277912,9217.75599,8665.266395,-1058.178788,2850.592416,3517.526933
10857.91717,19621.85197,27009.92396,-1083.946247,3058.703784,3743.536755,1224.746339,9031.723982,8442.838684,-4.502065405,10005.8216,10008.11762,-0.103755599,10005.61753,10005.70786,0.026246903,10000.66286,10000.64963,0.102831358,9995.83768,9995.748929,-4.434252023,10005.65948,10007.92485,1209.794716,9056.200469,8471.600829,-886.6000245,3484.805403,3965.421796
11113.35689,20227.83596,27767.521,-1036.338991,3253.012058,3894.742014,1408.454416,8589.885499,7944.36858,-6.881877614,9775.464791,9778.753254,-0.255301316,9774.502728,9774.724791,0.020065638,9762.540647,9762.529648,0.239425804,9751.147133,9750.940034,-6.630717296,9773.82397,9777.040936,1322.678566,8724.312393,8099.89282,-859.7278708,3648.617297,4106.96997
11461.07172,21034.14031,28828.73915,-1066.594194,3369.865852,4036.800876,1423.945271,8739.936824,8085.73574,-6.856322744,9889.153447,9892.486394,-0.315068072,9892.457971,9892.731648,0.028333729,9877.617908,9877.602873,0.301826202,9863.294778,9863.033614,-6.940610581,9889.592602,9892.954064,1448.342274,8702.797846,8042.46494,-1055.503393,3378.309777,4034.496699
10778.31668,19331.82209,26643.12283,-1076.924356,2997.437923,3676.569977,1201.1497,9110.42472,8532.093718,-3.857555045,10080.99395,10082.98615,0.222370947,10066.5573,10066.36489,0.01939627,10077.05363,10077.04394,-0.222358783,10087.62476,10087.81779,-3.861010644,10081.01656,10083.00929,1203.99306,9104.85411,8525.415927,-1075.424002,2997.125506,3674.867391
11170.07192,20151.37287,27704.85272,-1044.160571,3274.645866,3924.057885,1404.459608,8596.202362,7950.295863,-6.980900111,9763.735412,9767.058364,0.10240894,9745.321947,9745.233896,0.009821545,9750.295271,9750.289242,-0.122078724,9755.919293,9756.025981,-6.991557333,9763.886248,9767.208616,1412.077631,8583.971558,7936.021092,-1040.635978,3276.574854,3922.560153
11108.57119,20147.75235,27719.64945,-881.5296312,3631.457777,4105.693188,1287.303916,8949.096958,8336.631831,-5.507214358,9951.309898,9954.072987,-0.097245753,9948.668305,9948.753085,0.034437999,9944.036829,9944.019255,0.093014417,9939.667895,9939.587738,-5.719443115,9951.967992,9954.821144,1334.184803,8875.054832,8250.03537,-1073.977038,3215.945405,3889.154157
11377.11453,20861.59794,28585.53935,-1027.041864,3390.156578,4024.476384,1487.71735,8471.883468,7801.658367,-7.405021147,9721.620579,9725.037893,-0.035591314,9706.023097,9706.054365,-0.027475802,9704.65734,9704.6694,0.004138003,9704.146546,9704.143349,-7.384150577,9720.320818,9723.77922,1430.637633,8560.355646,7903.666612,-1053.43058,3370.801833,4030.928816
11276.8434,20440.63039,28089.98951,-1056.048757,3329.934412,3990.861484,1410.473772,8612.998114,7962.929484,-7.155151716,9759.776637,9763.177499,0.056538181,9743.021275,9742.972689,0.004390286,9745.867522,9745.864017,-0.07892318,9749.416107,9749.485027,-7.174589264,9759.998679,9763.401251,1421.069202,8596.480093,7943.863423,-1051.159147,3333.62193,3989.822
11012.67221,19961.70994,27435.44145,-1075.451594,3146.772796,3823.548537,1288.707097,8877.640691,8266.860202,-5.60539921,9913.568359,9916.363767,0.216971036,9895.542852,9895.355249,0.033676054,9905.779582,9905.762351,-0.222110336,9916.30551,9916.498616,-5.821844373,9914.27588,9917.161226,1338.236221,8799.692571,8175.593607,-1053.465091,3162.490511,3818.38532
11131.42377,20320.40483,27860.82066,-1064.313421,3216.222877,3884.192885,1339.932706,8718.493826,8091.080789,-6.503672825,9803.638812,9806.804551,-0.200288633,9802.23925,9802.413833,0.027967363,9792.81551,9792.800829,0.188672889,9783.868366,9783.705571,-6.442625752,9803.377659,9806.519952,1325.543822,8740.580276,8116.495775,-1070.702049,3210.235665,3884.264399
10546.15831,18812.65529,25975.05103,-1080.226996,2880.64799,3566.613455,1116.36819,9227.846416,8679.139558,-3.026097108,10116.79067,10118.37706,-0.068291221,10117.42774,10117.48727,0.012840455,10114.15899,10114.15265,0.068929294,10110.92356,10110.86416,-3.081489123,10116.88393,10118.49706,1129.908328,9205.286369,8652.476898,-1074.344269,2884.64292,3565.178388
11228.18735,20517.07498,28135.41719,-1039.117349,3295.116547,3938.685635,1427.148896,8596.09583,7943.92442,-6.990025391,9791.513221,9794.847582,-0.232953091,9789.132973,9789.335532,0.017561727,9778.24179,9778.231936,0.215558761,9767.952614,9767.766145,-6.84744615,9790.453676,9793.753055,1372.476933,8681.283099,8042.768526,-1063.972802,3277.134431,3944.699573
11181.27919,20445.79056,28033.33696,-1073.492506,3217.214841,3891.32786,1331.569007,8827.810814,8203.201293,-6.030101052,9898.725413,9901.710217,0.073315061,9886.397746,9886.335559,0.033418672,9889.833402,9889.816427,-0.079147962,9893.605963,9893.675972,-6.003285522,9898.656927,9901.629396,1327.262741,8833.93819,8210.232298,-1075.278442,3214.915339,3890.713159
11231.53408,20355.05726,28002.59513,-1050.766311,3307.991988,3959.890038,1421.468478,8706.448488,8055.198309,-6.671346433,9884.725888,9887.970683,-0.082961382,9877.45199,9877.524443,0.032096409,9873.556891,9873.540091,0.072312659,9870.11231,9870.050131,-6.478061145,9883.841911,9887.01651,1369.67184,8786.294011,8148.335951,-1074.163324,3290.658531,3965.078138
11415.74135,21130.77788,28860.0941,-1025.427492,3372.19348,4004.980351,1481.80476,8466.767076,7798.774945,-7.365367374,9715.920198,9719.319563,0.116798298,9693.252885,9693.152906,-0.028755203,9699.057383,9699.070368,-0.14708246,9705.708022,9705.836981,-7.354598068,9714.753866,9718.195035,1430.175647,8547.326106,7891.894506,-1049.298719,3355.813104,4011.978621
11595.71217,21016.19871,28869.21765,-1023.403602,3501.60294,4135.122308,1539.635599,8427.066925,7740.579687,-7.587941838,9709.142412,9712.559247,0.042600719,9686.915632,9686.878516,-0.095452571,9689.515078,9689.560442,-0.090298849,9693.184968,9693.263151,-7.535402853,9709.970622,9713.325555,1572.555197,8377.680297,7683.726034,-1008.349625,3513.256736,4131.687829
11466.53051,21182.2323,28944.83461,-1006.728247,3453.870806,4077.070958,1527.142754,8252.115035,7571.42864,-6.820286384,9538.765527,9541.611783,-0.078222611,9517.659888,9517.726535,-0.250264456,9515.107833,9515.229797,0.003680085,9513.802162,9513.797701,-7.119999661,9537.553873,9540.611712,1484.766732,8318.98086,7647.441015,-797.9163756,3854.516413,4264.499085
11202.52354,20431.75779,28057.31614,-1080.952319,3249.868786,3930.555177,1336.839486,8838.104831,8210.319561,-6.150040949,9900.131669,9903.170996,0.111300526,9885.699764,9885.603801,0.034442924,9890.9615,9890.943694,-0.11923657,9896.600598,9896.704517,-6.319830182,9900.8162,9903.920828,1379.615229,8771.070114,8132.047158,-1061.480088,3263.807903,3925.891813
11344.43352,20967.48253,28658.96968,-837.2983214,3754.749323,4194.770655,1397.378379,8565.835407,7918.435011,-7.323187631,9686.207212,9689.646975,0.096560565,9666.088439,9666.005335,-0.02227103,9670.926991,9670.936624,-0.126103703,9676.592268,9676.702374,-7.331107206,9686.402385,9689.838906,1405.805754,8552.705223,7903.471532,-832.9738688,3758.808166,4194.349026
11098.64246,20089.05951,27632.4401,-1074.628585,3211.107348,3886.500687,1326.032509,8827.269007,8203.76523,-6.042681561,9892.392827,9895.379708,-0.00179897,9883.489662,9883.491977,0.033963709,9883.396729,9883.379246,-0.005495052,9883.666489,9883.672007,-6.226123156,9893.08411,9896.143664,1370.04332,8758.76015,8123.773917,-1054.948621,3225.747321,3882.354786
11267.26236,20291.3306,27915.63017,-1032.753837,3342.563259,3981.338893,1457.773603,8522.72247,7861.347141,-7.262372687,9746.190118,9749.589835,0.032705427,9729.011428,9728.983691,-0.008198196,9730.781271,9730.783955,-0.058502082,9733.315087,9733.366474,-7.226338057,9745.712403,9749.111592,1435.556583,8556.611054,7900.504421,-1042.759689,3334.783887,3983.317958
10873.11026,19208.87128,26569.55202,-1045.926394,3155.868266,3806.23741,1343.702967,8725.158663,8099.579549,-6.150602273,9853.505573,9856.518327,0.022623799,9842.64457,9842.625527,0.032577741,9843.719101,9843.702209,-0.030987472,9845.17779,9845.205241,-6.120692289,9853.389243,9856.390333,1336.378447,8736.530723,8112.862167,-1049.122331,3153.510798,3806.936634
10970.33469,19835.11902,27275.95563,-1069.243402,3136.842694,3808.505168,1292.476878,8845.054751,8233.564841,-5.670948694,9892.919257,9895.739375,-0.251885442,9896.798218,9897.017101,0.033473324,9884.869076,9884.851934,0.246616912,9873.230894,9873.017507,-5.643700555,9892.815833,9895.625377,1285.309193,8856.792459,8247.314298,-1072.54062,3134.900802,3809.681247
11479.78821,21098.55254,28880.36394,-1050.775872,3379.602482,4033.20463,1451.36716,8640.112037,7979.071613,-7.17210578,9831.552955,9834.985163,-0.207892399,9827.884604,9828.065912,0.016464919,9818.169463,9818.160253,0.190183056,9809.078661,9808.91476,-7.117960553,9831.270222,9834.683508,1437.142245,8660.811377,8002.862812,-1057.026662,3373.2376,4032.871013
11178.71241,20020.782,27575.67489,-1042.334275,3283.965166,3930.716145,1415.570107,8609.078168,7959.975982,-6.950722806,9791.223892,9794.542292,-0.101051915,9782.743587,9782.832065,0.014608613,9778.088436,9778.080085,0.082998328,9774.053853,9773.982688,-6.990299906,9791.454933,9794.785932,1427.384978,8591.506999,7939.654782,-1037.19265,3288.526944,3930.298402
11003.93912,20010.99299,27493.73406,-1069.510964,3137.943749,3808.258024,1297.554548,8906.736534,8294.5454,-5.290766753,9964.021183,9966.678362,-0.116182345,9962.617487,9962.718817,0.031633985,9957.077923,9957.061903,0.113552724,9951.746148,9951.648318,-5.111924656,9963.51871,9966.098147,1258.128429,8969.718355,8368.431373,-878.0218238,3557.007432,4028.55439
11222.70427,20432.17376,28054.91724,-1043.440318,3290.82098,3936.967756,1422.351246,8655.923996,8005.076292,-6.789667555,9845.239206,9848.516638,0.132482647,9826.972527,9826.858221,0.027799041,9833.284499,9833.269751,-0.145331621,9840.100251,9840.226863,-6.608233982,9844.270191,9847.487623,1368.119332,8739.904193,8102.896848,-1067.90367,3273.067337,3942.796979
10842.45103,19294.09423,26669.35601,-1078.376435,3100.679243,3779.877986,1259.505158,8963.191193,8362.623174,-4.979491863,9974.811563,9977.327369,0.01470513,9967.948159,9967.935798,0.030647253,9968.604407,9968.588863,-0.016938628,9969.445323,9969.460394,-5.033679885,9974.949104,9977.489187,1270.789474,8945.359399,8341.710632,-1073.405257,3104.452666,3778.973142
11257.02488,20536.31264,28178.14631,-1037.034213,3328.532515,3971.300862,1443.449602,8545.137392,7887.654859,-7.19954825,9750.846759,9754.236371,-0.009195491,9736.309555,9736.318136,0.001251062,9736.060663,9736.058734,-0.013827453,9736.526269,9736.538871,-7.115886874,9749.800945,9753.187083,1393.711354,8622.664542,7977.249044,-1059.866963,3311.747757,3976.638005
10608.41706,18648.35637,25852.87186,-1067.910508,2979.220731,3651.144617,1204.801881,9070.832297,8491.619322,-3.974297541,10059.27952,10061.32413,-0.042127461,10057.10027,10057.13704,0.021327351,10055.06713,10055.05642,0.041939795,10053.11898,10053.08289,-4.036645998,10059.39869,10061.47291,1218.009268,9049.978692,8466.994681,-1062.324735,2983.519676,3650.214218
11157.21353,20224.04825,27802.45804,-1068.357613,3249.43257,3919.678405,1354.769475,8753.593815,8120.971084,-6.462828517,9847.226444,9850.384614,0.006212832,9836.444412,9836.439833,0.030625164,9836.761558,9836.74557,-0.016811648,9837.531781,9837.54717,-6.508146772,9847.442684,9850.616965,1367.227068,8734.090935,8098.299544,-1062.69626,3253.653896,3918.486916
11156.28546,20307.19165,27903.6767,-863.4218452,3676.283724,4135.524432,1332.298961,8795.95076,8168.866722,-6.375347645,9850.054865,9853.184035,0.026021153,9838.803474,9838.781434,0.031760403,9840.058839,9840.042225,-0.036514753,9841.759186,9841.791376,-6.528189445,9850.799711,9853.982445,1375.376075,8727.83349,8089.676706,-1060.786043,3261.835564,3924.672287
10731.63629,19137.54068,26427.62377,-1066.932356,2989.509655,3658.989723,1217.200419,9129.702253,8547.799442,-3.606773255,10134.9935,10136.86607,0.227751021,10120.72679,10120.5296,0.0160767,10131.49026,10131.48224,-0.227536408,10142.30618,10142.50353,-3.477232263,10134.77493,10136.58464,1188.396717,9174.963213,8601.50003,-1079.088918,2980.172858,3661.010551
11033.79957,19743.16162,27225.04466,-1057.859194,3215.195135,3876.124542,1354.37291,8725.612018,8094.486128,-6.415195649,9838.619613,9841.747425,-0.079965664,9831.811881,9831.881768,0.0300717,9828.067354,9828.051552,0.068875987,9824.779661,9824.720464,-6.506321716,9839.043777,9842.20431,1379.096751,8687.261634,8049.803318,-1046.871668,3223.319829,3873.704069
11039.95397,19919.49793,27398.87306,-1088.373687,3128.06931,3815.592585,1259.111527,8990.613604,8389.009244,-4.996023182,9985.507104,9988.034119,0.234519819,9968.29114,9968.088495,0.030390049,9979.344292,9979.328952,-0.236734256,9990.589957,9990.795823,-5.244448244,9986.111632,9988.751667,1307.919592,8915.328958,8300.82359,-1067.134989,3146.055395,3813.553166
10552.2615,18920.85694,26124.28949,-1068.963361,2889.35388,3563.698823,1146.495844,9265.439458,8709.297974,-2.673309059,10206.3182,10207.73263,0.071409074,10200.84576,10200.78398,0.008488142,10204.21449,10204.2103,-0.070864168,10207.5968,10207.6583,-2.35286761,10205.88105,10207.13481,1066.451759,9395.300452,8863.38729,-914.4719907,3290.28078,3800.449945
10785.50073,19160.26394,26479.83813,-1077.666728,3048.448291,3727.813831,1229.801888,9017.79251,8427.903377,-4.527545311,10007.91201,10010.21833,0.12792587,9996.647685,9996.53713,0.026775999,10002.66174,10002.64822,-0.129080759,10008.81232,10008.92455,-4.621171716,10008.11594,10010.46577,1248.554107,8988.384552,8393.360504,-1069.593195,3055.001551,3726.791676
11398.88351,20512.55678,28228.98805,-1024.835285,3416.60485,4048.407364,1505.861385,8470.297833,7794.714377,-7.458851619,9737.900825,9741.334462,-0.065754771,9723.340162,9723.39745,-0.036005217,9720.591196,9720.607374,0.031828774,9718.734999,9718.707634,-7.456946129,9737.744263,9741.183219,1499.017238,8480.696947,7806.752807,-1027.939856,3414.35159,4049.22828
11179.7355,20177.42559,27762.58905,-1041.278485,3294.571005,3939.930258,1423.871158,8611.386258,7960.037968,-6.956890043,9801.502285,9804.829316,0.044737541,9786.287746,9786.249634,0.019341726,9788.496131,9788.485456,-0.061258623,9791.291915,9791.345741,-6.838565209,9800.722351,9804.016037,1383.19543,8674.098015,8032.788038,-1059.591196,3280.651991,3943.694564
11197.1844,20196.69566,27819.81774,-1074.855256,3266.746403,3940.273967,1360.698259,8849.637549,8215.455087,-6.049930443,9945.35687,9948.355833,0.089257189,9932.327178,9932.25029,0.035477116,9936.534775,9936.516528,-0.09569725,9941.075938,9941.159383,-6.151016702,9945.709033,9948.749241,1384.083652,8813.620077,8173.257406,-1064.370935,3274.498829,3937.984708
11309.85969,20462.77154,28124.01833,-1039.12622,3366.757381,4013.553801,1452.289996,8499.956706,7838.597877,-7.367039159,9700.722212,9704.134355,-0.050214439,9686.163551,9686.207358,-0.03494141,9684.141587,9684.157282,0.016879266,9682.998342,9682.983934,-7.367944246,9700.749719,9704.161278,1453.470319,8498.166269,7836.547397,-1038.590573,3367.219914,4013.495065
11243.41515,20491.13125,28125.35477,-1065.652064,3277.390316,3944.669227,1375.151278,8739.531198,8100.753492,-6.576622958,9853.595346,9856.801544,-0.230303662,9853.61406,9853.814304,0.030192293,9842.766464,9842.750597,0.218852947,9832.388126,9832.198875,-6.57210695,9853.551948,9856.757614,1372.624221,8743.783519,8105.758733,-1066.880943,3276.94365,3945.408205
10896.0593,19590.61824,26973.49283,-1071.110219,3120.640438,3795.83504,1275.163309,8802.655841,8195.501457,-5.908714489,9827.724161,9830.640031,-0.072575455,9822.265717,9822.329579,0.032055813,9818.833129,9818.816626,0.064939534,9815.772049,9815.716633,-6.091622333,9828.432827,9831.420558,1319.04228,8733.203515,8114.85307,-1051.604266,3135.779266,3792.501311
11075.95773,20036.43495,27550.57812,-1069.761837,3185.885429,3856.622509,1321.763668,8840.959996,8220.079292,-5.838889573,9913.110673,9916.00938,-0.187849195,9913.600998,9913.764468,0.034139633,9904.6981,9904.680609,0.182145084,9896.105558,9895.948229,-5.875693545,9913.260149,9916.172642,1332.007553,8824.306352,8200.500197,-1065.038436,3188.444788,3854.681247
11862.64649,22452.43542,30518.23137,-788.5149805,3994.575154,4399.919884,1548.726146,8347.626048,7656.431329,-7.432338725,9603.415937,9606.604558,-0.078072889,9582.275949,9582.342375,-0.281348485,9579.84181,9579.979116,-0.002631957,9578.717956,9578.718914,-6.856616228,9605.523744,9608.314677,1621.098282,8235.16082,7528.381598,-989.71229,3606.522821,4215.686692
11175.44618,20527.64834,28137.1504,-1068.563322,3234.323417,3903.946347,1348.928367,8790.911897,8160.726042,-6.199417261,9882.708253,9885.761165,-0.105747236,9878.227936,9878.320269,0.034319813,9873.22104,9873.203354,0.098320215,9868.579092,9868.494479,-6.032925119,9882.018153,9885.007917,1305.844187,8859.759292,8240.965968,-874.3257936,3649.60709,4118.483107
11680.02292,21376.67593,29289.88178,-1016.160095,3531.805399,4159.841906,1561.785746,8387.294125,7694.995225,-7.554065766,9692.096211,9695.446922,-0.131526382,9676.724997,9676.838747,-0.123440726,9671.215788,9671.274947,0.078121769,9666.83581,9666.767669,-7.539613699,9692.215504,9695.553476,1566.391236,8380.228733,7686.851996,-1014.004436,3533.293303,4159.157435
10438.43802,18560.39326,25631.78927,-1058.031962,2834.991755,3503.381556,1123.214904,9164.84419,8616.184506,-3.084033054,10095.46112,10097.07321,-0.222712849,10103.26214,10103.45536,0.012520375,10092.68333,10092.67711,0.223096425,10082.13949,10081.94628,-2.976421237,10095.28561,10096.84538,1097.536184,9207.394718,8666.391123,-1068.899278,2827.04243,3505.472328
10884.26484,19431.81529,26798.0675,-1060.164412,3092.187446,3754.921851,1287.055078,8906.37342,8299.355031,-5.119867091,9972.086942,9974.664747,0.182214107,9956.915386,9956.75803,0.030107458,9965.493097,9965.477884,-0.184413459,9974.26007,9974.420558,-5.015981846,9971.853471,9974.382983,1267.948398,8935.126647,8332.988086,-1068.152624,3084.54561,3754.824858
11299.1431,20394.72868,28025.32812,-1021.014424,3379.207321,4011.648438,1480.479214,8369.208446,7701.373017,-7.244562735,9613.502134,9616.726304,0.03976756,9591.266975,9591.232209,-0.112410865,9593.78289,9593.836715,-0.089695887,9597.368179,9597.445784,-7.27089421,9613.209206,9616.45942,1469.102267,8386.774412,7721.462293,-1026.25318,3375.151943,4012.744389
11373.1141,20687.97931,28405.52229,-1043.755735,3364.021283,4010.896633,1456.474229,8615.763003,7953.637346,-7.148263811,9824.907849,9828.317714,-0.185071976,9819.94118,9820.102193,0.016022056,9811.320988,9811.311834,0.166513151,9803.332455,9803.188568,-7.100122658,9824.516038,9827.91557,1436.445622,8646.615365,7989.549458,-1052.888723,3357.624983,4013.405836
11080.8718,20069.13974,27627.8894,-883.225384,3622.689702,4098.308637,1280.909877,8967.780284,8357.592281,-5.367780508,9963.896728,9966.597668,-0.045907558,9959.18621,9959.226445,0.03376672,9956.978649,9956.961455,0.04240884,9955.007613,9954.97129,-5.50325585,9964.298954,9967.058106,1310.571456,8920.59495,8302.379037,-1082.815658,3200.992701,3882.410331
10993.31397,20051.81859,27524.81305,-1065.305733,3127.941782,3794.818125,1298.468778,8889.096074,8277.044888,-5.324119153,9953.610621,9956.280846,-0.141328136,9953.27244,9953.395634,0.031542176,9946.543148,9946.527184,0.138640818,9940.025091,9939.905565,-5.090964884,9952.948739,9955.517923,1246.921602,8971.606867,8373.785685,-881.3184129,3542.314519,4017.412442
11275.28181,20466.82072,28089.11183,-1022.315528,3380.057046,4016.848043,1328.462506,8633.70398,8102.735884,-7.051984749,9540.216579,9543.273956,-0.033950552,9519.501957,9519.530566,-0.188916203,9518.819798,9518.911421,-0.02994903,9519.313525,9519.33866,-7.0809017,9540.066792,9543.145913,1321.739666,8640.437967,8112.054451,-1024.89128,3378.185344,4017.507694
11834.95236,21882.12496,29878.03034,-992.817836,3592.419021,4203.212481,1613.548985,8253.277224,7548.364617,-6.945999603,9618.23451,9621.094266,0.190904473,9582.855817,9582.688709,-0.283741478,9593.107561,9593.246004,-0.271907495,9604.668019,9604.902566,-6.95278497,9618.253638,9621.116659,1614.109723,8252.891028,7548.060856,-992.6465458,3593.262229,4203.918469
10901.27491,19593.97993,26991.30407,-1072.208163,3115.351852,3790.127685,1274.52129,8869.700845,8263.876346,-5.504925376,9897.843923,9900.591258,-0.171428192,9898.38142,9898.530517,0.033336862,9890.249601,9890.232566,0.166949997,9882.383099,9882.238775,-5.464236363,9897.723117,9900.452879,1266.022483,8883.120935,8279.497454,-1075.969587,3112.280468,3790.596986
10939.27405,19749.47042,27193.93447,-1087.936897,3101.522125,3788.781126,1244.720198,9025.458404,8429.461763,-4.684010439,10010.18113,10012.56485,-0.150450863,10011.86946,10012.00022,0.027845585,10004.70549,10004.69143,0.149121598,9997.687689,9997.558772,-4.661184011,10010.13288,10012.50585,1240.507873,9031.955593,8437.057988,-1089.754438,3099.821173,3788.781378
11246.84328,20501.35864,28115.69387,-1049.765508,3302.175559,3957.961453,1404.883634,8578.156185,7930.808443,-7.136534302,9730.328752,9733.704005,-0.150703227,9722.957544,9723.088941,-0.001208189,9716.03941,9716.038716,0.127181004,9709.843589,9709.733899,-7.120063962,9730.20811,9733.578902,1399.30417,8586.465545,7940.283798,-1052.230911,3299.64902,3957.798158
10929.56603,19730.81261,27152.49104,-1069.155464,3142.15514,3814.75597,1292.277795,8800.023103,8187.850106,-5.929763044,9843.289177,9846.216987,0.146790073,9827.471344,9827.344509,0.033501765,9834.402694,9834.385405,-0.153983713,9841.683744,9841.817768,-5.875597725,9843.076516,9845.983243,1278.871168,8821.623077,8212.948975,-1075.253731,3137.717053,3816.073718
11283.44991,20413.59293,28061.24304,-1041.960393,3326.697793,3971.990458,1440.982498,8617.486051,7960.552046,-7.02987374,9820.06641,9823.427028,-0.120071845,9812.455443,9812.560237,0.01844358,9806.887782,9806.877511,0.10289342,9801.923153,9801.834579,-6.983111218,9819.716362,9823.065764,1422.692455,8645.755666,7993.497597,-1050.24279,3321.021249,3974.374286
11385.98988,20660.01275,28383.75441,-1034.049017,3401.235207,4041.959948,1481.860432,8505.113674,7835.601757,-7.42906424,9738.928434,9742.376685,-0.017983516,9722.948147,9722.964072,-0.024304792,9722.404237,9722.414706,-0.012899793,9722.707832,9722.719347,-7.418152665,9738.508332,9741.967579,1463.249731,8533.732913,7868.64124,-1042.609434,3394.895406,4044.016356
10736.00409,19057.24134,26377.20317,-1088.693897,3021.78721,3710.219437,1197.769578,9159.71951,8581.270329,-3.721118969,10110.5488,10112.47684,-0.014170162,10107.58854,10107.60104,0.01913832,10106.88097,10106.87138,0.014284099,10106.24047,10106.22832,-3.849268504,10110.78,10112.76961,1225.129173,9116.572913,8530.2273,-1076.930468,3030.907435,3708.353349
11514.36269,21419.60283,29231.72235,-822.3818743,3832.572964,4258.605101,1451.168904,8520.28164,7857.511586,-7.526358148,9694.832735,9698.319614,-0.148366334,9684.478305,9684.607613,-0.049436488,9677.874164,9677.897094,0.111784889,9672.20362,9672.107212,-7.494167893,9695.446425,9698.890574,1476.915233,8479.30504,7810.292201,-1037.674588,3417.451287,4063.767846
11558.58657,21478.37527,29320.02554,-1042.096697,3439.009798,4090.650146,1476.854749,8480.92566,7810.952302,-7.563435544,9685.099381,9688.565284,-0.230594014,9677.493765,9677.693961,-0.064800823,9667.083315,9667.11369,0.189877186,9657.658707,9657.494076,-7.577664588,9685.009638,9688.487234,1473.115959,8487.230766,7818.298931,-1043.980143,3438.324202,4091.835534
10938.46596,19451.02317,26857.64304,-1066.55903,3157.133867,3826.635294,1307.189652,8797.807085,8181.14602,-5.977745791,9860.235099,9863.183535,0.079752745,9847.432539,9847.363976,0.033224409,9851.198508,9851.181345,-0.087397593,9855.330293,9855.406688,-6.124842465,9860.779729,9863.786982,1341.620162,8744.142756,8118.638409,-1051.370879,3168.939401,3823.987362
10629.82786,18978.9955,26207.46015,-886.2926532,3390.568547,3873.865872,1162.044268,9090.103342,8522.505262,-4.0158835,10008.80086,10010.86392,-0.054498562,10007.12908,10007.17662,0.023565526,10004.50918,10004.49732,0.053956852,10001.99431,10001.94783,-4.332464823,10009.45451,10011.66583,1227.755733,8984.636875,8398.590206,-1055.846985,2984.464504,3646.040749
11500.22477,21096.81266,28923.5292,-1056.359621,3428.426446,4090.026916,1458.045414,8602.247542,7937.005809,-7.463293108,9779.176666,9782.699607,-0.002599586,9763.915938,9763.918581,-0.009024191,9764.036698,9764.039677,-0.024531297,9764.951107,9764.972772,-7.493426122,9779.859439,9783.371254,1489.158533,8554.086407,7881.345928,-1041.803914,3438.991516,4086.343482
11338.31178,20596.04468,28274.61253,-1041.944006,3358.653947,4006.702092,1447.841185,8542.950824,7883.071469,-7.311568144,9740.384613,9743.810008,-0.108362481,9729.77708,9729.871595,-0.014568836,9724.920654,9724.926417,0.080514738,9720.862522,9720.793184,-7.321499473,9740.678302,9744.097077,1461.270824,8522.018532,7858.818919,-1035.756223,3362.836536,4004.825765
11071.17766,19854.28876,27367.50258,-1042.91166,3254.678342,3901.791831,1400.41783,8634.781601,7990.721719,-6.775329928,9806.147781,9809.406083,0.020003461,9792.910666,9792.893872,0.023986492,9793.927951,9793.91502,-0.034492986,9795.483642,9795.514116,-6.66035415,9805.48614,9808.708208,1364.601508,8690.27148,8055.162561,-1058.949685,3242.601581,3905.147448
11351.64517,20607.13067,28286.30369,-1032.282162,3380.564859,4021.635884,1468.466683,8456.35322,7790.873932,-7.386336457,9678.397632,9681.777029,0.096435376,9655.706412,9655.622853,-0.059152238,9660.696872,9660.724458,-0.135418132,9666.641489,9666.759116,-7.375440139,9678.6552,9682.018131,1479.234178,8439.556404,7771.499306,-1027.294116,3383.973828,4020.132773
11130.72153,20117.47893,27664.31081,-1052.676561,3282.302176,3942.105954,1386.008142,8562.634901,7920.180546,-7.137960837,9691.985653,9695.346742,0.005050504,9676.836017,9676.83196,-0.012182801,9677.322991,9677.327577,-0.032010411,9678.584378,9678.612479,-7.150037421,9692.303522,9695.658362,1400.414725,8539.761016,7893.859023,-1045.982794,3287.143528,3940.492783
11362.28652,20740.18772,28435.86127,-1046.349657,3351.707417,4003.173194,1439.198745,8578.247278,7920.717366,-7.254526084,9764.63495,9768.057853,-0.237166298,9760.860029,9761.066227,-0.007753001,9749.894163,9749.896578,0.211135706,9739.696548,9739.513878,-7.351655555,9765.972128,9769.393814,1502.050123,8482.773922,7809.93637,-1018.146712,3372.428893,3996.192337
11243.80427,20186.32443,27817.28805,-1042.296753,3339.805447,3986.179848,1444.307783,8595.212992,7936.92808,-7.136428614,9796.492814,9799.884766,0.014519789,9781.80071,9781.788588,0.011724055,9782.629873,9782.622789,-0.0345278,9784.116734,9784.147152,-7.093130365,9796.129541,9799.512475,1426.183861,8623.008846,7969.169263,-1050.497489,3333.658205,3988.005242
11832.53773,21945.78578,29970.00492,-1007.355903,3596.336689,4221.910349,1589.786151,8311.306726,7610.920791,-7.271541039,9632.294337,9635.375916,-0.12925876,9613.249713,9613.360602,-0.248801511,9608.297154,9608.418266,0.053474273,9604.635316,9604.587631,-7.172557818,9632.717414,9635.728151,1604.592098,8288.599476,7584.997952,-1000.311851,3601.584271,4220.004198
11054.32879,19604.6143,27115.4716,-1059.973575,3237.385415,3897.853608,1369.818207,8792.502789,8156.998859,-6.144296609,9920.706167,9923.735641,0.004550417,9911.166836,9911.163387,0.034808082,9911.375285,9911.357322,-0.011774498,9911.938704,9911.949409,-6.188435178,9920.861879,9923.909288,1379.990678,8776.981338,8138.818784,-1055.504516,3240.781952,3896.959375
11295.10959,20646.97151,28348.05069,-1061.92955,3330.160255,3993.856714,1408.573738,8704.642437,8055.495405,-6.839868644,9847.991823,9851.304803,-0.00955714,9836.609781,9836.618592,0.028268157,9836.213366,9836.198348,-0.00369676,9836.33303,9836.336759,-6.722117597,9847.287384,9850.564423,1370.199855,8765.05376,8125.657061,-858.1657595,3746.219051,4200.54369
11181.349,20414.23594,27987.02993,-1063.077394,3229.47755,3894.998776,1352.917986,8744.977078,8114.223389,-6.401548674,9846.262079,9849.393509,-0.389021052,9854.326419,9854.664325,0.030676648,9835.966667,9835.950673,0.37895953,9818.037452,9817.709342,-6.318647294,9845.930061,9849.029024,1333.499462,8774.855769,8148.820255,-1071.728699,3221.998089,3895.748746
11373.95645,20686.15096,28389.22363,-1038.280142,3374.6787,4019.0994,1462.562432,8530.034184,7866.056017,-7.352348193,9744.488232,9747.923752,-0.064142458,9731.483993,9731.540313,-0.015696008,9728.715382,9728.72174,0.036126352,9726.751275,9726.720612,-7.350452133,9744.371024,9747.81038,1457.206819,8538.47524,7875.857861,-1040.776683,3373.138126,4020.00984
10950.88609,19789.95304,27222.79482,-1075.359183,3129.237529,3806.764689,1276.858481,8867.759622,8260.613342,-5.594377953,9891.766112,9894.554191,-0.248607242,9895.737026,9895.953043,0.033459785,9883.962127,9883.944996,0.243471389,9872.473334,9872.262648,-5.642826772,9891.926473,9894.734644,1287.909784,8850.089212,8240.002276,-1070.387802,3132.868859,3805.705401
11254.90718,20560.51993,28192.92816,-1053.590055,3320.519909,3981.474913,1403.085617,8549.865134,7901.629655,-7.274682433,9688.436551,9691.841568,-0.052078895,9675.092846,9675.138544,-0.03047103,9672.957382,9672.970976,0.02044094,9671.674814,9671.657581,-7.294109432,9689.814129,9693.174272,1463.260665,8456.042061,7793.665412,-1025.889777,3341.118163,3975.123148
11315.88544,20521.06862,28199.0403,-1051.337612,3331.322475,3984.862335,1428.549795,8667.612658,8013.480296,-6.923441478,9845.964528,9849.300106,0.131787219,9827.307085,9827.193403,0.024237011,9833.609631,9833.596559,-0.146720298,9840.466717,9840.594547,-6.901703275,9845.80603,9849.13633,1419.955054,8681.132631,8029.287702,-1055.300356,3328.901939,3986.293733
10893.76282,19371.02604,26772.72469,-1070.472398,3127.100239,3798.375591,1290.026331,8922.333045,8312.547578,-5.210999484,9973.264466,9975.88528,0.071419003,9963.160897,9963.099384,0.031950264,9966.503146,9966.486903,-0.074258475,9970.053524,9970.118298,-5.253920747,9973.379289,9976.019043,1299.180305,8908.001421,8295.707911,-1066.458877,3130.048412,3797.525141
11263.03031,20506.73752,28167.76166,-1070.002246,3297.726436,3968.930658,1378.345354,8749.360687,8108.929034,-6.62554424,9857.54589,9860.776913,-0.04118545,9848.569645,9848.605981,0.03053841,9846.657982,9846.641942,0.029658196,9845.221417,9845.196321,-6.619418868,9857.506865,9860.736173,1376.125561,8752.943706,8113.114036,-1071.051275,3297.113753,3969.325859
11174.56165,20534.9287,28128.95331,-862.6270763,3662.127546,4122.128447,1326.579137,8749.539482,8123.975595,-6.574650921,9799.381413,9802.583683,0.204332183,9778.765312,9778.588603,0.024350523,9788.486936,9788.473845,-0.218630029,9798.742386,9798.932539,-6.819158949,9800.89009,9804.164983,1407.864785,8621.488242,7975.412847,-1040.799228,3262.519537,3907.678006
10788.28023,19387.53004,26728.13809,-1069.750141,3020.740226,3692.262424,1230.838142,9085.272737,8497.621985,-3.939578939,10095.26869,10097.30036,-0.079902739,10095.0111,10095.08071,0.019414271,10091.18486,10091.17517,0.080076225,10087.42948,10087.36044,-3.72820145,10094.87445,10096.80534,1184.988083,9158.208245,8583.866535,-1089.547018,3006.023756,3696.029296
11166.98717,20474.00374,28071.62085,-1090.00677,3186.395613,3874.0768,1292.164675,8964.217003,8351.937254,-5.291793685,9983.900153,9986.567094,-0.038222378,9979.018233,9979.052631,0.031483304,9977.152057,9977.136286,0.036168201,9975.496751,9975.466667,-5.328096368,9984.012367,9986.694533,1300.902623,8950.072248,8335.286346,-1084.926543,3188.680209,3871.834758
11322.87682,20642.21917,28356.21523,-1058.046598,3336.138389,3994.730841,1422.946042,8725.254621,8072.548025,-6.726121151,9890.797685,9894.07138,0.10649307,9874.522001,9874.430194,0.031924307,9879.586671,9879.569936,-0.117562182,9885.114353,9885.216805,-6.588004105,9890.133241,9893.358122,1384.577797,8784.578348,8141.715889,-1075.582319,3323.297861,3998.780355
11178.61601,20326.8962,27925.19905,-1072.127365,3255.594306,3929.393266,1351.129978,8762.818837,8130.887146,-6.459636796,9845.946937,9849.107195,-0.136524628,9842.003736,9842.122654,0.031759222,9835.577046,9835.560443,0.126074221,9829.59436,9829.485551,-6.415776785,9845.737031,9848.881685,1339.073448,8781.8969,8153.019872,-860.1403714,3680.415149,4136.46252
11024.33498,19839.93683,27322.47694,-1044.511402,3224.014991,3873.114792,1380.483095,8649.165404,8011.279275,-6.643471667,9802.630419,9805.836507,0.040609478,9788.948449,9788.91374,0.026463744,9790.924018,9790.909913,-0.053730092,9793.404327,9793.451446,-6.49407265,9801.816526,9804.973748,1335.469639,8719.707491,8093.174174,-1064.752032,3209.019754,3877.503966
10875.37697,19512.00723,26898.19104,-1053.779726,3130.599034,3788.199029,1316.349464,8789.932744,8172.662892,-5.797692209,9884.092439,9886.962052,-0.004543696,9875.787898,9875.792416,0.033737793,9875.552291,9875.535009,-0.000857174,9875.615184,9875.616503,-5.591474769,9883.412692,9886.196569,1269.963246,8863.218306,8258.169193,-1074.300135,3115.145584,3792.167707
10755.38,18984.8523,26282.09894,-1064.043042,3053.05538,3719.555158,1258.580413,8982.756378,8385.141328,-4.607847994,10022.22298,10024.56631,0.026401359,10015.57746,10015.55502,0.026599465,10016.78376,10016.77036,-0.027393076,10018.12392,10018.1481,-4.604120384,10022.21238,10024.55414,1257.553488,8984.479595,8387.186938,-1064.511937,3052.866587,3719.80769
11277.11347,20743.59374,28424.28791,-863.3485222,3711.900406,4171.17325,1347.664457,8789.06518,8156.70921,-6.540709974,9850.153319,9853.355925,-0.035875193,9841.371955,9841.403781,0.030026718,9839.710472,9839.694707,0.024261442,9838.527949,9838.50763,-6.709739243,9851.065081,9854.323276,1398.877908,8708.253922,8062.775794,-1059.007588,3300.268606,3961.139399
11389.76796,20568.86365,28273.2203,-1031.689499,3397.075522,4035.851213,1483.052207,8489.205234,7819.618625,-7.422086847,9727.718641,9731.148661,0.174019839,9702.266587,9702.115822,-0.034682574,9710.826339,9710.841879,-0.207527278,9720.270489,9720.450732,-7.42739164,9727.881452,9731.307895,1490.135914,8478.560755,7807.358731,-1028.501039,3399.682325,4035.323281
10912.29871,19527.73144,26941.90287,-1060.621262,3134.955664,3797.377595,1311.265318,8866.918054,8251.131737,-5.442619547,9950.369556,9953.091511,0.099565534,9938.295889,9938.209995,0.032792759,9942.972153,9942.955449,-0.103037006,9947.879799,9947.969554,-5.297805457,9949.96231,9952.621163,1280.210573,8915.58775,8308.208371,-1074.262477,3124.80639,3800.141681
11356.49336,21036.30281,28754.2983,-847.980607,3740.332604,4185.888845,1381.565035,8699.151651,8057.203898,-6.905110036,9803.780166,9807.116261,-0.043347231,9793.659499,9793.698508,0.021374421,9791.678308,9791.666876,0.028495863,9790.2653,9790.241999,-6.891914134,9803.651077,9806.985351,1374.828426,8710.076271,8069.916496,-852.4616041,3738.039646,4187.873565
11088.95522,19674.76246,27186.50916,-1047.251223,3264.158682,3914.655053,1399.827281,8664.316954,8019.898057,-6.727486012,9829.864249,9833.111757,-0.05670761,9820.631941,9820.681641,0.025567157,9818.019645,9818.005934,0.042741157,9815.934304,9815.897755,-6.752622362,9829.993509,9833.249592,1406.965092,8653.470252,8007.27688,-1044.107763,3266.623563,3914.08209
11194.99382,20222.96582,27829.78516,-1065.094019,3283.274139,3950.434642,1378.00444,8722.339364,8082.406799,-6.678192666,9838.27925,9841.52292,0.020105318,9825.991788,9825.974964,0.027471948,9826.995248,9826.980655,-0.03319121,9828.509328,9828.538725,-6.74970756,9838.668553,9841.935679,1399.485741,8688.982603,8043.638187,-1055.340005,3290.544812,3948.326104
10315.18088,18056.33606,25092.33945,-1079.767635,2777.051537,3464.753269,1048.050783,9481.728539,8961.423439,-1.718621179,10318.25619,10319.18797,-0.017819484,10318.15379,10318.16928,0.003798027,10317.29763,10317.29578,0.018256022,10316.44125,10316.42548,-1.970664571,10318.5232,10319.5854,1125.556792,9359.112788,8814.642871,-1048.953486,2803.463393,3462.671128
11209.05499,20305.16612,27901.60254,-1053.055169,3290.68351,3948.231952,1397.571987,8628.518503,7983.414812,-6.976481597,9774.567168,9777.902448,-0.135011006,9767.736083,9767.85374,0.013810327,9761.48967,9761.481631,0.11620128,9755.875151,9755.774899,-6.975650444,9774.595202,9777.928716,1399.028208,8625.97944,7980.417354,-1052.326788,3290.816863,3947.654234
11253.02761,20358.07377,28004.3828,-1059.097449,3323.996633,3986.674494,1405.602782,8653.421821,8004.884921,-7.026984053,9795.160331,9798.527909,-0.025813978,9783.277223,9783.300114,0.015330966,9782.183133,9782.174321,0.007156187,9781.720376,9781.71467,-7.063489512,9795.464243,9798.839511,1420.889327,8629.619191,7977.309274,-1052.071195,3329.155116,3985.041328
11469.17046,20819.9041,28592.45788,-1032.366696,3435.99468,4076.087658,1498.692251,8481.792787,7807.032987,-7.515967329,9726.622257,9730.079435,-0.134962727,9715.0635,9715.180722,-0.044953194,9709.087227,9709.107787,0.09868877,9704.037804,9703.952329,-7.516620693,9726.627152,9730.084516,1498.89361,8481.522336,7806.730587,-1032.28211,3436.115481,4076.126986
10739.42747,19196.22029,26501.1563,-1067.570549,2988.374835,3658.040056,1216.690804,9156.774752,8575.32863,-3.437677163,10162.26097,10164.05244,0.063654777,10156.06241,10156.00761,0.014379809,10159.04725,10159.04013,-0.063052783,10162.07212,10162.12711,-3.250110227,10161.95698,10163.65689,1173.65868,9224.606833,8655.93886,-1085.780977,2974.626697,3661.279922
11140.07793,20186.13196,27762.18136,-1077.97338,3215.819084,3892.854963,1326.815227,8884.832534,8261.596508,-5.736592877,9949.203364,9952.064412,-0.000771005,9941.302075,9941.303583,0.034314371,9941.231334,9941.213877,-0.003701471,9941.441406,9941.445454,-5.789799452,9949.372573,9952.255999,1338.701365,8866.276525,8239.862391,-1072.633961,3219.748567,3891.708441
10954.50219,19799.28036,27252.42597,-1086.419314,3117.075944,3803.344694,1254.773582,8979.289842,8379.412654,-4.991138862,9971.943272,9974.467404,0.088165687,9961.648212,9961.572226,0.030573413,9965.778742,9965.76326,-0.090282267,9970.092397,9970.171109,-4.95675034,9971.860582,9974.36899,1248.144357,8989.673702,8391.532046,-881.028551,3545.772013,4020.261088
11287.61736,20328.58798,27986.62095,-1045.824161,3356.561806,4007.504118,1442.583847,8575.553158,7916.827063,-7.258839425,9765.052712,9768.476782,-0.031014523,9751.536059,9751.563342,-0.004376786,9750.291317,9750.292042,0.005743069,9749.800695,9749.796093,-7.30507476,9765.664537,9769.089174,1471.328234,8531.601699,7865.939806,-1032.798683,3366.317021,4004.525297
11086.98159,19953.75906,27477.05654,-1064.009338,3220.235847,3886.03547,1348.551095,8772.532988,8142.98554,-6.232515592,9871.974578,9875.036781,0.058841372,9859.488725,9859.438338,0.033505892,9862.270826,9862.253496,-0.067038807,9865.437921,9865.496692,-6.159704119,9871.689043,9874.722748,1330.984334,8799.945542,8174.886169,-1071.900739,3214.122591,3887.436312
11000.45908,19874.69431,27325.66859,-1067.567044,3171.442267,3843.158239,1308.878054,8742.604261,8124.404546,-6.298226694,9798.030975,9801.108464,-0.176900003,9796.165565,9796.319596,0.029421768,9787.842807,9787.827373,0.166004257,9779.971067,9779.827655,-6.34733698,9798.248678,9801.344517,1321.219252,8723.251424,8102.053885,-1062.045296,3176.083596,3842.565189
11237.03615,20210.65181,27839.23039,-1045.833395,3318.219912,3966.313726,1432.710967,8658.607726,8004.041506,-6.880417463,9851.294064,9854.610041,0.045803398,9836.81488,9836.775709,0.025974972,9839.046038,9839.032117,-0.059949977,9841.812162,9841.864696,-6.809890762,9850.901277,9854.194557,1411.13121,8691.607456,8042.505275,-1055.507023,3311.078461,3968.550122
11083.8898,20151.28291,27672.5213,-1077.034708,3154.182183,3830.66366,1294.728951,8944.115071,8332.70626,-5.195115331,9986.865985,9989.485585,0.269301274,9967.561255,9967.328355,0.0304977,9980.264165,9980.248747,-0.271630267,9993.160335,9993.396337,-5.034914929,9986.480072,9989.026459,1263.893277,8991.639197,8388.279528,-880.265203,3574.848561,4047.583352
11323.49622,20841.912,28532.85246,-1068.975995,3303.361674,3974.721581,1379.699578,8713.820015,8072.787528,-6.819961617,9820.836022,9824.139398,0.215749513,9798.817164,9798.630676,0.023672286,9809.085357,9809.072595,-0.230663008,9819.907028,9820.107695,-6.878420674,9821.277419,9824.594528,1403.236396,8676.303943,8029.130846,-1057.963793,3310.407602,3971.158765
11099.8091,20232.20985,27784.11086,-1086.320777,3177.373036,3862.782519,1289.889717,8930.892048,8318.833042,-5.472697527,9951.494562,9954.23858,-0.047833381,9946.519939,9946.562231,0.03356064,9944.216687,9944.199656,0.044052161,9942.170047,9942.132686,-5.707682802,9952.21031,9955.054355,1341.963793,8849.122848,8222.989748,-1063.00175,3194.268943,3857.562185
10974.37096,19770.52511,27215.59683,-1070.630228,3144.163259,3816.628865,1295.303602,8859.259744,8246.950566,-5.621069977,9908.042538,9910.843419,0.128067385,9894.155455,9894.04499,0.033664829,9900.182471,9900.165286,-0.132676625,9906.484124,9906.599746,-5.556995781,9907.856154,9910.629113,1282.331715,8879.40263,8270.391594,-1076.322747,3139.254031,3817.091343
10502.52348,18461.43409,25583.89668,-1046.137039,2932.361364,3586.562968,1212.654294,9016.020234,8436.978026,-3.975388025,10046.89166,10048.93404,0.055627824,10040.01519,10039.96726,0.020145051,10042.61205,10042.60195,-0.055687083,10045.28673,10045.33529,-3.775908137,10046.52375,10048.47076,1170.459316,9082.736208,8515.696737,-1063.66081,2918.467933,3589.059685
11602.13437,21492.27124,29358.37098,-1020.914229,3495.848017,4132.325847,1525.217141,8335.003433,7652.386645,-7.290921175,9594.906388,9598.061392,0.025719778,9570.424234,9570.401013,-0.198388984,9572.595468,9572.691721,-0.092328871,9575.987424,9576.066667,-7.356006226,9594.604365,9597.806958,1514.364529,8352.162416,7671.949381,-793.793059,3909.684226,4314.686001
10897.57081,19629.05581,27055.8607,-1076.222743,3108.415281,3784.955612,1269.444236,8973.518422,8370.435028,-4.881152373,9998.444676,10000.9174,-0.018831639,9993.42812,9993.444866,0.02894457,9992.494382,9992.479755,0.017293826,9991.71925,9991.70468,-4.706040932,9998.021081,10000.41446,1232.998684,9031.53363,8438.519976,-885.4763499,3527.713074,4006.286916
11047.76063,19802.85117,27308.21249,-879.4715573,3596.029742,4067.404741,1275.715201,8987.893092,8380.401894,-5.14227342,9992.73615,9995.332382,-0.153401299,9993.585898,9993.71941,0.032215326,9986.287778,9986.271438,0.150576418,9979.203134,9979.073154,-5.537457479,9993.770567,9996.542763,1357.341463,8862.164789,8232.675984,-1055.355653,3190.71952,3845.960783
11339.90642,20533.63385,28217.79069,-1040.482324,3358.877735,4003.741743,1456.242138,8578.080865,7916.174831,-7.224992367,9789.928578,9793.34733,-0.099846571,9780.055625,9780.14283,0.00540631,9775.510689,9775.50671,0.077846221,9771.664711,9771.597796,-7.211237379,9789.750875,9793.169463,1447.543688,8591.638941,7931.960048,-1044.477962,3356.303982,4005.078832
10795.06045,19303.62827,26622.139,-1070.683611,3027.112894,3700.325609,1230.060392,9029.413219,8440.821323,-4.331688656,10033.43732,10035.65187,0.107219032,10023.54007,10023.44775,0.023926475,10028.56916,10028.5572,-0.10756063,10033.70884,10033.80269,-4.33448374,10033.42758,10035.64445,1228.910911,9032.057349,8444.027658,-1071.393594,3027.730263,3701.603319
11585.05243,21382.93364,29229.18046,-1029.380864,3465.937125,4106.185083,1509.270896,8423.837172,7745.758114,-7.524425356,9671.663089,9675.047739,-0.05783475,9654.193968,9654.244519,-0.107961538,9652.082357,9652.134098,0.008718496,9651.053015,9651.04582,-7.440741135,9672.56411,9675.866794,1544.535512,8369.791209,7683.65652,-1012.998916,3477.991932,4101.924953
11211.00851,20473.11389,28108.47322,-866.3696994,3681.603156,4141.619715,1332.537151,8856.085697,8229.520198,-6.071986619,9910.246613,9913.254889,-0.153642903,9908.639356,9908.773061,0.034937762,9901.366255,9901.348241,0.14643082,9894.449219,9894.322762,-6.201415773,9910.749008,9913.807884,1364.521255,8805.720827,8170.714097,-1069.204756,3260.551433,3929.733961
11260.64375,20492.25437,28132.8127,-1058.133626,3302.393484,3963.852585,1397.28506,8665.351827,8019.806068,-6.908063751,9804.386449,9807.709501,0.116920874,9786.321968,9786.221158,0.020437291,9791.938636,9791.927406,-0.133271346,9798.138989,9798.255175,-6.906215146,9804.339589,9807.66373,1394.794725,8669.557579,8024.749114,-1059.352597,3301.978652,3964.621931
10912.51113,19712.34811,27126.63245,-1081.392892,3067.442919,3748.903923,1237.274885,9055.979814,8463.95309,-4.351955881,10048.74966,10050.97735,0.250913436,10032.07668,10031.85951,0.024008688,10043.9193,10043.90723,-0.251590153,10055.87376,10056.09212,-4.3273602,10048.68625,10050.90321,1230.864107,9066.747344,8476.708022,-1084.362302,3066.063756,3750.303073
10860.80493,19408.54896,26764.73375,-1064.57076,3073.355588,3740.297888,1268.628831,8945.803736,8344.237696,-4.880259803,9990.590173,9993.058082,0.170630814,9976.512354,9976.364998,0.028723615,9984.542938,9984.528451,-0.172291269,9992.739653,9992.889572,-4.889650836,9990.590142,9993.063705,1268.445382,8947.047548,8345.821516,-1064.89037,3074.466291,3741.709123
11248.61058,20310.46042,27962.04478,-1069.123679,3291.732938,3960.003818,1383.357421,8808.889665,8167.878517,-6.292990169,9930.421565,9933.522614,0.02750187,9919.523244,9919.500004,0.034897172,9920.821107,9920.80308,-0.035381632,9922.497817,9922.52909,-6.379782157,9930.755722,9933.890823,1404.53292,8776.404719,8129.83009,-1059.626071,3298.664246,3957.79501
10694.43864,19128.89989,26402.0675,-1085.029357,2987.094524,3674.737245,1177.49074,9095.786703,8523.226087,-4.020732506,10028.26591,10030.33316,0.033598604,10022.44844,10022.41967,0.022866306,10023.99865,10023.98717,-0.03393156,10025.64705,10025.67682,-4.217223903,10028.66704,10030.8265,1218.634112,9029.700965,8445.498195,-1067.19688,3000.676182,3671.686306
11301.95821,20584.65706,28271.99513,-1070.761942,3306.499998,3977.364598,1384.591789,8777.399831,8135.382338,-6.513404367,9892.095742,9895.287197,0.054084237,9879.170741,9879.124523,0.033125945,9881.741528,9881.724304,-0.063768074,9884.74245,9884.798413,-6.494336138,9892.021213,9895.20511,1380.220319,8784.017072,8143.056672,-1072.718548,3304.772976,3977.507662
11670.26621,21660.99342,29565.64491,-1027.07956,3493.96298,4132.343453,1525.667528,8419.425365,7736.755422,-7.57639679,9680.789016,9684.189663,-0.349212629,9676.714723,9677.017476,-0.108165485,9660.878372,9660.930058,0.299105202,9646.135661,9645.875897,-7.536331536,9681.108172,9684.473824,1538.185062,8399.776898,7714.08483,-1021.12131,3497.712067,4130.131071
10304.94466,18170.84785,25164.80057,-897.1935166,3165.258795,3665.498274,1020.887258,9417.831456,8905.542316,-1.921506908,10221.30083,10222.33422,-0.089135808,10224.34191,10224.41928,0.004979788,10220.09776,10220.09534,0.089675856,10215.85683,10215.77925,-2.023521545,10221.4186,10222.50439,1047.848646,9373.608284,8853.206067,-1067.659337,2751.902718,3431.200406
11149.58281,20136.30583,27716.24338,-1054.318538,3262.066147,3917.933823,1389.986947,8731.302389,8089.78036,-6.45567656,9880.013462,9883.168742,0.113510487,9864.195242,9864.097371,0.033203368,9869.57117,9869.553918,-0.122639174,9875.356747,9875.463643,-6.2492514,9879.150513,9882.227396,1337.80384,8812.400969,8184.294538,-1077.850641,3244.386377,3922.764427
11113.11903,19966.84006,27488.05341,-1037.871199,3277.219132,3921.855795,1413.091782,8539.746248,7891.54274,-7.084008591,9720.970821,9724.303938,-0.168647506,9714.122291,9714.268983,-0.003264389,9706.373503,9706.373736,0.144366769,9699.353048,9699.22816,-7.059861125,9720.665551,9723.99778,1398.6859,8562.136804,7917.394139,-1044.385517,3272.321732,3923.263248
10834.17851,19333.91053,26722.35331,-1090.616547,3075.657828,3765.117986,1226.778366,9088.417443,8498.677528,-4.310175654,10058.26657,10060.47538,-0.04491259,10055.70636,10055.7456,0.025545926,10053.53836,10053.52549,0.04416038,10051.48939,10051.45144,-4.674526082,10059.02987,10061.40896,1301.853589,8971.838444,8361.02686,-1058.309419,3100.656407,3759.693753
11078.10816,19762.28709,27262.24749,-1038.95853,3251.980076,3894.996175,1407.629474,8632.55116,7986.869763,-6.757509794,9818.320928,9821.571973,0.130657018,9799.921847,9799.809037,0.024395157,9806.164561,9806.151422,-0.144992439,9812.941082,9813.067346,-6.700249338,9818.004778,9821.23732,1390.213056,8659.266875,8017.994836,-1046.650075,3246.300586,3896.754
11280.71532,20581.11607,28218.51382,-1050.320612,3308.429356,3963.71645,1410.153022,8604.449453,7955.813857,-7.082974483,9762.423578,9765.794755,0.192139051,9739.556251,9739.390251,0.009626409,9748.771098,9748.765138,-0.212254839,9758.646733,9758.831533,-7.020383241,9761.90215,9765.259721,1384.743288,8643.753321,8001.087292,-1061.91077,3298.959886,3965.393238
11377.67101,21053.30926,28780.78546,-1037.603785,3343.751284,3985.287574,1455.751241,8585.919423,7924.874865,-7.139311643,9804.333859,9807.728413,0.176041641,9782.071263,9781.919437,0.015095657,9790.502698,9790.494116,-0.194207409,9799.561592,9799.730881,-6.987285545,9803.024072,9806.388982,1389.21818,8689.643523,8045.382903,-1069.2195,3322.649679,3994.541651
10873.72256,19301.35235,26674.25238,-1064.788331,3118.960553,3785.883057,1293.213939,8878.40339,8267.809903,-5.397261188,9939.380966,9942.08113,0.087130673,9927.980845,9927.905775,0.032922072,9932.068947,9932.05217,-0.090823311,9936.397045,9936.476262,-5.436634578,9939.485146,9942.202867,1301.023138,8866.446867,8253.829022,-1061.441416,3121.831767,3785.584377
10998.58785,19743.70932,27206.9924,-1045.467466,3186.735052,3834.804159,1366.699623,8754.229084,8121.809397,-6.064410734,9904.819038,9907.806487,-0.163407967,9903.290913,9903.433089,0.034159681,9895.553001,9895.535424,0.156980169,9888.143644,9888.00802,-5.845403757,9904.075322,9906.972706,1316.7588,8831.368674,8212.110186,-1067.326231,3170.35264,3839.300653
11468.32786,21145.43786,28905.6129,-1035.253347,3407.504194,4052.706056,1472.570558,8445.917886,7778.555698,-7.456472737,9660.021715,9663.413493,-0.296156296,9655.066718,9655.323727,-0.07757459,9641.614475,9641.651148,0.253008425,9629.16989,9628.950347,-7.444728054,9660.040666,9663.424892,1473.442492,8444.046598,7776.272808,-1034.728013,3407.091859,4051.750328
11167.05929,20252.30973,27859.4277,-1056.03234,3264.03655,3920.403985,1391.565001,8769.792635,8127.889095,-6.272280019,9920.263415,9923.349107,0.004891961,9910.357745,9910.354053,0.035017465,9910.580448,9910.562402,-0.011973249,9911.156537,9911.167465,-6.03111236,9919.374859,9922.36417,1334.225848,8858.690425,8231.841913,-1081.816461,3245.009719,3926.034875
10905.36922,19488.16571,26897.33375,-1086.789516,3056.004453,3740.85026,1225.826034,9172.318112,8585.270598,-3.679525681,10154.21647,10156.12708,0.088503764,10146.503,10146.42682,0.017444655,10150.6571,10150.64846,-0.087983891,10154.86881,10154.94554,-3.782905041,10154.38405,10156.34547,1246.74753,9140.733335,8547.815686,-1078.083498,3063.915931,3740.596415
11012.06857,19921.66175,27396.65585,-1072.68026,3169.091994,3844.073332,1303.172368,8813.668874,8197.568295,-5.990679222,9861.56997,9864.528134,0.075905259,9849.003518,9848.938351,0.033269526,9852.58857,9852.571395,-0.083593449,9856.542822,9856.615971,-6.163812942,9862.25525,9865.280478,1346.261547,8745.636103,8118.253442,-1053.35746,3183.073634,3839.671181
11301.25322,20788.42475,28469.06164,-846.9788733,3739.100665,4185.382795,1380.546376,8661.11839,8018.852487,-7.067027013,9763.289287,9766.674172,-0.128460441,9756.093082,9756.205022,0.00843685,9750.184392,9750.178941,0.107501317,9744.951764,9744.859021,-7.150572443,9764.262763,9767.653794,1427.76924,8586.498295,7932.577528,-1046.422436,3328.910333,3980.353317
10640.61111,19170.2518,26392.34067,-890.5201581,3347.668943,3835.743657,1133.964833,9148.422045,8591.594029,-3.583462272,10042.05335,10043.91046,-0.177443093,10046.97989,10047.13405,0.018425024,10038.53897,10038.52978,0.177587724,10030.16623,10030.01263,-3.713284444,10042.30848,10044.22663,1163.422147,9099.420834,8533.927851,-1071.295661,2929.181026,3606.278775
11422.25169,21034.48997,28793.014,-836.6359969,3796.308256,4232.93761,1419.576271,8620.860243,7967.016436,-7.296307883,9761.039205,9764.503199,-0.254583967,9758.55625,9758.77748,-0.001420084,9746.743151,9746.742466,0.230098061,9735.673504,9735.474309,-7.325442102,9761.500128,9764.961517,1440.993344,8587.335673,7928.359555,-1051.791679,3377.598117,4034.670609
10877.12487,19617.30828,27003.33387,-1080.534628,3069.902468,3751.828229,1236.560007,8990.970426,8398.097815,-4.783289773,9979.571572,9981.997085,0.209457929,9963.922597,9963.741398,0.02902469,9973.794638,9973.779951,-0.211361351,9983.835985,9984.019601,-4.94571451,9979.978974,9982.477219,1271.356898,8935.460469,8332.888633,-1065.196845,3080.88539,3748.392806
11469.65225,20887.07717,28670.38568,-1043.014598,3420.14889,4068.620159,1478.207168,8556.971296,7887.390754,-7.451279681,9774.603717,9778.093674,-0.0605676,9761.388955,9761.441901,-0.018266653,9758.809308,9758.81681,0.031098535,9757.059857,9757.033298,-7.509352306,9775.772436,9779.246916,1531.185878,8477.1663,7794.91627,-1019.067283,3438.213611,4063.009267
11371.9861,20558.30942,28269.38112,-1038.73116,3394.606871,4039.68102,1470.855116,8525.998866,7859.235258,-7.408631851,9744.148576,9747.602538,-0.031399728,9729.248314,9729.275884,-0.0196237,9728.052213,9728.060387,0.00173209,9727.684658,9727.683486,-7.403146929,9743.997744,9747.454783,1464.110179,8536.364897,7871.199959,-1041.831513,3392.280786,4040.390509
11244.7275,20419.37306,28050.08574,-1033.452619,3311.497299,3948.157718,1450.82143,8607.216499,7948.679206,-6.96779198,9834.418184,9837.755539,0.086508739,9817.356469,9817.282135,0.023406924,9821.520253,9821.507612,-0.101459526,9826.238545,9826.32722,-6.776144601,9833.292366,9836.570482,1389.874128,8700.421575,8057.258373,-1060.669287,3291.410027,3954.466416
10803.28554,19380.98753,26729.26567,-1087.057062,3009.228911,3696.386926,1192.878403,9175.15644,8599.063393,-3.592875478,10124.94084,10126.8076,-0.054776552,10124.12921,10124.17713,0.017281056,10121.49255,10121.48398,0.055259466,10118.91277,10118.86534,-3.68810715,10125.11261,10127.02497,1214.376907,9140.7969,8558.337744,-1077.72871,3015.848788,3694.306924
11213.02311,20022.37666,27614.44735,-1038.736155,3322.681403,3965.70164,1442.272136,8586.307229,7929.211806,-7.103293307,9793.847731,9797.220283,-0.039453326,9781.670168,9781.704926,0.009363894,9779.95916,9779.953239,0.018837681,9778.917373,9778.901574,-7.143097545,9794.169372,9797.550674,1458.385391,8561.933467,7900.874864,-1031.594564,3328.063289,3964.103408
10968.70143,19787.65942,27256.41614,-1070.318187,3137.384125,3807.545558,1298.628987,8947.638341,8335.722542,-5.049020734,10007.70786,10010.2589,-0.183906808,10010.14598,10010.30575,0.029677271,10001.40086,10001.38583,0.181986275,9992.826825,9992.669437,-4.851931355,10007.22878,10009.69057,1257.902343,9011.431181,8410.703891,-1088.252705,3123.7078,3810.771297
10944.66927,19901.91477,27359.77553,-1077.784104,3121.762926,3800.514355,1271.411705,8925.984857,8321.185464,-5.216566785,9945.288156,9947.91166,0.05852917,9935.800928,9935.750623,0.031863847,9938.531696,9938.515516,-0.061257869,9941.468681,9941.522229,-5.027994406,9944.75598,9947.297405,1230.409796,8992.331205,8398.734182,-889.0758018,3537.077281,4020.433683
11425.59893,20991.33153,28756.36636,-1065.473187,3358.388794,4025.880577,1415.346615,8698.763599,8046.705958,-6.993598538,9838.659532,9842.034676,0.154911504,9818.90815,9818.77445,0.022680138,9826.313046,9826.300725,-0.170740889,9834.2956,9834.444295,-7.013578339,9838.751942,9842.134575,1420.094075,8691.81584,8038.740032,-1063.37829,3360.604073,4026.090264
11369.85934,20849.1377,28585.24206,-1070.191286,3342.123201,4014.282698,1398.308362,8714.716907,8067.425399,-6.921824728,9833.132545,9836.481863,-0.098873265,9825.723224,9825.809539,0.024510307,9821.128125,9821.114909,0.08377292,9817.093127,9817.021052,-6.929776105,9833.169819,9836.522092,1400.235669,8711.851807,8064.139995,-1069.331481,3343.00273,4014.341707
11120.88925,19925.53613,27468.04181,-1079.960916,3197.464691,3875.625772,1315.981193,8935.259354,8315.824732,-5.415093385,9992.004335,9994.723798,0.219457064,9974.539756,9974.350019,0.033111207,9984.88954,9984.872698,-0.222945943,9995.474747,9995.668478,-5.631386548,9992.582665,9995.398064,1360.221816,8867.991284,8236.805825,-1060.685825,3212.991484,3872.802891
11053.98204,19900.24723,27415.02181,-1082.645466,3182.221952,3864.320112,1298.734203,8909.061932,8294.275011,-5.561947098,9942.595485,9945.377414,-0.056461341,9937.754675,9937.804228,0.034119825,9935.052503,9935.035108,0.052168874,9932.617385,9932.57276,-5.703166906,9943.024513,9945.866798,1329.326005,8861.232721,8238.325896,-1068.982781,3192.646012,3861.797663
10669.56509,18825.06505,26057.5502,-1061.694463,3021.450451,3687.925038,1238.685288,8939.126004,8347.726278,-4.775471136,9960.747248,9963.162752,-0.067089663,9958.061495,9958.120052,0.028590743,9954.84779,9954.833321,0.065356552,9951.79615,9951.739873,-4.730989467,9960.645573,9963.040597,1229.915196,8952.86769,8363.817946,-1065.425761,3018.322178,3688.30103
10760.86659,19196.21762,26515.19796,-1074.091027,3032.832232,3708.706258,1228.285617,9050.572554,8462.423839,-4.235098664,10048.02868,10050.199,0.098110167,10038.76876,10038.68399,0.023269475,10043.37522,10043.36352,-0.098556729,10048.08215,10048.16785,-4.14721548,10047.84782,10049.97701,1209.69118,9080.230738,8497.38158,-1082.181358,3026.822672,3710.261543
10781.88173,19385.93934,26722.61716,-1073.900674,3022.427741,3698.201642,1222.582249,9070.004514,8484.13722,-4.081145943,10063.61594,10065.71383,0.095359309,10054.78248,10054.70015,0.021384884,10059.25985,10059.24913,-0.095479591,10063.82262,10063.90569,-3.910886539,10063.27813,10065.29577,1186.059035,9128.648383,8553.296407,-1089.850269,3010.708405,3701.358154
11045.87812,20104.34695,27587.50812,-1067.723709,3172.15925,3843.376947,1310.827555,8765.827796,8147.659933,-6.199524855,9824.840812,9827.882553,-0.237622713,9826.302696,9826.509475,0.030945427,9815.09228,9815.07619,0.228142293,9804.298831,9804.101637,-6.260932153,9825.165083,9828.226823,1330.239296,8734.204348,8110.767372,-1058.754569,3177.54555,3840.226541
11302.12726,20917.71957,28617.11703,-864.2452342,3723.427325,4185.855918,1349.437695,8736.480645,8102.57055,-6.854717673,9790.433151,9793.758565,-0.14599525,9785.560886,9785.688024,0.021841596,9778.756027,9778.744097,0.129884,9772.530422,9772.418274,-6.933083201,9791.097961,9794.439228,1383.453308,8681.707201,8039.232369,-1067.03251,3309.45068,3979.866366
11452.26498,20918.09725,28651.79888,-1012.301367,3446.147898,4074.264579,1515.479485,8278.963521,7600.943937,-6.953245019,9549.116838,9552.060371,0.080538285,9521.241967,9521.170875,-0.234503641,9526.11319,9526.227342,-0.152524997,9532.218463,9532.349712,-7.051458535,9548.67462,9551.689221,1499.886679,8303.331203,7628.64262,-1019.680407,3440.581917,4076.018275
11524.01079,21287.69045,29099.96759,-1037.009683,3441.077552,4089.044458,1483.163477,8439.783579,7768.323309,-7.510037926,9654.825562,9658.21709,-0.061925742,9637.900243,9637.953988,-0.112164442,9635.618859,9635.67259,0.011719132,9634.424837,9634.41468,-7.349029529,9656.472661,9659.710125,1547.255647,8341.243652,7655.24569,-1007.23277,3463.158123,4081.557047
10903.42488,19547.02913,26972.00518,-1085.382312,3112.511046,3797.516388,1255.459928,8993.694142,8393.70852,-4.928482228,9991.794414,9994.289056,-0.017581765,9986.620181,9986.635823,0.03102154,9985.748046,9985.732308,0.015258306,9985.064888,9985.052064,-5.291856613,9992.705386,9995.36326,1330.926295,8876.45669,8255.832841,-1052.574553,3137.501499,3791.464647
10908.44963,19460.26919,26889.67349,-1083.477022,3111.149892,3793.109452,1261.686564,9046.640329,8446.120641,-4.523998787,10057.63809,10059.94862,-0.032824736,10054.10432,10054.13308,0.026060489,10052.5076,10052.49447,0.032007922,10051.03378,10051.00636,-4.519859899,10057.63035,10059.93888,1260.955963,9047.725192,8447.392984,-1083.781323,3110.832656,3793.078141
11403.1157,20874.54281,28594.53995,-1046.979108,3367.89603,4021.150289,1442.377093,8552.031512,7892.866988,-7.343448705,9734.50628,9737.948192,-0.179304327,9727.209393,9727.36558,-0.016743745,9719.011148,9719.018024,0.150993823,9711.621578,9711.491221,-7.363260547,9734.746472,9738.189948,1453.067721,8536.049814,7874.581908,-1042.175598,3372.390762,4020.990762
11024.6209,19905.89398,27413.69235,-1085.231464,3170.91629,3855.52255,1287.830133,8926.138752,8314.686236,-5.46478003,9946.756867,9949.495686,0.135589246,9933.085202,9932.9681,0.033902412,9939.468704,9939.4514,-0.139758049,9946.109811,9946.231418,-5.665697772,9947.357329,9950.182359,1331.363316,8857.927943,8234.840285,-1065.802925,3185.550602,3851.755671
10471.58486,18516.3784,25627.06992,-1069.351964,2868.221469,3544.895041,1127.652414,9205.18841,8653.865798,-3.0189478,10123.51237,10125.0943,0.074559374,10117.36226,10117.29784,0.012466335,10120.86827,10120.86208,-0.074039415,10124.40548,10124.46985,-2.981982873,10123.4518,10125.0158,1118.552606,9220.27279,8671.707865,-1073.257417,2865.526697,3545.808612
11111.94119,19927.92104,27475.45943,-1031.65656,3276.357555,3910.900252,1438.5667,8634.408912,7980.310453,-6.761582287,9859.237152,9862.500984,0.048705329,9844.989378,9844.947657,0.029523516,9847.333181,9847.317592,-0.060648729,9850.156812,9850.209919,-6.499934235,9858.027646,9861.196972,1368.661583,8740.610766,8104.260505,-1062.384114,3252.914203,3917.159771
10536.83413,18550.93643,25695.1919,-1044.390386,2939.365888,3591.323546,1222.250271,9028.400481,8446.64499,-3.8970136,10072.30787,10074.31461,0.109820878,10063.03313,10062.93819,0.018940421,10068.19882,10068.18933,-0.109771132,10073.43382,10073.52922,-3.675994501,10071.91382,10073.81431,1174.718197,9103.082628,8534.971456,-1064.034774,2923.892964,3594.243663
10964.55013,19695.86598,27155.28753,-1086.955227,3133.574463,3819.786065,1264.698149,8978.26484,8374.835993,-5.078569858,9980.029303,9982.593641,-0.153942676,9980.990203,9981.12408,0.031716347,9973.668219,9973.652116,0.151218219,9966.551346,9966.42069,-5.360061983,9980.762629,9983.452394,1323.059838,8887.341976,8268.129844,-1061.323784,3153.370954,3815.354244
11300.40799,20806.15565,28476.16273,-1049.91332,3289.78452,3941.795623,1410.920801,8687.848213,8039.866176,-6.700728728,9857.83156,9861.080728,-0.293052187,9860.195636,9860.450464,0.029066865,9846.38295,9846.367681,0.281374978,9833.048265,9832.804976,-6.555966256,9857.04224,9860.2447,1365.700123,8758.950904,8122.88097,-1070.619347,3276.104936,3948.057578
10789.71969,19263.66122,26605.5639,-1082.472906,3063.318401,3747.195671,1228.883678,9000.151414,8409.515163,-4.704453333,9978.435442,9980.824166,-0.008200094,9973.257714,9973.265181,0.028578542,9972.828502,9972.814046,0.006647772,9972.555053,9972.549649,-4.712260685,9978.454667,9980.846907,1230.541977,8997.472426,8406.374455,-1081.733119,3063.854764,3747.040019
10502.7058,18451.76955,25584.50893,-1051.205324,2931.777055,3590.14802,1204.149289,9061.68689,8485.438536,-3.749923998,10077.89137,10079.82822,-0.118346975,10079.69452,10079.79731,0.017788659,10074.0554,10074.0465,0.118482841,10068.47787,10068.37539,-3.514454742,10077.4868,10079.30953,1154.268232,9140.373737,8578.352445,-1071.888059,2914.740504,3592.416239
10900.52435,19535.74197,26943.9295,-1075.230834,3088.014468,3763.205614,1261.676206,9026.135689,8426.681025,-4.518824712,10050.42472,10052.73128,-0.236249208,10056.49371,10056.69876,0.025230846,10045.2663,10045.25359,0.235354844,10034.1609,10033.9572,-4.460780152,10050.30316,10052.58255,1249.893406,9044.465348,8448.286904,-1080.316179,3083.969321,3763.94035
11556.72944,21499.35842,29359.8875,-825.505998,3862.136606,4292.391104,1457.147563,8534.4329,7868.734592,-7.619859523,9702.70908,9706.23985,0.002393288,9684.990996,9684.989261,-0.058757891,9685.542817,9685.570249,-0.041623431,9687.065041,9687.1015,-7.549547292,9704.193496,9707.626081,1518.205664,8439.204823,7759.326388,-1025.814283,3461.168936,4096.20089
10977.27016,19678.91032,27124.33816,-1056.903409,3132.502339,3789.922554,1322.32056,8922.731167,8304.770886,-5.067340754,10027.59765,10030.15644,0.088427083,10017.08482,10017.00897,0.028964656,10021.22148,10021.20694,-0.089796215,10025.52338,10025.602,-4.932964811,10027.26971,10029.76805,1293.207173,8967.924454,8358.208342,-1069.510871,3123.769909,3793.160242
10897.86748,19635.33102,27030.96062,-1065.396869,3134.523003,3804.24723,1293.059518,8773.768934,8161.56932,-6.011706511,9822.726061,9825.684134,0.121759264,9807.728483,9807.623358,0.032769485,9813.484119,9813.467146,-0.1298126,9819.613176,9819.726257,-5.95470074,9822.486495,9825.423057,1278.346819,8797.534013,8189.160638,-1072.088054,3129.703693,3805.747255
11321.09786,20771.56997,28420.33992,-1032.500124,3357.952144,4002.560974,1446.631161,8390.331074,7730.890803,-7.264810479,9585.591478,9588.841547,-0.141462404,9572.222464,9572.345247,-0.120541951,9566.219542,9566.277493,0.09045048,9561.294996,9561.216461,-7.237176245,9585.749295,9588.97767,1452.771063,8380.245366,7719.272077,-1029.523034,3359.541572,4001.220261
11303.7321,20680.41133,28339.91794,-1036.94764,3324.53563,3966.299566,1444.754574,8568.359667,7910.673477,-7.136224747,9778.616518,9781.995818,-0.223435407,9774.850615,9775.045063,0.00866548,9764.451109,9764.445591,0.202887123,9754.720556,9754.545212,-7.059946968,9777.827888,9781.197803,1405.677468,8629.287991,7981.431497,-1054.809833,3312.286664,3971.410685
11415.29928,21030.76099,28802.7943,-839.7793741,3808.312156,4249.503285,1417.973587,8614.69013,7960.33438,-7.397013907,9744.194259,9747.691975,0.029037471,9727.690756,9727.665929,-0.016793733,9729.334667,9729.341465,-0.058009744,9731.79793,9731.848616,-7.451430906,9745.9907,9749.445617,1498.361526,8489.717388,7816.161839,-1028.058165,3411.49514,4046.119427
11198.23289,20387.9383,28005.18365,-1074.954418,3263.406889,3939.584669,1351.361758,8774.614004,8142.077722,-6.487597998,9854.691056,9857.863808,-0.10477573,9849.149714,9849.241105,0.029554493,9844.240132,9844.224537,0.092793492,9839.812697,9839.732764,-6.784471496,9856.153042,9859.429255,1434.7758,8645.995343,7992.201977,-1037.51963,3291.167389,3931.283545
11301.06265,20698.25507,28361.98441,-878.4638152,3688.833654,4163.407809,1315.017118,8828.83981,8205.295379,-6.417460155,9841.793731,9844.951195,0.256729255,9819.757409,9819.53559,0.030039598,9831.915129,9831.899439,-0.267761287,9844.538798,9844.771824,-6.689449299,9843.16145,9846.413225,1391.863472,8707.549422,8064.75176,-1059.21597,3289.733578,3951.136333
10827.87996,19397.42735,26729.51917,-1066.301566,3056.744088,3726.368232,1252.706911,8935.873664,8339.370028,-4.926086397,9961.108542,9963.596352,0.313857846,9940.125724,9939.853964,0.028914697,9954.937058,9954.922414,-0.316096615,9969.927304,9970.201709,-4.894128815,9961.03865,9963.511502,1246.919916,8944.667896,8349.633839,-1068.722993,3054.374222,3726.27571
11433.71995,20759.92117,28520.61084,-1047.019527,3411.890153,4064.847992,1465.098181,8559.245122,7893.025041,-7.445516088,9757.810549,9761.299658,0.017417592,9740.980371,9740.965603,-0.016339573,9742.076299,9742.082857,-0.046396514,9743.99268,9744.033265,-7.456268136,9758.103785,9761.586948,1478.262305,8538.953065,7869.596934,-1040.917705,3416.412726,4063.395295
10871.10227,19415.59917,26801.30295,-1074.312346,3103.206837,3778.786158,1267.796263,8941.02833,8338.137994,-5.075100348,9965.858386,9968.416905,-0.10961802,9964.634217,9964.729635,0.031054622,9959.409836,9959.394071,0.107118513,9954.379838,9954.287359,-5.076802079,9965.865963,9968.425051,1268.429511,8939.912649,8336.81387,-1074.003473,3103.273876,3778.561998
11111.51469,20098.17153,27628.6508,-1062.913873,3211.038064,3875.766658,1346.034724,8778.741955,8150.359175,-6.193140489,9879.531592,9882.577016,0.067162458,9866.768816,9866.711671,0.03252131,9869.938077,9869.921351,-0.075112022,9873.495565,9873.561788,-6.315064865,9880.029055,9883.120953,1377.158343,8730.304722,8093.703941,-1049.061025,3220.79321,3872.240366
11189.77305,20602.68958,28211.29856,-873.4622511,3646.626795,4115.913723,1303.168377,8838.745792,8220.451949,-6.133021677,9855.846448,9858.877677,0.252110556,9834.808393,9834.590297,0.033623318,9846.726368,9846.708984,-0.260326429,9859.028525,9859.254811,-6.179223838,9856.026077,9859.07563,1313.899233,8821.761793,8200.83091,-868.9922484,3651.735365,4116.142254
10899.46984,19572.76194,26981.98969,-1081.631611,3083.396838,3764.866485,1246.10641,9037.086927,8441.918687,-4.493710018,10035.67079,10037.96552,-0.100344432,10035.36485,10035.45224,0.025436877,10030.57006,10030.55726,0.099655829,10025.89536,10025.80939,-4.359844114,10035.3869,10037.61905,1219.194239,9079.577039,8491.846569,-887.9756868,3506.19724,3986.807618
11091.28307,19949.93147,27490.87057,-1071.891125,3221.218904,3893.375365,1338.095375,8831.869013,8205.137585,-5.986854445,9912.628563,9915.59368,0.021622395,9902.842116,9902.823909,0.034926076,9903.848438,9903.830494,-0.027874062,9905.182462,9905.207169,-5.945749596,9912.484432,9915.432789,1328.620461,8846.697963,8222.446822,-1076.163479,3218.001684,3894.219468
11056.15122,19959.64593,27478.25135,-1079.253334,3176.77555,3855.343161,1303.024218,8918.333499,8302.966365,-5.455539123,9963.19581,9965.930735,0.02240931,9954.903016,9954.884258,0.033414795,9955.925969,9955.908992,-0.025961837,9957.192751,9957.215923,-5.575074588,9963.545591,9966.332019,1329.090649,8877.566107,8255.134887,-1067.65045,3185.25691,3852.817114
11119.46993,20256.77095,27822.60683,-861.545165,3664.936356,4124.369016,1327.819484,8744.483318,8118.308274,-6.599249987,9794.439209,9797.650737,-0.067328644,9786.552184,9786.611083,0.024600352,9783.444038,9783.430802,0.052951905,9780.871736,9780.826305,-6.7907976,9795.654266,9798.92146,1392.741542,8641.648,7999.169469,-1048.158734,3260.602376,3912.977968
11421.90423,20927.00098,28675.60265,-1043.757687,3404.324908,4056.928302,1458.779836,8491.792934,7827.298511,-7.485371474,9683.102097,9686.547126,-0.123126777,9671.032404,9671.139297,-0.057369712,9665.664113,9665.6908,0.08418315,9661.253578,9661.18059,-7.466200997,9683.530591,9686.947859,1476.489684,8464.039223,7795.413449,-1035.418211,3410.316031,4054.747762
10830.4683,19357.83095,26724.81796,-1081.379942,3074.022177,3756.198756,1238.784538,9009.319929,8415.869595,-4.657038772,9999.728089,10002.09622,0.093813643,9989.845043,9989.764047,0.027790817,9994.244482,9994.230435,-0.09515925,9998.789603,9998.87242,-4.639394088,9999.688122,10002.04812,1235.245076,9014.917157,8422.432377,-1082.929895,3072.775992,3756.404159
11029.80484,19831.35884,27304.25535,-1055.033447,3182.224679,3839.598668,1345.509813,8780.058959,8153.073655,-6.011993873,9896.398786,9899.364599,0.234176254,9876.251205,9876.048665,0.03373796,9887.311728,9887.294361,-0.24089792,9898.709606,9898.919002,-5.95382789,9896.177777,9899.120871,1330.808247,8803.286858,8180.30809,-1061.606829,3177.933823,3841.585839
11224.09191,20645.34125,28282.74655,-1039.493317,3297.644101,3941.507438,1427.819444,8598.434187,7946.050139,-6.983935581,9793.19332,9796.528486,-0.022924519,9781.018168,9781.038742,0.020257154,9780.025566,9780.014455,0.006741859,9779.613692,9779.608539,-6.751338501,9791.513418,9794.78932,1340.683673,8735.449816,8104.795788,-861.277149,3694.214426,4153.623382
11349.41033,20797.104,28490.30884,-1047.153349,3362.469755,4017.798757,1433.66324,8512.272711,7855.301522,-7.390588192,9681.941904,9685.367965,-0.216371494,9675.189566,9675.377449,-0.043659888,9665.366354,9665.386332,0.180900379,9656.450879,9656.294044,-7.379011543,9682.531307,9685.927253,1458.639124,8473.073228,7810.242802,-1035.47654,3370.914913,4014.855112
10772.40844,19282.80563,26616.54415,-1087.534778,3036.612964,3725.183789,1204.826867,9063.793482,8481.309121,-4.32595441,10015.50437,10017.71756,0.104791021,10005.77224,10005.6817,0.025506879,10010.69252,10010.67966,-0.105648011,10015.7344,10015.82627,-4.464837576,10015.80703,10018.08459,1233.53173,9017.887663,8427.380433,-1074.950254,3046.228044,3723.038617
11271.06078,20469.18194,28102.53989,-1026.725848,3336.377158,3969.077613,1466.648588,8508.853594,7845.708776,-7.246889559,9750.86211,9754.252064,0.204536614,9725.564753,9725.387704,-0.004839839,9735.436862,9735.437846,-0.229621363,9746.056648,9746.25623,-7.173013432,9749.894845,9753.283608,1420.987355,8578.923023,7926.858341,-1047.316845,3321.168079,3973.96415
11095.27809,20004.78296,27540.07122,-1068.297993,3208.623681,3877.301496,1338.483016,8835.195964,8208.931315,-5.900556171,9924.19999,9927.126535,0.112834607,9910.322882,9910.225615,0.034654847,9915.638687,9915.62092,-0.118555931,9921.265691,9921.369037,-5.886305762,9924.138553,9927.059952,1334.262545,8842.112191,8217.078992,-1070.267753,3207.663724,3878.22233
10957.97697,19438.16669,26880.19752,-1065.79807,3155.906222,3821.339308,1318.773914,8925.039695,8306.784152,-5.221637649,10010.76471,10013.39376,-0.07677065,10007.71104,10007.77801,0.031675758,10004.03823,10004.02215,0.074237672,10000.56366,10000.49974,-5.303732975,10010.97333,10013.63907,1336.084853,8898.518467,8275.487094,-1058.332522,3161.427046,3819.749412
10833.02475,19587.31619,26963.26611,-1070.767386,3048.121934,3720.550004,1243.926166,9027.73548,8434.732121,-4.348887005,10043.56276,10045.78721,0.156924794,10031.30526,10031.16953,0.023500413,10038.69693,10038.68511,-0.157432102,10046.19233,10046.32907,-4.087605153,10043.01745,10045.11986,1188.890102,9115.839071,8538.472865,-892.6742397,3460.91745,3947.252064
11026.36106,19951.97601,27421.20046,-1060.361698,3198.935218,3864.623269,1333.800883,8672.156439,8046.394404,-6.627770417,9756.150124,9759.349519,-0.092562896,9748.773917,9748.854881,0.020802581,9744.48772,9744.476385,0.077263758,9740.756555,9740.690186,-6.666747753,9756.441983,9759.650719,1349.159691,8647.458656,8017.781695,-1053.295663,3203.730645,3862.668763
11345.31442,20733.6772,28425.98398,-1047.104603,3329.735458,3979.604405,1434.210683,8643.673707,7988.244748,-6.977895728,9832.679054,9836.028885,-0.209892056,9829.770764,9829.953537,0.021501383,9819.939341,9819.927641,0.19412554,9810.682993,9810.515398,-6.929598475,9832.297734,9835.63706,1413.870901,8675.694839,8025.653548,-1056.484092,3323.995372,3982.983306
10709.3019,19085.43007,26353.98631,-1078.775597,2981.198922,3662.673924,1186.732423,9118.819212,8544.857023,-3.792102496,10073.13388,10075.09324,-0.227856317,10080.11654,10080.31424,0.019302957,10069.28834,10069.27867,0.227778115,10058.53409,10058.33688,-3.834540821,10073.20963,10075.18947,1195.362062,9105.242886,8528.859586,-1075.125111,2984.296047,3662.366569
11125.76075,20230.10429,27811.64152,-878.9248602,3625.476557,4095.903388,1290.200403,8977.70115,8365.305138,-5.284636262,9991.373083,9994.036431,0.066007904,9981.564641,9981.508264,0.032705671,9984.640988,9984.624456,-0.068842665,9987.942346,9988.00286,-5.607248033,9992.253217,9995.058674,1357.79191,8873.261446,8242.670924,-1062.524715,3214.955531,3876.462145
11072.48756,19954.5532,27464.04215,-1061.240121,3211.278493,3874.904238,1347.627376,8757.147432,8128.164537,-6.26969524,9860.132746,9863.206933,-0.0073822,9850.570461,9850.577803,0.032261606,9850.223492,9850.206829,-0.001182597,9850.277791,9850.279756,-6.249557835,9860.049793,9863.116285,1342.585556,8765.015535,8137.327063,-1063.497066,3209.573805,3875.353224
10936.97394,19298.20038,26709.60629,-1051.777664,3174.289044,3828.033912,1349.630951,8799.078362,8171.493185,-5.873781351,9927.787513,9930.695955,0.059876131,9916.334406,9916.283006,0.034440939,9919.146729,9919.129053,-0.065579673,9922.266702,9922.324073,-5.925017023,9927.951569,9930.881456,1361.113046,8781.528434,8150.874237,-1046.82629,3177.941921,3826.939603
10548.53259,18763.12182,25919.1179,-1073.981668,2888.296101,3568.468688,1132.749292,9196.298641,8642.575172,-3.144993292,10110.53674,10112.18137,0.080775647,10103.92511,10103.85548,0.013368441,10107.71948,10107.71289,-0.080132486,10111.55016,10111.62,-3.111256793,10110.49066,10112.11818,1126.478373,9205.812787,8653.756148,-1076.450032,2885.430169,3567.899882
11172.3882,19889.03581,27466.09422,-1050.271819,3284.403587,3935.392975,1412.304928,8731.469416,8083.432971,-6.500176585,9907.289545,9910.466004,0.075505731,9893.170031,9893.105117,0.033341582,9896.753241,9896.735888,-0.084928202,9900.754717,9900.828898,-6.465537823,9907.158819,9910.321481,1404.290349,8743.432897,8097.412927,-1053.759002,3281.531538,3935.888127
11424.69745,20852.17343,28569.89928,-1016.580535,3431.328049,4062.636368,1503.913939,8305.836964,7630.772326,-7.065628284,9563.593778,9566.628609,0.112822611,9535.088791,9534.989829,-0.210278264,9541.397474,9541.499625,-0.180743708,9548.916857,9549.072749,-7.009366625,9563.872185,9566.865195,1513.93164,8290.19712,7612.92549,-1011.871804,3434.737663,4061.364718
11355.28998,20570.0586,28259.50611,-1053.178839,3348.877817,4005.799283,1428.94754,8628.532886,7973.39848,-7.137409107,9798.069158,9801.472912,-0.134947191,9790.699888,9790.81763,0.009981853,9784.473294,9784.467125,0.114600923,9778.915874,9778.817178,-7.199553253,9798.562577,9801.980683,1453.277083,8591.633171,7930.70721,-1042.212821,3357.733457,4004.002596
11340.05495,20783.14816,28466.63086,-1038.428043,3339.463964,3983.065117,1448.037452,8558.806628,7899.682114,-7.205698465,9766.743652,9770.143393,0.179606026,9743.466807,9743.311715,0.002479804,9752.124533,9752.122037,-0.202149663,9761.490589,9761.666644,-7.160287537,9766.10389,9769.505148,1417.165944,8607.216907,7955.879733,-1052.668705,3330.025824,3987.495441
11101.62338,20152.19493,27695.56137,-1076.198276,3200.915004,3877.759305,1317.908821,8842.762122,8221.887233,-5.946787104,9899.257681,9902.204231,0.081129583,9886.741458,9886.6718,0.034239219,9890.56483,9890.547233,-0.08784816,9894.732264,9894.809118,-6.132171323,9899.944073,9902.964384,1362.575736,8772.762719,8140.064617,-1056.152709,3215.31471,3873.04681
11479.55743,21194.54844,28964.18471,-1025.18586,3413.988924,4048.540431,1496.161742,8425.196693,7752.119321,-7.425723135,9677.570743,9680.937551,-0.204139987,9668.144798,9668.322343,-0.069292217,9658.989295,9659.02197,0.163190479,9650.8187,9650.677509,-7.470297234,9676.92894,9680.346448,1469.754201,8466.764207,7800.079936,-1037.602773,3405.938099,4052.749506
10664.31412,19055.23053,26306.67252,-1084.559317,2960.198667,3647.670087,1162.147732,9148.096747,8581.733356,-3.659177524,10070.42891,10072.32378,-0.122478876,10072.64474,10072.75113,0.019213197,10066.80709,10066.79746,0.12250776,10061.03989,10060.93394,-3.858632166,10070.79825,10072.7884,1204.97448,9079.395016,8500.695531,-1066.185516,2974.227597,3644.587783
11245.64018,20388.38596,28018.87793,-1053.238033,3285.418741,3939.752037,1405.492367,8725.996819,8079.609689,-6.549305629,9889.240967,9892.436135,0.237717057,9867.246253,9867.040674,0.032063369,9878.505017,9878.488282,-0.247850317,9890.199631,9890.415064,-6.478620756,9888.917027,9892.08676,1386.042923,8756.138128,8114.883713,-1062.000011,3279.404228,3942.188745
11216.60047,20088.92102,27705.40523,-1058.806063,3297.078396,3956.333737,1402.408007,8748.005979,8101.82241,-6.527479681,9899.750762,9902.941219,0.022158096,9888.121838,9888.103215,0.032856705,9889.18744,9889.17031,-0.032094352,9890.686569,9890.714984,-6.547159669,9899.830898,9903.028944,1407.209491,8740.748252,8093.351633,-1056.680371,3298.770931,3955.976735
11466.6429,21094.92461,28858.8426,-1019.583033,3440.115858,4073.029715,1506.917935,8342.128564,7665.912924,-7.256216794,9599.848716,9603.023828,-0.033982281,9579.42707,9579.456186,-0.156213652,9578.626023,9578.701507,-0.024433063,9578.977917,9578.998742,-7.348894026,9599.263096,9602.512189,1485.156878,8376.220159,7704.833078,-1029.886478,3432.577107,4075.674224
11609.77233,21183.75615,29015.95482,-1023.898395,3484.845323,4122.194926,1520.804297,8370.697172,7689.25869,-7.398965171,9629.181774,9632.434183,-0.214634649,9617.173394,9617.359201,-0.170925796,9607.912175,9607.994891,0.153187654,9599.837098,9599.703684,-7.212983457,9630.470028,9633.569862,1568.307959,8298.579615,7606.872095,-1001.886217,3502.281479,4117.631847
11396.94298,20674.64666,28422.8194,-1047.223768,3384.348981,4033.587572,1463.259984,8646.724336,7982.177948,-7.118804168,9856.531885,9859.945621,0.057059914,9840.643704,9840.594756,0.021803597,9843.435148,9843.423188,-0.073598892,9846.818364,9846.88271,-7.056514753,9856.115623,9859.512143,1441.370643,8680.143408,8021.100246,-1057.178888,3377.079259,4036.020707
11588.04971,21632.95408,29467.09049,-780.3052015,3899.498388,4297.964349,1519.722686,8214.438149,7533.858286,-6.431767545,9468.756878,9471.314234,-0.0444696,9443.182109,9443.218365,-0.442586928,9442.852054,9443.069485,-0.058040937,9443.822493,9443.870529,-5.981202051,9469.912153,9472.178757,1557.198111,8155.047831,7466.752278,-993.8835282,3502.162562,4117.861351
11228.98379,20511.50488,28136.29013,-1069.092487,3266.175787,3937.186657,1361.82842,8743.633155,8108.467931,-6.558400642,9840.057464,9843.2554,0.177053597,9820.874386,9820.721443,0.029752158,9829.277278,9829.261638,-0.188641498,9838.154095,9838.318291,-6.565985296,9840.063638,9843.265767,1362.092805,8743.666054,8108.596997,-1069.084368,3266.867977,3937.883078
11309.02624,20797.61231,28479.41717,-1042.363121,3324.030869,3970.387784,1436.497292,8603.995379,7948.481819,-7.06511358,9799.652405,9803.022633,0.280791988,9772.85504,9772.611968,0.016888268,9786.231448,9786.221911,-0.298655276,9800.221197,9800.480698,-6.9224493,9798.550375,9801.887171,1380.187841,8691.6741,8050.146855,-1068.166256,3305.204468,3976.485604
11188.33927,19931.10894,27504.45968,-1036.342911,3315.6941,3956.416039,1443.163506,8581.030105,7924.087398,-7.082779978,9793.619816,9796.98399,-0.042768884,9781.690877,9781.728514,0.012014525,9779.810299,9779.8031,0.023142377,9778.578961,9778.559428,-7.047140486,9793.356465,9796.711728,1429.872214,8601.155339,7947.446021,-1042.239626,3311.096704,3957.558314
11143.76354,20228.52872,27803.55154,-1075.428278,3225.644301,3901.410397,1333.286543,8829.977255,8204.127502,-6.072787941,9899.743657,9902.745675,-0.185422999,9899.477427,9899.638697,0.034247666,9890.707379,9890.689692,0.17785909,9882.301577,9882.147864,-6.237114567,9900.371712,9903.438376,1373.313005,8767.556069,8131.192025,-1057.434736,3238.734712,3897.3114
11469.3612,21053.48575,28813.03679,-1021.204895,3448.409788,4085.259316,1501.366933,8313.276636,7637.874724,-7.107797781,9556.9434,9559.993422,-0.114804145,9538.842849,9538.941355,-0.230405365,9534.500897,9534.613004,0.043364435,9531.392684,9531.353877,-6.958239615,9557.610133,9560.552048,1524.976633,8276.288963,7595.758545,-1010.002192,3456.598388,4082.309942
11138.23311,20052.81989,27624.31967,-1054.317987,3248.334512,3902.875364,1387.646232,8783.408559,8143.155897,-6.151342654,9936.067449,9939.102085,0.125449832,9920.841973,9920.733708,0.035025346,9926.761642,9926.743623,-0.131912401,9933.013998,9933.128847,-5.990463521,9935.515967,9938.484635,1350.731901,8840.04828,8209.555397,-1070.65162,3236.201846,3906.399415
11574.26608,21364.67792,29209.5271,-1033.22461,3461.955368,4105.711333,1501.341227,8441.269592,7765.036177,-7.553329113,9676.941208,9680.358603,-0.133272813,9663.515521,9663.631185,-0.093069708,9657.802903,9657.847189,0.086587869,9653.145088,9653.069982,-7.508380798,9677.405916,9680.779879,1519.772803,8412.485569,7731.91831,-1024.511815,3467.903999,4103.012752
11111.72245,20300.78412,27875.17721,-1063.583117,3221.432872,3885.959021,1352.592814,8798.840999,8168.470533,-6.063616341,9904.655425,9907.650567,-0.070315442,9898.923051,9898.984519,0.034927457,9895.581975,9895.564027,0.06408881,9892.566813,9892.511748,-5.798455571,9903.689967,9906.57874,1289.35265,8899.16614,8285.524291,-878.7244446,3629.83143,4102.853122
11334.24615,20577.25595,28282.67379,-1050.243296,3356.637267,4009.603166,1441.4836,8644.424122,7986.213387,-7.072211447,9831.294362,9834.684395,0.106891894,9813.101919,9813.009726,0.020325479,9818.253041,9818.241806,-0.123831287,9824.002113,9824.110003,-7.001612235,9830.802013,9834.173276,1415.962164,8683.74021,8031.866395,-1061.912532,3347.956484,4012.231215
11290.656,20569.1457,28209.89437,-1049.996702,3330.224345,3987.618044,1414.494612,8539.038,7887.850074,-7.290174303,9692.446106,9695.853799,-0.098563448,9681.17412,9681.260195,-0.025820701,9676.825321,9676.836648,0.068077059,9673.313792,9673.255272,-7.29991938,9692.830908,9696.228596,1431.318233,8512.805339,7857.74569,-1042.21758,3336.306052,3986.165824
11522.59173,21286.21979,29096.91872,-1041.671929,3424.664476,4074.61651,1474.328345,8499.318725,7830.657272,-7.525222523,9707.401946,9710.870443,0.147473835,9682.613676,9682.486057,-0.055391366,9689.998191,9690.023963,-0.185761278,9698.33724,9698.498731,-7.490119534,9708.370965,9711.780874,1514.912844,8436.423853,7758.100359,-1022.768831,3437.867468,4069.145343
10870.64379,19471.90581,26834.63615,-1087.035086,3046.019079,3733.722866,1212.245675,9062.90831,8478.023659,-4.354582189,10022.89502,10025.12205,-0.224934646,10028.724,10028.91945,0.025214497,10018.0325,10018.01984,0.224137257,10007.46615,10007.27234,-4.591143185,10023.38456,10025.72288,1258.515554,8990.890078,8393.437484,-1067.220624,3062.933823,3732.063568
11239.64293,20093.63859,27700.43789,-1033.180908,3346.724966,3986.088728,1458.494011,8518.769689,7856.936052,-7.276707484,9741.379612,9744.780206,0.036724052,9723.813639,9723.782133,-0.01122669,9725.79435,9725.79843,-0.063782561,9728.556757,9728.612443,-7.25381086,9741.020635,9744.423172,1441.954701,8544.077497,7886.185769,-1040.654776,3341.038652,3987.700972
10913.53609,19385.55499,26804.28781,-1063.065658,3127.699048,3790.500906,1309.32835,8966.086733,8352.018356,-4.848066822,10051.2454,10053.70553,0.149127416,10038.37988,10038.25096,0.027664563,10045.39991,10045.38594,-0.150406601,10052.56295,10052.69364,-4.707001741,10050.9382,10053.33286,1280.7221,9009.790209,8403.632097,-1075.284391,3118.00583,3792.374185
10791.30229,19475.37398,26809.71738,-884.5620018,3454.41681,3934.680176,1196.9787,9032.5623,8452.24795,-4.48693809,9975.062636,9977.349736,-0.015220652,9970.671685,9970.685551,0.026772869,9969.902351,9969.888917,0.014304202,9969.273113,9969.261383,-4.597461042,9975.324089,9977.661457,1220.201636,8994.850703,8408.076395,-1076.411754,3033.257799,3712.539959
10859.32153,19354.33533,26707.25102,-1055.361733,3104.375528,3763.362191,1300.175981,8837.544854,8225.799022,-5.502240234,9919.171219,9921.913922,-0.062375241,9914.479391,9914.534261,0.032658706,9911.493652,9911.477062,0.058554041,9908.760889,9908.710903,-5.459652966,9919.036293,9921.761243,1290.149899,8853.534487,8244.577854,-1059.791025,3101.499097,3764.686048
11597.33854,21487.1273,29330.53764,-1011.638602,3499.016099,4130.076634,1532.037136,8250.30484,7566.553769,-6.765944231,9521.278893,9524.057887,-0.052243531,9497.560993,9497.604675,-0.334386233,9496.514513,9496.678202,-0.035383605,9496.767428,9496.79647,-6.698110465,9521.495701,9524.229174,1539.318783,8238.834171,7553.55577,-1008.124973,3501.603736,4129.151072
11240.46139,20150.56409,27784.67449,-1054.620108,3320.828517,3977.055087,1418.8435,8694.969738,8043.641364,-6.809105738,9862.268215,9865.564237,0.014775949,9849.73288,9849.720601,0.027587755,9850.489396,9850.474698,-0.028232266,9851.765388,9851.790401,-6.825100658,9862.354674,9865.655947,1423.649359,8687.606338,8035.054211,-1052.457037,3322.410857,3976.54167
11321.56579,20608.07312,28267.22996,-1033.61024,3370.803756,4014.785991,1456.201778,8428.664317,7766.398333,-7.352989922,9633.884384,9637.219668,-0.105919765,9619.979923,9620.071832,-0.078265921,9615.501771,9615.538784,0.062850647,9612.023858,9611.969292,-7.383281317,9633.441303,9636.810853,1438.458133,8456.582397,7798.334962,-1041.944828,3364.584266,4016.695953
11305.46224,20821.54112,28502.56246,-848.9576976,3729.631613,4176.671377,1374.946939,8691.803352,8051.672415,-6.92261212,9790.282644,9793.620766,0.161354629,9770.270314,9770.130966,0.018436161,9777.995581,9777.985325,-0.178529958,9786.322812,9786.478267,-6.976209142,9790.775892,9794.123071,1400.122521,8651.552254,8004.994322,-1058.008446,3310.295484,3972.054077
11069.03844,19861.586,27362.12101,-1070.387093,3176.211709,3846.409566,1319.277465,8893.446109,8273.799704,-5.508105764,9967.859672,9970.61582,0.144627008,9953.599383,9953.474749,0.033145465,9960.402851,9960.386028,-0.148222028,9967.452986,9967.582218,-5.616700779,9968.140252,9970.945244,1340.187513,8862.149335,8237.174368,-1061.46181,3184.298571,3846.010802
11089.18064,20052.24601,27558.2233,-1056.160261,3216.772297,3876.989725,1355.240275,8691.873493,8060.557393,-6.558938759,9804.833978,9808.01453,-0.287605465,9807.158362,9807.408339,0.026005492,9793.632558,9793.618709,0.274521633,9780.610008,9780.372411,-6.579616107,9804.973789,9808.159766,1363.068283,8679.252894,8045.828619,-1052.554221,3218.893656,3875.649066
10783.65587,19413.88229,26730.16655,-896.185734,3430.350822,3922.519433,1166.631541,9077.541748,8506.187087,-4.297958968,9977.311962,9979.510724,-0.262224765,9984.995794,9985.223569,0.025996141,9972.547011,9972.533928,0.261079605,9960.235763,9960.009845,-4.70409408,9978.218474,9980.604977,1248.25543,8946.87656,8353.245498,-1060.52145,3032.269734,3697.052895
10660.57266,18842.77675,26112.3309,-1087.631952,2973.138646,3661.173092,1170.259366,9250.182469,8682.781951,-3.103973767,10182.91587,10184.54433,0.022411228,10179.197,10179.17772,0.013225441,10180.23211,10180.22552,-0.021932783,10181.3002,10181.31934,-3.228381693,10183.1071,10184.79688,1198.831264,9205.285905,8629.407889,-1075.580325,2982.633926,3659.443655
11201.53249,20534.69483,28156.82367,-859.8149119,3693.020912,4151.054872,1342.130688,8729.049779,8098.215266,-6.738714742,9787.908064,9791.178597,-0.082764206,9780.298048,9780.370352,0.023690756,9776.467416,9776.454612,0.067734469,9773.189992,9773.131756,-6.800312498,9788.369005,9791.654518,1366.189357,8690.323351,8053.422334,-1066.729314,3275.206605,3945.449372
11383.96896,20672.5013,28371.94094,-1030.273696,3392.484844,4031.284212,1478.837773,8456.132252,7787.877444,-7.412473875,9689.708914,9693.102529,0.195275036,9662.377321,9662.207971,-0.053143853,9672.009248,9672.033867,-0.233058186,9682.581388,9682.783695,-7.414460896,9689.478692,9692.882563,1469.201836,8470.853178,7804.780026,-1034.681849,3388.981204,4032.103076
10789.09738,19127.4661,26462.42925,-1063.779406,3063.531643,3728.750539,1267.948068,9011.711102,8411.729091,-4.414331047,10061.35961,10063.61608,0.086613307,10052.31876,10052.24402,0.023658113,10056.37886,10056.36697,-0.08705563,10060.54226,10060.61804,-4.138452122,10060.80691,10062.93323,1211.23797,9100.361996,8516.326539,-1088.121183,3044.344455,3732.402164
11367.58042,20742.31319,28466.82004,-1064.189908,3334.923116,3999.701836,1410.304589,8738.495659,8088.965936,-6.73625155,9882.88793,9886.167334,0.150030269,9864.540895,9864.41144,0.03010037,9871.672568,9871.656722,-0.162016331,9879.29189,9879.43299,-6.763171787,9883.053871,9886.341044,1419.792976,8723.460907,8071.347741,-1059.769978,3337.504584,3997.999126
11695.47772,21413.68786,29334.42461,-1012.611316,3538.246945,4162.953416,1570.505597,8374.168564,7679.809265,-7.534222579,9690.635061,9693.963326,-0.185755772,9677.511936,9677.672702,-0.126436532,9669.456238,9669.516875,0.131737774,9662.535958,9662.421264,-7.56736487,9690.315121,9693.674244,1558.263656,8392.635971,7700.993513,-1018.284923,3533.814822,4164.215052
11129.7417,19997.20739,27554.73726,-1054.221918,3254.719732,3910.452125,1386.736646,8737.239901,8096.76095,-6.418338229,9884.796763,9887.935868,-0.168737306,9882.424274,9882.57109,0.032966637,9874.461899,9874.444746,0.159445577,9866.911665,9866.773917,-6.33538959,9884.460253,9887.567436,1366.221456,8768.751551,8133.541075,-1063.339317,3247.772804,3912.257083
10655.70706,18891.89505,26118.49067,-1065.621843,2957.009569,3626.801575,1196.665371,9130.676013,8555.752975,-3.548877285,10118.96676,10120.80969,-0.019742678,10116.5072,10116.52495,0.015870724,10115.52888,10115.52108,0.020475053,10114.60069,10114.58358,-3.508658775,10118.89695,10120.7205,1187.455794,9145.350536,8573.156176,-1069.522647,2954.192697,3627.624697
10379.49288,18002.98757,25052.00377,-1066.273576,2848.339065,3522.137677,1122.233805,9278.655495,8730.935483,-2.610037547,10202.64347,10204.02471,0.045555054,10198.45654,10198.4172,0.009210412,10200.59536,10200.59081,-0.044994188,10202.75059,10202.78971,-2.757988295,10202.84036,10204.29608,1158.569099,9221.745491,8663.19238,-1051.670152,2860.764227,3520.976533
11168.35386,20307.65054,27887.70528,-1039.31645,3284.366831,3928.841508,1419.067321,8582.754807,7932.898002,-7.000321249,9770.075152,9773.404647,-0.129597476,9762.537303,9762.650202,0.014266788,9756.545373,9756.537098,0.110961427,9751.179579,9751.083804,-6.873339279,9769.026454,9772.328968,1366.160573,8665.522398,8028.745639,-1063.423989,3266.754598,3934.469403
11347.72781,20452.51501,28123.57478,-1021.984866,3402.15029,4034.418498,1493.53162,8395.860215,7723.9688,-7.346919235,9650.578061,9653.87599,6.90E-05,9630.748554,9630.748373,-0.093497478,9631.32597,9631.370444,-0.046474836,9632.942936,9632.983146,-7.347943012,9650.552265,9653.851763,1492.511236,8397.389424,7725.715269,-1022.445014,3401.748088,4034.469088
11397.9219,21082.13749,28815.10288,-1045.699357,3351.46782,4002.121112,1440.520178,8581.877797,7924.313834,-7.231142086,9769.628244,9773.051363,-0.414810796,9774.633645,9774.993857,0.003695163,9755.228189,9755.225056,0.392281644,9736.527747,9736.187875,-7.177759918,9768.960291,9772.381348,1408.452401,8632.07541,7982.391598,-1060.589101,3340.86878,4005.9559
11270.5359,20339.01969,27982.32779,-1038.508481,3318.970223,3959.244302,1449.407909,8654.289078,7995.712334,-6.849126772,9875.027143,9878.333762,-0.10427485,9867.854223,9867.945367,0.02838403,9862.971884,9862.956877,0.091676722,9858.592119,9858.513358,-6.726296956,9874.410791,9877.67524,1414.259168,8707.60341,8058.068722,-1054.084399,3307.656018,3963.076106
10449.64507,18560.60081,25674.04395,-1054.444061,2891.605294,3554.680836,1169.303155,9090.897404,8526.179145,-3.5184407,10068.79295,10070.61683,0.003379887,10065.20283,10065.2001,0.015976125,10065.33029,10065.32231,-0.003079338,10065.50747,10065.51033,-3.176651969,10068.213,10069.87102,1095.081903,9211.739902,8668.423289,-895.3348442,3291.625228,3786.344225
10906.48526,19496.04981,26928.04642,-1088.325289,3089.031177,3774.966478,1242.169658,9124.143404,8530.669356,-4.048552563,10114.65592,10116.74359,0.039038725,10108.65135,10108.61782,0.021464542,10110.46162,10110.45085,-0.039100845,10112.3547,10112.38888,-4.105374411,10114.76629,10116.88085,1254.440424,9104.865864,8507.827221,-1082.967899,3092.920319,3773.830133
11680.64905,21601.21013,29545.05591,-814.7305159,3927.178913,4346.712702,1499.556381,8530.095104,7852.368703,-7.735110389,9739.690309,9743.265428,-0.086877905,9725.700551,9725.776065,-0.054835396,9722.035133,9722.060544,0.047791917,9719.344721,9719.303417,-7.698447732,9740.553716,9744.07406,1535.177268,8474.990556,7788.984175,-1031.051784,3515.865286,4156.122718
11734.01721,21717.72315,29643.58594,-996.4820006,3555.720107,4172.031925,1584.424133,8221.678926,7524.817372,-6.589315069,9556.046131,9558.683636,-0.078562315,9532.264545,9532.331048,-0.375809026,9530.109032,9530.293256,-0.015162071,9529.276256,9529.287728,-6.215387075,9557.294647,9559.679011,1626.052344,8158.640938,7453.0366,-977.1150889,3570.656549,4167.175491
10587.67731,18760.12574,25956.48176,-1051.835614,2941.444618,3598.983031,1213.280594,9120.779388,8542.357684,-3.419909969,10147.99094,10149.7722,-0.180752011,10153.36411,10153.5209,0.013898719,10144.7681,10144.76117,0.181111122,10136.21147,10136.05467,-3.138536927,10147.55436,10149.19709,1150.063285,9219.556355,8659.617967,-1077.86957,2920.175066,3602.015166
11484.58548,21241.85888,29039.5764,-1052.602025,3403.411128,4063.054326,1447.302095,8553.327255,7891.625668,-7.479115271,9724.52052,9728.01574,0.078739805,9704.418832,9704.351018,-0.028708384,9708.453731,9708.466425,-0.110585795,9713.35453,9713.450962,-7.473889291,9725.035489,9728.506837,1469.720619,8517.91054,7850.76885,-1041.966456,3410.587835,4059.830833
10475.23848,18491.55141,25591.56567,-1065.255518,2859.50535,3532.690689,1129.491951,9214.042928,8663.092328,-2.940874583,10141.90689,10143.45122,0.093795345,10134.96597,10134.88499,0.011495939,10139.38324,10139.37757,-0.093148893,10143.82771,10143.90874,-2.951297396,10141.92975,10143.47867,1133.306673,9207.195091,8654.940613,-1063.484412,2859.976419,3531.534067
11263.25829,20448.35902,28109.04616,-1051.219477,3308.967205,3961.045504,1421.970583,8714.585399,8063.221535,-6.64393613,9893.262829,9896.498482,-0.170184817,9890.258125,9890.406194,0.032362703,9882.236352,9882.219438,0.159814542,9874.65766,9874.519611,-6.481777272,9892.544225,9895.720054,1379.383626,8779.939312,8139.531632,-1070.367688,3294.74615,3965.278915
10998.48571,19835.6619,27302.1918,-1057.555394,3181.388377,3841.951844,1337.566267,8761.243451,8136.22155,-6.124873629,9863.369316,9866.380354,0.209860854,9843.957949,9843.776445,0.03327075,9853.875799,9853.858596,-0.217621626,9864.160295,9864.349507,-5.99265226,9862.867581,9865.826287,1306.006974,8810.782462,8193.89861,-1071.646489,3170.641249,3844.595271
11469.90501,21081.51886,28865.06956,-1041.745259,3403.000923,4050.289041,1471.568687,8552.86812,7885.909478,-7.407261276,9766.931744,9770.410425,0.212008752,9741.247216,9741.063789,-0.004849246,9751.476698,9751.477697,-0.237523458,9762.470112,9762.67661,-7.342824312,9765.852737,9769.339505,1421.867136,8630.036546,7974.91227,-838.9361191,3811.208501,4250.453392
11004.37722,19920.31847,27407.90594,-1085.617344,3143.139817,3828.312459,1271.571839,8954.010698,8348.276356,-5.229768724,9961.884877,9964.517766,0.033284909,9953.630337,9953.602088,0.032488286,9955.166015,9955.149533,-0.036280363,9956.923324,9956.95538,-5.412338337,9962.398948,9965.111358,1310.991487,8891.752227,8275.284033,-1068.026911,3156.000309,3824.558366
11201.37919,20154.35448,27768.10087,-1066.819551,3268.247433,3934.107135,1376.286472,8824.724578,8186.601513,-6.107002841,9946.868672,9949.890357,-0.005861329,9938.128354,9938.134141,0.035176529,9937.83172,9937.813683,-0.000342053,9937.867256,9937.868259,-6.104483307,9946.859482,9949.880162,1375.671597,8825.680349,8187.723994,-1067.096764,3268.059931,3934.185696
11585.93994,21193.79188,29007.32897,-991.3369862,3513.028499,4123.418695,1575.090007,8185.483774,7492.621885,-6.328543306,9526.100341,9528.587206,-0.085324122,9502.455012,9502.527122,-0.37187024,9499.973472,9500.155704,-0.007640309,9498.797343,9498.802004,-6.388482903,9525.91111,9528.438177,1568.752778,8195.278237,7503.782477,-994.3150933,3510.893583,4124.305972
11526.73327,21194.89756,28994.35628,-1017.639637,3473.821975,4107.950155,1517.597481,8299.334939,7619.458265,-7.076869581,9557.952875,9560.964453,-0.090865827,9538.105106,9538.182771,-0.240695437,9534.927731,9535.044934,0.017527331,9532.999357,9532.982923,-7.091417636,9557.88896,9560.910984,1515.36423,8302.818589,7623.408802,-1018.703844,3472.992258,4108.175906
10866.40052,19358.11555,26744.32842,-1073.688408,3090.997134,3764.960539,1265.555662,9006.132167,8405.233503,-4.627110116,10035.32839,10037.68438,0.130171635,10023.80689,10023.69438,0.026557974,10029.92898,10029.91558,-0.131211513,10036.18263,10036.29667,-4.530131809,10035.11826,10037.42918,1245.860964,9036.89609,8441.453323,-1082.227099,3084.258886,3766.247238
10995.21375,19661.45288,27143.29547,-1076.737011,3171.575503,3847.601476,1305.439449,8923.558664,8307.852353,-5.371887837,9975.947634,9978.644792,0.005534798,9968.654642,9968.650308,0.033044202,9968.879801,9968.862991,-0.00876339,9969.331001,9969.339063,-5.41384631,9976.063544,9978.7791,1314.331601,8909.705293,8291.594641,-1072.800834,3174.54297,3846.839485
11321.32079,20803.79147,28501.89005,-838.5525918,3774.56067,4216.421788,1403.226325,8566.885277,7917.008455,-7.401813689,9686.621148,9690.087842,-0.117995641,9676.109382,9676.212001,-0.039273889,9670.908203,9670.926039,0.083605688,9666.601313,9666.529,-7.379338978,9688.5366,9691.913859,1484.877498,8438.834942,7769.847807,-1024.078757,3380.929177,4013.481507
11140.8302,20179.03438,27725.89095,-1065.394497,3243.199708,3912.667405,1350.797915,8687.922089,8056.008215,-6.728758227,9777.108227,9780.358172,0.060688496,9762.357536,9762.305771,0.020338837,9765.305242,9765.294172,-0.076218917,9768.820365,9768.887362,-6.811567451,9777.654345,9780.927717,1379.218099,8643.310126,8004.434766,-1052.443234,3253.132566,3910.20253
11252.43639,20488.1419,28148.73719,-1066.618788,3287.109709,3953.560283,1383.664859,8787.873839,8146.994625,-6.352043277,9911.872705,9914.996174,-0.000452072,9902.058633,9902.059755,0.034495351,9902.032221,9902.014428,-0.007441817,9902.388094,9902.395277,-6.254228976,9911.480906,9914.566575,1359.306447,8825.771331,8191.247885,-1077.706118,3278.997319,3956.058697
11344.70092,20696.41123,28362.31985,-1037.966584,3341.529492,3985.689216,1446.558906,8534.348475,7875.926914,-7.273958878,9738.629202,9742.038901,0.239050945,9711.775247,9711.568588,-0.011322031,9723.292769,9723.297034,-0.265498833,9735.586376,9735.817432,-7.24774779,9738.504795,9741.904445,1441.014123,8541.781652,7884.262543,-1040.239179,3338.160497,3984.492564
11097.77171,20196.86267,27722.89776,-1059.50986,3212.482382,3875.478183,1348.137099,8718.350987,8088.981142,-6.441257241,9820.93539,9824.073807,0.032893864,9808.71828,9808.69085,0.029332943,9810.292723,9810.277463,-0.043305287,9812.31923,9812.357888,-6.377106209,9820.603442,9823.720301,1329.059863,8748.770876,8124.345906,-1068.237512,3206.424599,3877.742222
11112.91257,20128.12844,27707.10223,-1060.189204,3222.553524,3881.43114,1367.622615,8870.62102,8236.94738,-5.611560844,10002.65694,10005.46417,0.052014518,9992.60814,9992.563492,0.033290677,9995.033389,9995.016454,-0.055172591,9997.682388,9997.730643,-5.284154024,10001.76063,10004.42403,1297.983909,8978.193863,8363.48973,-1091.045507,3199.629885,3887.848833
11208.58172,20591.9494,28228.86994,-869.9285501,3680.555792,4146.637919,1323.397274,8810.908876,8185.835591,-6.381426977,9844.985307,9848.122075,0.074748991,9831.534152,9831.469875,0.032047828,9835.090446,9835.073704,-0.0851341,9839.090458,9839.164831,-6.502500228,9845.610454,9848.78814,1359.242316,8753.41107,8119.072539,-1070.332724,3264.8532,3936.887148
11069.24859,20205.26976,27706.42245,-1057.272067,3197.528653,3859.560862,1340.772672,8687.42377,8060.430534,-6.522172462,9784.949628,9788.112485,0.023121944,9772.692049,9772.673356,0.02578464,9773.81848,9773.804989,-0.034914073,9775.434576,9775.466225,-6.449505368,9784.523549,9787.664002,1317.267846,8725.125577,8104.130479,-1068.058552,3189.938087,3862.237971
10638.66163,18828.12453,26067.56171,-1067.164655,2986.217757,3656.774817,1212.120958,9089.363725,8508.324927,-3.839874679,10086.75478,10088.73709,-0.097140382,10087.45277,10087.53717,0.019075361,10082.8155,10082.80594,0.097193221,10078.24677,10078.16275,-3.692597172,10086.49068,10088.40213,1180.987304,9138.552598,8566.4239,-1080.366502,2975.702307,3658.582738
11086.75665,20192.99315,27705.33358,-1067.656391,3187.972401,3858.450442,1321.386699,8773.098325,8151.693757,-6.213416748,9842.460267,9845.510566,0.242655553,9821.243634,9821.033874,0.031123806,9832.724516,9832.708334,-0.252141553,9844.623235,9844.842592,-6.358190519,9843.133845,9846.235688,1361.960564,8708.717269,8076.580717,-1049.321039,3200.319605,3853.281896
10934.8414,19847.97031,27279.03488,-874.514738,3547.509834,4018.541693,1256.123454,8876.30719,8274.523198,-5.606320088,9866.775627,9869.569602,0.011944112,9858.424468,9858.414829,0.033702209,9858.963775,9858.946559,-0.017152285,9859.800644,9859.816237,-5.682041841,9867.044933,9869.869518,1274.076493,8847.128588,8240.582593,-1074.923463,3126.147059,3803.875474
11215.97786,20333.79308,27932.48325,-1057.677352,3255.688422,3914.548147,1381.395159,8752.385391,8113.162331,-6.380614769,9890.233383,9893.358931,0.116093751,9874.585212,9874.485686,0.032331192,9880.071148,9880.054495,-0.124600603,9885.963174,9886.072348,-6.386006378,9890.21022,9893.340171,1379.835118,8755.657002,8117.142331,-1058.578256,3256.310596,3916.05543
11478.16754,21059.34854,28829.53015,-1035.693448,3418.615627,4063.483159,1479.614105,8462.997576,7793.364666,-7.485399198,9683.647047,9687.06793,0.246624534,9653.48964,9653.275656,-0.065580006,9665.593434,9665.624168,-0.287400144,9678.678686,9678.928066,-7.483872522,9683.760766,9687.176377,1484.235349,8456.018274,7785.397109,-1033.577934,3420.472066,4063.269997
11061.22905,19968.73302,27490.21137,-1075.11679,3207.05224,3883.460947,1321.422684,8813.596399,8191.168117,-6.116097113,9872.494559,9875.510256,-0.131022027,9869.409003,9869.523122,0.033390478,9863.222888,9863.205569,0.122498725,9857.426954,9857.321232,-6.33152944,9873.35618,9876.455218,1374.622347,8730.664739,8094.486041,-1051.305437,3224.889172,3878.564846
11621.04999,21546.71464,29432.40758,-796.1601739,3917.310634,4324.587378,1514.11455,8369.924153,7689.345353,-7.433555677,9607.84432,9611.100421,-0.11541889,9590.630154,9590.729458,-0.191423372,9586.126471,9586.21926,0.049889496,9582.838962,9582.794792,-7.266801719,9608.678124,9611.809976,1544.212737,8322.7604,7635.560838,-1014.481044,3510.156233,4139.923036
10754.96715,19120.07925,26449.53573,-1087.898717,3023.020646,3710.584371,1200.200349,9162.603719,8583.631932,-3.680684796,10117.01648,10118.92544,0.001142796,10113.40484,10113.40408,0.018284108,10113.42321,10113.41406,-0.000928184,10113.50301,10113.50405,-3.68635935,10117.02664,10118.93834,1201.42847,9160.650696,8581.32175,-1087.366061,3023.42562,3710.492974
11261.94475,20322.39715,27943.12834,-1034.378467,3350.102777,3992.756073,1451.125752,8474.538495,7814.225087,-7.322090347,9682.579347,9685.953108,0.068412947,9662.053862,9661.994658,-0.042444529,9665.657053,9665.676429,-0.103432064,9670.159017,9670.248927,-7.323562157,9682.540947,9685.917108,1449.470291,8477.175839,7817.277139,-1035.154389,3349.632595,3993.047204
11531.66916,21287.19223,29127.66783,-822.3682541,3863.39189,4288.973461,1464.529384,8542.125799,7874.871014,-7.581687395,9724.245878,9727.771761,0.123011846,9701.331996,9701.225458,-0.040237358,9707.51165,9707.52991,-0.158296548,9714.607596,9714.745098,-7.568416513,9724.907293,9728.399284,1492.518668,8498.442895,7824.62896,-1038.521674,3448.983727,4095.571549
11175.30724,20009.69179,27572.18424,-1039.734975,3302.042953,3947.105253,1426.5449,8570.874284,7918.432774,-7.089286886,9761.950769,9765.307586,-0.087801223,9751.847917,9751.924573,0.006339223,9747.868596,9747.864158,0.066361468,9744.570996,9744.51392,-7.055934907,9761.655214,9765.005636,1412.107978,8592.999609,7944.022497,-1046.213213,3296.977885,3948.31955
11376.94131,21080.76255,28816.90887,-851.5122107,3769.872999,4224.35273,1383.004295,8613.245147,7968.217805,-7.397646791,9697.571162,9701.068137,-0.213123912,9692.418204,9692.603501,-0.027463354,9682.678385,9682.690468,0.181705478,9673.792952,9673.63567,-7.399283449,9699.652718,9703.066825,1473.196249,8470.552844,7804.320519,-1030.904126,3380.420484,4019.307959
11414.93808,20931.23674,28665.16381,-1037.185563,3405.958949,4053.957587,1465.859339,8434.858295,7768.740215,-7.435453482,9638.081015,9641.443814,-0.175241583,9626.868646,9627.020493,-0.100307134,9619.20899,9619.256818,0.127271118,9612.606756,9612.496066,-7.362274766,9638.85682,9642.148507,1496.280114,8387.36975,7714.336187,-1022.917985,3416.394054,4050.349538
11338.66209,20415.18355,28088.7112,-1040.320505,3378.166364,4025.588143,1457.553253,8514.490037,7851.359036,-7.386714899,9718.685457,9722.114634,-0.114773198,9707.326391,9707.426218,-0.03483906,9702.25871,9702.274341,0.081365798,9698.072848,9698.002509,-7.404620673,9719.608582,9723.010436,1497.759424,8453.247484,7780.721206,-1022.070502,3392.150643,4021.637104
11253.50501,20016.37948,27625.05061,-1023.758382,3367.591832,3998.353761,1484.145126,8468.955218,7800.427656,-7.345945639,9725.227564,9728.618626,-0.063870329,9711.121662,9711.177311,-0.029290886,9708.43314,9708.446034,0.031896202,9706.603214,9706.575778,-7.337698745,9725.017594,9728.412592,1474.825467,8483.008804,7816.667276,-1027.919169,3364.35594,3999.213016
11371.37462,20510.01689,28206.81232,-1036.684501,3372.999826,4013.54769,1472.13306,8577.378942,7911.381057,-7.250156346,9808.834517,9812.268769,-0.233456481,9805.32086,9805.523806,0.008741553,9794.45359,9794.447956,0.212311981,9784.268286,9784.08463,-7.196463269,9808.413754,9811.835423,1451.347623,8608.549028,7947.513937,-1045.959668,3365.499,4015.105048
11309.98938,20709.19064,28391.85075,-1060.903954,3334.532324,4000.731366,1402.493609,8613.998099,7965.489741,-7.213658805,9743.769871,9747.192478,-0.050830015,9731.770469,9731.81503,-0.004107434,9729.585395,9729.586035,0.0258641,9728.149259,9728.127289,-7.272826063,9744.779353,9748.19344,1449.419422,8540.50914,7880.634402,-1039.133974,3350.252729,3995.333556
11103.88235,19916.52914,27454.57911,-1060.022232,3252.305502,3914.940068,1370.52931,8714.97134,8078.158776,-6.585252601,9835.474731,9838.674291,0.019509471,9823.40178,9823.385391,0.027934177,9824.374896,9824.360072,-0.032218782,9825.845999,9825.874471,-6.695603445,9836.039854,9839.276995,1402.29279,8665.923851,8021.065868,-1045.823355,3262.900587,3911.865485
10773.34479,19014.94629,26326.82634,-1071.689344,3061.898739,3735.338141,1249.562875,8992.856529,8397.034562,-4.656568614,10010.9162,10013.2823,-0.047092222,10007.65626,10007.69751,0.027779558,10005.38519,10005.37116,0.045785242,10003.26118,10003.22192,-4.798452985,10011.23179,10013.66345,1278.284153,8948.316948,8344.604985,-1059.437573,3071.658351,3733.546581
11384.93486,21098.62793,28853.70626,-857.001502,3762.026526,4217.04742,1377.446704,8717.134565,8074.872697,-7.01062405,9801.328739,9804.713917,0.247237903,9777.190029,9776.976084,0.015525279,9788.99174,9788.982846,-0.265926877,9801.427249,9801.658372,-7.181418556,9802.807095,9806.226024,1451.458391,8601.438358,7940.924684,-1044.166509,3360.859526,4008.895544
10984.20249,19895.40953,27379.60193,-882.7144809,3564.923861,4040.690631,1255.005977,8988.143117,8387.121758,-5.09309791,9972.106968,9974.678705,-0.036151159,9967.482198,9967.514008,0.032427713,9965.732663,9965.716184,0.033186493,9964.199155,9964.17086,-5.513723357,9973.246864,9976.003853,1344.095002,8848.921237,8223.695873,-1052.926245,3163.015733,3817.065512
11005.41317,19752.48711,27234.25436,-1033.433882,3228.310432,3865.466351,1408.318377,8653.145816,8008.52559,-6.557768319,9852.210913,9855.391385,0.012275284,9840.425857,9840.415717,0.031494488,9841.029897,9841.013422,-0.022474195,9842.067749,9842.087744,-6.223231324,9850.776191,9853.831271,1322.699945,8785.200204,8162.482803,-1071.220998,3199.679556,3873.088051
10822.51987,19414.29045,26796.08341,-1069.989104,3052.007474,3722.070833,1252.912039,9099.603298,8504.954838,-3.90058424,10130.48185,10132.49765,-0.095513087,10131.07672,10131.15969,0.018522101,10126.51419,10126.50492,0.095666252,10122.0149,10121.93221,-3.610496973,10129.96732,10131.84338,1190.307665,9197.753366,8621.284572,-894.354064,3465.568366,3951.400032
11138.80243,20189.40139,27757.60827,-1067.642635,3257.431188,3928.444019,1356.059122,8703.387482,8069.521363,-6.734127681,9794.488117,9797.744723,-0.144853567,9789.515087,9789.641234,0.020403467,9782.769917,9782.758688,0.128624303,9776.601409,9776.490346,-6.941578477,9795.842371,9799.157852,1427.139749,8593.125015,7941.625614,-1035.583487,3281.486029,3921.607753
11063.65285,19830.37851,27310.0124,-1042.984395,3240.416604,3889.516354,1386.722998,8588.970818,7948.725912,-6.897326979,9744.274089,9747.557256,0.040369045,9728.965336,9728.931035,0.01071085,9731.004759,9730.998295,-0.0595762,9733.68195,9733.734359,-6.873990712,9744.104197,9747.381337,1378.262199,8601.983682,7963.73906,-1046.747144,3237.319785,3890.039138
11297.94742,20603.53767,28284.32095,-1028.993629,3367.711034,4002.970948,1476.377233,8501.898617,7835.204632,-7.337440396,9743.612859,9747.032582,0.077595467,9723.765971,9723.699044,-0.009489782,9727.668014,9727.671258,-0.104247021,9732.347389,9732.438214,-7.25496826,9742.099867,9745.535548,1406.939568,8609.521108,7959.458997,-837.4062203,3769.486764,4207.233907
10790.53029,18987.99044,26300.45407,-1071.866371,3052.394417,3725.354152,1246.164145,9043.555182,8449.638987,-4.329035431,10062.29295,10064.50827,-0.113664421,10062.88934,10062.98823,0.024389935,10057.46518,10057.45292,0.113096782,10052.152,10052.05435,-4.496509064,10062.6222,10064.91692,1279.72818,8992.331689,8389.121498,-1057.815222,3064.123674,3723.830658
10930.0217,19542.61872,26955.12504,-1063.799143,3151.803086,3818.555979,1309.706907,8802.524593,8185.801528,-5.886455382,9872.239118,9875.149847,0.094346932,9859.061708,9858.980393,0.033979585,9863.507753,9863.490276,-0.100690494,9868.27983,9868.367652,-5.78895163,9871.897253,9874.768214,1287.343074,8837.903778,8226.990955,-1073.795025,3144.155559,3820.366788
11150.08106,20152.69163,27714.52094,-1054.350933,3283.477749,3943.799777,1386.867307,8595.563682,7953.026721,-7.066808907,9725.988397,9729.341825,-0.069199685,9715.205426,9715.265871,0.002503546,9712.123696,9712.121121,0.046511823,9709.744778,9709.704831,-7.063462425,9725.946407,9729.299692,1384.881197,8598.699465,7956.638173,-1055.269507,3282.78768,3943.992819
11462.08885,21194.22265,28992.33568,-831.5548595,3828.901615,4263.792411,1436.133664,8561.993963,7902.605271,-7.517686519,9710.848824,9714.366388,-0.097164425,9699.068291,9699.152835,-0.027750148,9694.805825,9694.817985,0.06506547,9691.412618,9691.356415,-7.51866491,9710.804043,9714.323954,1434.213065,8565.074632,7906.143825,-832.5598238,3828.102127,4264.049384
11576.78144,21314.93753,29120.21417,-990.2144749,3508.935941,4121.58119,1565.035957,8137.093189,7447.031643,-5.76786207,9462.703526,9464.832167,-0.22802541,9443.851649,9444.046559,-0.4906278,9435.048294,9435.289455,0.11871714,9427.537449,9427.431214,-5.981412595,9462.165789,9464.431677,1547.829723,8163.937008,7477.328552,-998.4340524,3502.638881,4123.567423
11073.46712,20017.54699,27550.81049,-1065.4381,3217.443137,3884.316743,1345.365075,8788.27977,8159.674312,-6.147387502,9883.710452,9886.738488,-0.016217289,9875.090639,9875.105248,0.034317033,9874.318455,9874.300745,0.008791538,9873.907809,9873.900734,-6.037437721,9883.281908,9886.266996,1318.325756,8830.956803,8209.424706,-1077.706543,3208.49796,3887.038275
11062.65407,20081.94691,27567.35763,-1056.277647,3210.414558,3872.67559,1345.74539,8637.369286,8008.154464,-6.767318041,9736.33757,9739.58219,0.129094426,9717.667473,9717.556215,0.012506174,9723.884047,9723.876739,-0.147454309,9730.72045,9730.849125,-6.852724487,9737.096843,9740.357124,1384.099096,8576.522,7937.706829,-1038.836931,3222.604466,3868.112847
11427.22588,20923.3103,28669.26233,-1024.371288,3423.256335,4058.081771,1498.762197,8403.870491,7729.916881,-7.410037022,9655.913051,9659.244279,0.10239152,9631.229556,9631.140547,-0.088493884,9636.616386,9636.658384,-0.148038744,9643.038214,9643.166526,-7.466950602,9655.1893,9658.580687,1469.995271,8448.637714,7781.255712,-1037.839046,3413.368655,4061.45482
11361.24546,20626.2125,28342.98983,-1068.515426,3318.47008,3985.391272,1400.356298,8814.218742,8168.12842,-6.336187949,9950.839668,9953.963758,0.041654959,9939.25254,9939.217676,0.034332262,9941.203099,9941.18554,-0.048798029,9943.528769,9943.572316,-6.469813816,9951.317004,9954.49534,1430.834592,8768.549963,8114.632121,-1055.048277,3329.179556,3983.101092
11392.15941,21066.15998,28801.40597,-1046.816526,3374.952939,4030.093828,1439.945982,8509.027915,7850.135379,-7.423034911,9682.469322,9685.909607,-0.189258699,9674.370355,9674.534762,-0.037908345,9665.803021,9665.820185,0.155028846,9658.129281,9657.994947,-7.438644709,9681.973115,9685.442043,1418.907078,8542.697408,7888.801944,-832.0860788,3789.95081,4225.62538
11057.60434,19762.34719,27261.96599,-1060.262536,3196.642644,3857.092881,1349.379855,8846.597264,8218.427317,-5.731291535,9962.00911,9964.863197,-0.236537237,9965.154706,9965.360195,0.033951791,9953.93872,9953.921367,0.231926191,9942.993907,9942.793294,-5.718182608,9961.96726,9964.815888,1346.306164,8851.396,8224.080987,-1061.624574,3195.754099,3857.506891
11029.44232,19941.07085,27425.53076,-868.3629499,3602.187795,4066.877753,1291.041202,8826.887345,8213.428134,-6.002231933,9848.688407,9851.654855,-0.072485582,9843.187945,9843.251484,0.033443109,9839.759066,9839.741815,0.064816284,9836.700438,9836.644901,-6.09970256,9849.078381,9852.082633,1315.004498,8788.656576,8169.052847,-1069.782178,3182.680557,3855.036119
11610.94501,21381.71874,29248.0624,-1029.480009,3490.880538,4133.69678,1514.101287,8395.158449,7714.898792,-7.505255409,9637.840987,9641.170965,-0.127045462,9622.289133,9622.398883,-0.145726666,9617.072055,9617.142271,0.069751201,9613.011038,9612.950005,-7.448503369,9638.227636,9641.511239,1528.524579,8372.74459,7689.307592,-1022.619374,3496.035816,4132.044739
10933.62267,19605.59115,27032.14846,-1079.736337,3101.568801,3780.897911,1260.900961,9015.093707,8414.817171,-4.670126803,10029.8603,10032.23681,-0.072659363,10027.87377,10027.93732,0.027261563,10024.38705,10024.37334,0.07166814,10021.04096,10020.97941,-4.713100568,10029.94776,10032.34464,1268.806976,9003.155549,8400.813576,-1076.400185,3104.751988,3780.942311
11534.77222,20971.62335,28764.9866,-1008.052717,3476.416651,4096.223207,1550.223596,8338.24174,7651.130838,-7.342773809,9651.978182,9655.198958,-0.17587797,9638.343745,9638.496052,-0.128570186,9630.758237,9630.819995,0.122144576,9624.293546,9624.187232,-7.460199027,9650.863898,9654.193213,1507.590761,8403.129578,7725.466158,-1027.743008,3461.138787,4100.549022
11365.76127,20743.19294,28495.30942,-1059.166696,3352.562878,4011.05439,1432.766882,8753.301459,8097.648618,-6.637260659,9926.952059,9930.19772,0.023676256,9915.112178,9915.092201,0.034424261,9916.243125,9916.225235,-0.033017931,9917.794144,9917.823313,-6.463761284,9926.205143,9929.385923,1387.679583,8822.679612,8178.755792,-1079.741893,3337.606305,4015.93281
11260.77173,20740.61412,28367.1009,-1054.409875,3302.064296,3964.478253,1390.183562,8541.00477,7896.72609,-7.255872695,9666.150451,9669.543358,0.146576324,9643.381494,9643.254779,-0.03275285,9650.622466,9650.637203,-0.178624653,9658.719878,9658.87537,-7.244882082,9667.092666,9670.441161,1431.047343,8475.752421,7821.650253,-1035.232376,3315.175156,3959.004136
11151.1982,20188.38177,27755.5575,-1051.767108,3260.511459,3915.495739,1388.936075,8677.176705,8035.6307,-6.687547739,9825.089614,9828.324784,-0.05827829,9816.186343,9816.237573,0.02706181,9813.484325,9813.469969,0.045407469,9811.287286,9811.248593,-6.605502127,9824.632097,9827.840954,1363.548532,8716.91756,8081.849897,-1063.282514,3252.255181,3918.300329
11145.64722,20454.88381,28024.87018,-1073.137135,3187.860923,3861.359009,1317.651819,8865.624471,8246.161485,-5.720522869,9928.930779,9931.7821,0.009884515,9920.525915,9920.519207,0.032344155,9920.937036,9920.920869,-0.013179948,9921.61918,9921.632466,-5.629345943,9928.634717,9931.448013,1296.866562,8898.545316,8284.672254,-1083.567468,3181.245217,3864.343235
11034.29605,19898.91899,27382.17673,-1040.559113,3224.57054,3870.225644,1387.007136,8625.923424,7986.44265,-6.70667557,9790.542761,9793.767596,-0.106747269,9783.413574,9783.506686,0.024172643,9778.443017,9778.430008,0.092574382,9774.000897,9773.921114,-6.551141973,9789.638171,9792.81451,1337.861757,8702.863221,8075.732003,-1062.620696,3208.269531,3875.081367
11256.06639,20224.18942,27850.01749,-1038.90066,3350.420854,3995.861979,1448.279137,8525.254001,7865.486412,-7.299437533,9728.321339,9731.727451,-0.011625446,9712.802149,9712.812536,-0.021321903,9712.544694,9712.553703,-0.018214056,9713.113412,9713.129515,-7.326564192,9728.942953,9732.338817,1476.245444,8482.550472,7816.1437,-1026.27295,3359.960663,3993.027782
11084.56794,20199.66348,27742.40669,-875.2193114,3602.401027,4070.706587,1283.752718,8938.21516,8328.151882,-5.401432669,9951.348896,9954.061234,-0.168832867,9952.281592,9952.428437,0.033311577,9944.259592,9944.242634,0.165203663,9936.478056,9936.335317,-5.47030828,9951.567954,9954.309046,1299.967319,8912.029004,8297.447406,-1079.974648,3175.360274,3854.883552
11171.59518,20382.14084,27946.62886,-1055.48863,3263.837703,3925.631966,1373.664428,8597.021511,7958.439868,-7.019810821,9714.749358,9718.082926,0.192365735,9691.781424,9691.615001,0.00204696,9701.040086,9701.037782,-0.21487983,9710.997791,9711.184716,-7.028458091,9714.774696,9718.11225,1374.782598,8595.631797,7956.930535,-1055.066025,3264.749407,3926.150552
11116.87836,20026.56497,27576.11064,-1062.744602,3259.647955,3925.908187,1366.131563,8689.381807,8053.087503,-6.74267914,9797.236063,9800.493382,-0.088284644,9789.506778,9789.583856,0.022095862,9785.423535,9785.411491,0.072752995,9781.901923,9781.839323,-6.839069455,9797.853909,9801.139037,1398.789605,8638.418358,7993.992544,-1047.928476,3270.672907,3922.689055
11626.00993,21571.70429,29426.04753,-1010.810652,3491.186985,4117.981903,1539.504558,8289.944744,7604.816573,-7.062423681,9578.263537,9581.258066,0.307392688,9539.458527,9539.190534,-0.235625105,9555.02496,9555.13966,-0.379966575,9571.841706,9572.170375,-7.101086681,9578.135949,9581.156957,1534.894576,8297.510691,7613.562269,-1013.080447,3490.153219,4119.247157
11361.84976,20860.0786,28582.44567,-1052.592623,3337.485297,3992.241251,1429.184307,8669.850838,8015.379667,-6.93378275,9845.600533,9848.942587,0.169188958,9825.199804,9825.053705,0.02514162,9833.264669,9833.251177,-0.183694207,9841.875312,9842.035219,-6.838188075,9844.978577,9848.293753,1395.624971,8722.300485,8076.458397,-1068.069294,3326.871994,3996.590495
10759.9929,19154.47068,26482.54221,-1078.956715,3034.408753,3714.078219,1222.19029,9095.529633,8509.450156,-4.011884202,10081.78795,10083.85436,-0.003572145,10077.79538,10077.79877,0.021065807,10077.58713,10077.57657,0.00351143,10077.46022,10077.45747,-3.93542461,10081.64202,10083.67205,1206.10091,9121.015412,8539.536313,-1085.918254,3029.044558,3715.216957
10895.19685,19405.6953,26786.07845,-1075.291649,3123.870289,3801.8448,1272.767939,8853.466923,8247.160854,-5.674882809,9873.195091,9876.015544,-0.110860556,9870.365381,9870.462065,0.0337532,9865.109393,9865.092066,0.104923928,9860.167491,9860.077044,-5.858601566,9873.817376,9876.713661,1314.181143,8788.050678,8170.963732,-1056.909958,3138.020319,3798.605911
11587.14805,21428.20221,29245.7504,-1011.982463,3468.267073,4094.61823,1531.085191,8308.801019,7626.747587,-7.160965136,9594.308691,9597.38938,-0.223699843,9581.549026,9581.743175,-0.199341069,9571.943276,9572.040253,0.158426369,9563.543611,9563.406072,-7.135389202,9594.321403,9597.386897,1531.770127,8306.762449,7624.135274,-1011.456139,3467.130464,4092.891122
11328.78137,20385.75527,28074.59152,-1042.960856,3375.179409,4022.336411,1460.065633,8586.179223,7922.686609,-7.261540263,9795.831623,9799.269303,-0.021554568,9782.219509,9782.238644,0.005485549,9781.377138,9781.373061,-0.000802726,9781.23948,9781.240617,-7.250126872,9795.713759,9799.149964,1454.349219,8594.924647,7932.829804,-1045.561343,3373.25301,4022.950265
11360.58154,20552.01903,28248.64382,-1044.480447,3356.417544,4003.749208,1452.167421,8626.745288,7966.138288,-7.102407869,9832.416528,9835.813467,0.10239754,9814.189229,9814.101193,0.018280149,9819.130283,9819.120109,-0.119707662,9824.681143,9824.785718,-7.050795004,9832.108333,9835.489189,1436.262464,8650.50046,7993.667371,-1051.545651,3350.41743,4004.610112
11365.63185,20669.91003,28353.53128,-1030.953461,3382.209322,4022.406471,1470.306888,8443.341119,7777.430511,-7.381654836,9667.67556,9671.040288,0.002351142,9649.089111,9649.087575,-0.06645984,9649.658676,9649.689983,-0.042382416,9651.198504,9651.235786,-7.381239312,9667.734216,9671.096427,1472.701704,8439.733987,7773.310262,-1029.870342,3383.163951,4022.302107
10887.58504,19703.23563,27109.77852,-1091.702728,3040.478858,3731.493504,1203.243516,9137.522005,8556.591659,-3.941114726,10086.12286,10088.15736,-0.04075057,10084.07141,10084.10747,0.02087856,10082.0895,10082.07915,0.041082432,10080.19082,10080.15596,-4.173236431,10086.57551,10088.71982,1252.884587,9059.03897,8463.812889,-1070.163169,3056.480901,3727.335889
11075.7515,20115.61703,27638.2447,-1049.541237,3230.05613,3883.879243,1374.390551,8663.24477,8026.603539,-6.638383872,9802.276359,9805.484824,0.149709692,9783.567717,9783.438359,0.026897291,9790.693482,9790.679176,-0.162641896,9798.319872,9798.461442,-6.477116067,9801.377774,9804.534299,1324.85018,8741.529187,8117.39339,-1072.081934,3213.512967,3888.867277
11214.63093,20404.85208,28047.20292,-863.5812454,3699.786758,4157.232822,1344.764554,8836.06607,8205.425121,-6.231508549,9901.892144,9904.967819,-0.072104739,9895.913761,9895.976787,0.034282762,9892.509974,9892.492196,0.06348509,9889.502669,9889.448137,-6.46565019,9902.853815,9906.018963,1403.872091,8744.248746,8098.225428,-1055.471075,3287.955261,3944.003067
11382.90173,20795.0212,28520.60883,-1059.757972,3351.751392,4014.582084,1419.787438,8660.960786,8008.060025,-7.085321112,9812.45217,9815.849729,0.252302988,9787.367952,9787.149617,0.015471789,9799.410532,9799.401656,-0.271017529,9812.087096,9812.322616,-7.133972754,9812.827258,9816.236387,1438.685148,8631.886608,7974.380634,-1051.108642,3358.375403,4012.828182
11196.40274,20272.13741,27886.97249,-1073.350428,3257.426047,3930.271499,1356.410348,8828.679407,8195.800393,-6.138960509,9921.877185,9924.910917,0.136116284,9906.281872,9906.164371,0.034819419,9912.713625,9912.695652,-0.143562204,9919.507986,9919.632954,-6.28525806,9922.424085,9925.515896,1391.56801,8774.403504,8132.271049,-1057.596689,3268.93991,3926.680038
11347.38401,20816.62852,28498.87815,-1038.731656,3338.244798,3982.584887,1445.446354,8549.482805,7890.997657,-7.224272064,9753.657077,9757.056609,0.210920978,9728.618763,9728.436542,-0.002618307,9738.773957,9738.773969,-0.234892044,9749.663375,9749.867888,-7.202740575,9753.172817,9756.580782,1422.40367,8586.045173,7933.494877,-1049.462812,3331.725576,3986.53697
11092.71939,19943.05214,27455.53555,-1046.543689,3272.4,3926.412897,1391.703721,8543.05379,7899.756926,-7.11254359,9688.821001,9692.158883,-0.080630522,9677.470441,9677.540705,-0.016300439,9673.932675,9673.939269,0.052659257,9671.18345,9671.138053,-7.140026976,9689.444355,9692.772105,1419.927587,8498.879768,7848.87351,-1033.675586,3281.9639,3923.519342
11521.41621,21451.67581,29269.48797,-1051.821312,3387.322161,4043.688927,1448.025161,8602.513105,7941.437552,-7.308720943,9783.985723,9787.449684,-0.369769998,9786.807066,9787.128402,0.002398312,9769.527626,9769.525161,0.346798256,9752.968366,9752.668193,-7.309357452,9783.736481,9787.211674,1435.95256,8622.442739,7964.782162,-1058.732897,3385.028744,4047.859969
10972.47755,19487.62683,26917.27423,-1047.210577,3201.804513,3853.163726,1365.427665,8686.6095,8053.390795,-6.460835095,9826.753443,9829.891358,-0.055922117,9818.447226,9818.49629,0.029219595,9815.842869,9815.827482,0.044534298,9813.701979,9813.663915,-6.446378039,9826.680509,9829.813512,1361.18162,8693.268846,8061.163093,-1049.103589,3200.515797,3853.693552
11489.57728,20997.14514,28771.25266,-1013.185746,3472.309889,4101.853822,1525.0781,8284.461824,7603.131052,-6.997196757,9557.47447,9560.432817,-0.046684771,9535.286218,9535.325469,-0.245985115,9534.207926,9534.327735,-0.027453343,9534.380375,9534.402931,-7.034022432,9557.319986,9560.304554,1519.66105,8292.944246,7612.78261,-1015.765274,3470.41697,4102.530807
11088.58294,20103.12286,27623.03108,-1076.109983,3169.350996,3845.515669,1303.174393,8897.296453,8282.001025,-5.521541614,9946.379782,9949.14157,0.25146929,9927.027859,9926.810424,0.03313908,9938.890599,9938.87373,-0.255517917,9951.009415,9951.231511,-5.589431561,9946.547978,9949.340838,1315.25759,8879.384694,8261.182365,-1070.988882,3174.672348,3845.996296
10959.86039,19734.6284,27184.88355,-1079.384901,3133.652839,3813.483693,1276.447098,8929.64694,8322.887689,-5.293511898,9951.978022,9954.636844,-0.062205382,9948.020365,9948.074823,0.032870647,9945.041138,9945.024419,0.058799989,9942.294881,9942.244436,-5.491201817,9952.540914,9955.285563,1319.135728,8862.614702,8244.28102,-1060.529156,3147.548021,3809.530999
11203.51439,20225.19661,27850.73471,-1072.068311,3280.388011,3952.429927,1369.213173,8796.840482,8159.619909,-6.354538938,9899.289863,9902.413703,0.024180174,9888.278445,9888.258,0.034083431,9889.429758,9889.412065,-0.033067396,9890.985236,9891.014425,-6.406632143,9899.509542,9902.653042,1382.600166,8776.01091,8135.305273,-1065.981555,3284.808219,3951.016593
11142.98206,20228.36785,27793.64308,-1057.918896,3269.039092,3932.085048,1375.150473,8631.654728,7992.705197,-6.937048263,9749.189016,9752.507756,-0.055535299,9738.743338,9738.792025,0.014246038,9736.248176,9736.239928,0.036907633,9734.379927,9734.348417,-6.888755779,9748.731707,9752.042505,1352.496558,8667.850965,8034.463303,-850.3622675,3686.423182,4136.268296
11496.83936,21042.96237,28834.31015,-1018.186245,3456.377224,4085.253305,1525.449684,8385.909621,7704.722826,-7.434412869,9667.007903,9670.326757,0.123026417,9640.637769,9640.530789,-0.099415096,9647.040871,9647.088229,-0.171121605,9654.509104,9654.657366,-7.496217062,9666.270787,9669.652972,1496.431828,8430.53185,7755.935418,-1031.679134,3446.305312,4088.555223
11599.3656,21424.99333,29290.19537,-1052.683495,3441.464033,4100.493279,1468.04594,8572.335318,7904.274322,-7.541286652,9759.75824,9763.293116,0.250089727,9731.726544,9731.510018,-0.022103793,9743.829357,9743.838775,-0.280647461,9756.78211,9757.025943,-7.562640397,9760.360404,9763.883054,1494.494905,8531.961658,7857.849387,-1040.397843,3451.355554,4098.369988
11227.77682,20281.16809,27910.92588,-1072.563237,3259.823036,3930.597961,1363.069566,8866.577572,8232.34557,-5.899593115,9970.476984,9973.412222,0.212405854,9952.086425,9951.902783,0.035004263,9962.112643,9962.094721,-0.217661736,9972.434667,9972.623809,-5.937825816,9970.589213,9973.541054,1370.881477,8854.846799,8218.617229,-1069.144481,3262.747525,3930.256766
11474.52085,20984.18978,28768.3278,-1052.707216,3405.668139,4063.757629,1453.083026,8586.857377,7923.688483,-7.409483413,9767.450497,9770.942642,-0.089549457,9756.281729,9756.359966,-0.009144118,9752.291668,9752.294771,0.06283104,9749.087989,9749.034051,-7.431274616,9767.831723,9771.32053,1470.45583,8560.147414,7892.887795,-1044.661686,3411.884495,4062.127362
11405.18868,20703.85403,28468.94104,-1066.49289,3366.065447,4031.709477,1425.770618,8770.074229,8115.647984,-6.672574972,9924.545585,9927.809426,-0.069448115,9917.06468,9917.125441,0.033747432,9913.798542,9913.78095,0.059349661,9910.973477,9910.922585,-6.632991896,9924.37276,9927.621838,1415.55849,8785.657423,8133.83756,-1071.141208,3362.524682,4032.654644
11396.63179,20853.55179,28603.8626,-1062.732127,3365.912535,4031.560792,1421.671794,8669.716436,8015.779474,-7.113311858,9816.512623,9819.926583,0.008827046,9802.957109,9802.95009,0.016918045,9803.490287,9803.48073,-0.027041242,9804.651746,9804.675833,-7.127063526,9816.637846,9820.054226,1427.983836,8659.808138,8004.282928,-1059.778481,3367.957085,4030.744883
10569.01326,18490.41054,25687.42559,-1050.636609,2970.147818,3624.893888,1237.627733,9128.531056,8542.112694,-3.408707381,10181.62538,10183.40316,0.032641918,10176.93231,10176.90417,0.01369821,10178.45169,10178.44486,-0.032197844,10180.00662,10180.03467,-3.145287908,10181.22756,10182.87514,1177.398082,9221.044994,8652.359901,-1075.220162,2950.109326,3627.890185
10812.13467,19250.80788,26590.12766,-1079.361553,3053.697974,3734.228967,1230.779124,9031.090028,8440.850795,-4.472160955,10020.07511,10022.35657,0.093655815,10010.5666,10010.48582,0.026155635,10014.95718,10014.944,-0.094572856,10019.47676,10019.55913,-4.561628722,10020.26397,10022.58731,1248.462038,9003.510899,8408.446718,-1071.774825,3060.027829,3733.4412
11408.59843,20755.9548,28478.33973,-1027.441183,3420.960307,4059.888028,1488.930414,8394.709882,7722.980919,-7.378461043,9630.924131,9634.221175,-0.053471181,9613.029549,9613.075658,-0.114376049,9611.162626,9611.217391,0.002708565,9610.381197,9610.378548,-7.374614557,9630.95374,9634.247476,1490.081158,8392.888791,7720.887963,-1026.895406,3421.316722,4059.704365
11300.79629,20805.74486,28485.21107,-1049.457146,3313.808339,3967.204503,1417.555613,8627.723306,7977.377463,-7.002967879,9795.223449,9798.578746,-0.160561283,9789.772673,9789.912893,0.020659053,9782.274572,9782.263354,0.144817639,9775.354506,9775.229848,-6.785465157,9793.634685,9796.934818,1335.854953,8756.872316,8126.664498,-869.5776534,3710.163431,4177.790414
10990.13266,19998.08697,27471.64232,-1046.415737,3186.882088,3837.782376,1358.0507,8690.42462,8059.89872,-6.367436632,9825.04383,9828.14533,0.02194855,9813.456593,9813.438141,0.03176493,9814.509904,9814.493367,-0.031355489,9815.976946,9816.004724,-6.060070186,9823.669008,9826.657742,1276.393077,8820.384057,8210.842242,-872.2793156,3585.604117,4055.220516
11147.35993,19990.88378,27575.74196,-1069.136893,3262.288259,3931.150779,1366.471883,8811.395257,8175.754361,-6.18800833,9919.385518,9922.438853,0.019933301,9909.10819,9909.091407,0.035067943,9910.044482,9910.026384,-0.027276573,9911.340725,9911.364871,-6.184562709,9919.372291,9922.424275,1365.623732,8812.717315,8177.301284,-1069.520818,3262.015924,3931.245916
11395.89354,20811.57736,28539.18589,-1041.077869,3399.843482,4050.057453,1460.596655,8477.59355,7812.903969,-7.464332225,9674.61444,9678.039143,0.017867715,9655.659531,9655.644084,-0.060874164,9656.954554,9656.982974,-0.057517646,9659.215196,9659.265163,-7.455336583,9674.7828,9678.195782,1467.520948,8466.697178,7800.386338,-1037.809161,3402.152599,4049.164541
11551.18304,21184.24144,29023.25721,-1032.273599,3466.573771,4108.096511,1509.069102,8461.117646,7782.830685,-7.579256225,9707.694318,9711.150552,-0.063079496,9691.721108,9691.775893,-0.065349603,9689.21783,9689.24842,0.022007478,9687.706387,9687.687354,-7.591479686,9707.475273,9710.947048,1500.10159,8475.04283,7798.859335,-1036.497955,3463.576404,4109.276403
11401.28437,20903.29214,28660.07753,-1047.888892,3393.748532,4047.531381,1454.518948,8562.560945,7899.603487,-7.393944144,9751.891922,9755.365231,-0.032618082,9737.785025,9737.813679,-0.008587808,9736.485214,9736.487997,0.005856996,9735.968607,9735.963886,-7.371423201,9751.294239,9754.779418,1427.358669,8605.259617,7948.854079,-834.6664678,3810.103816,4245.506318
11086.79346,19758.00754,27289.1193,-1064.471935,3232.519644,3896.881256,1360.219365,8823.284972,8190.50115,-6.009246675,9937.611208,9940.585872,-0.034888425,9930.418054,9930.448874,0.034990874,9928.752411,9928.734432,0.028588062,9927.416752,9927.392542,-6.123671526,9937.989296,9941.011564,1385.688071,8784.592438,8145.138826,-1053.33294,3241.12889,3894.802839
11510.04818,21164.6586,28973.54457,-820.0864493,3852.29158,4276.188,1462.604855,8517.989683,7851.583899,-7.561737022,9702.320806,9705.818755,0.036306591,9683.031768,9683.000546,-0.050000818,9685.152622,9685.175728,-0.073586011,9688.216077,9688.2802,-7.547007867,9702.759913,9706.232204,1480.847922,8489.468895,7818.852605,-1040.225737,3435.328618,4084.25523
11026.37048,20104.16816,27614.06818,-879.7823583,3591.566378,4066.878708,1268.954029,8889.526783,8282.503146,-5.728279052,9877.273799,9880.127867,-0.018374972,9870.167077,9870.183626,0.034476719,9869.27822,9869.260555,0.012600079,9868.703751,9868.693439,-5.843114663,9877.696178,9880.596171,1296.475396,8845.005526,8230.730243,-1078.292113,3173.248629,3852.994475
11099.51165,19682.07102,27216.37175,-1055.77193,3255.200878,3911.343997,1387.764237,8774.316419,8133.582395,-6.249287039,9923.857128,9926.931358,-0.035888824,9915.902922,9915.934549,0.034731475,9914.202681,9914.184731,0.028242417,9912.870468,9912.846496,-6.262117027,9923.901545,9926.981043,1390.63216,8770.005502,8128.536371,-1054.524405,3256.20653,3911.149173
11053.4129,19739.18282,27240.63383,-1033.249118,3246.285587,3882.477667,1420.466884,8660.528058,8012.107218,-6.5843023,9870.801011,9873.99648,-0.07026202,9862.91578,9862.977225,0.031688635,9859.619393,9859.602815,0.05999352,9856.759873,9856.708367,-6.343580841,9869.801813,9872.905691,1360.265554,8751.936277,8118.930788,-1059.492962,3226.174374,3887.680288
11239.46077,20211.59966,27822.10954,-1045.507328,3306.574133,3955.043972,1425.22993,8645.245662,7993.100004,-6.905443849,9831.318133,9834.638093,-0.101044639,9823.522823,9823.611197,0.022875669,9818.826907,9818.814539,0.085947191,9814.689891,9814.616099,-6.857720102,9831.068756,9834.372432,1411.879376,8665.269918,8016.32525,-1051.390417,3301.57997,3955.738456
10408.85158,18465.68126,25537.20371,-888.5985574,3263.884872,3753.546735,1090.165516,9200.96253,8660.515074,-3.109770535,10065.79981,10067.42406,0.142004959,10056.29811,10056.17517,0.014832742,10062.99457,10062.98716,-0.141708331,10069.736,10069.859,-3.340684301,10066.18148,10067.91828,1140.596936,9118.43317,8563.447578,-1056.373551,2856.589101,3522.929396
10641.05287,18588.47667,25793.24935,-1044.796391,3054.127352,3705.309653,1286.676487,8804.580077,8198.528279,-5.470111876,9892.009479,9894.729992,0.029762322,9882.862776,9882.837399,0.032816478,9884.243719,9884.226935,-0.034161082,9885.884232,9885.914289,-5.427725989,9891.886753,9894.588941,1277.649081,8818.658288,8215.002275,-1048.640965,3051.145672,3705.972087
11024.93531,19850.82183,27361.66866,-1075.196707,3156.183704,3829.287962,1304.704674,8998.949565,8384.994767,-4.820324705,10059.83265,10062.28254,0.07936368,10050.39328,10050.32488,0.02773732,10054.10909,10054.09509,-0.080500388,10057.96525,10058.03539,-4.682769215,10059.51892,10061.90575,1275.705158,9044.175312,8438.408657,-1087.971376,3146.902405,3832.067559
11305.782,20553.10509,28209.46164,-1046.628767,3331.763354,3983.382819,1428.885375,8587.422022,7933.286349,-7.166612013,9765.677713,9769.075702,-0.179887823,9759.871542,9760.028161,0.006409492,9751.543097,9751.538654,0.158395138,9743.901705,9743.764882,-7.105205066,9765.078522,9768.466854,1400.008299,8632.133066,7984.876912,-1059.857812,3321.420488,3985.818668
10982.90647,19441.40225,26882.70487,-1049.959454,3204.472807,3857.182149,1365.971752,8734.663927,8101.387054,-6.269897612,9874.512184,9877.58225,-0.02699491,9865.769737,9865.79372,0.032882879,9864.50261,9864.485534,0.018202879,9863.633646,9863.618436,-6.282885742,9874.564965,9877.639989,1369.268739,8729.566648,8095.420763,-1048.509524,3205.502291,3856.818341
11026.69084,20072.70024,27528.71453,-1065.670506,3127.048525,3795.281754,1293.85501,8855.529733,8245.066085,-5.587377777,9911.810839,9914.59753,0.276798245,9890.985427,9890.746569,0.031940044,9904.033988,9904.017847,-0.280857061,9917.353326,9917.598006,-5.612933025,9911.971447,9914.76436,1305.761937,8834.540194,8220.149647,-1059.860575,3128.038393,3790.749599
11626.98692,21446.03538,29322.62284,-1029.731197,3491.808194,4134.484808,1515.231386,8402.235995,7721.690682,-7.524811629,9646.494334,9649.84193,0.028321418,9623.829041,9623.804236,-0.140082764,9625.910021,9625.97751,-0.08428001,9629.137302,9629.210213,-7.443338841,9647.093872,9650.373105,1537.751123,8367.425295,7681.906772,-1019.079692,3499.864664,4131.957322
11470.39171,21307.95441,29141.01764,-857.5650899,3809.812023,4266.584471,1394.176921,8722.469152,8074.161164,-7.184428288,9808.972564,9812.436644,0.007851727,9795.683869,9795.677563,0.012227249,9796.199101,9796.191763,-0.028218859,9797.386402,9797.411381,-7.34168589,9810.695519,9814.175845,1478.188916,8590.761073,7921.706088,-1043.35948,3412.735998,4060.044749
11157.30641,20158.07508,27753.00537,-1079.1464,3230.545922,3907.807001,1334.904314,8904.598641,8278.950252,-5.644931531,9975.029393,9977.853208,0.076187117,9963.800834,9963.735281,0.034339307,9967.372034,9967.354533,-0.080085658,9971.195423,9971.26533,-5.550466922,9974.750821,9977.533889,1314.619739,8936.236126,8316.008039,-1088.294326,3223.601702,3909.533823
11025.20086,19970.38825,27482.70152,-1084.776695,3157.180066,3840.822349,1282.571384,8963.128856,8354.321482,-5.158589399,9982.53063,9985.133459,0.026546963,9974.812466,9974.789988,0.031416867,9976.025484,9976.00958,-0.028828892,9977.432457,9977.457983,-5.064241139,9982.280554,9984.84153,1262.727014,8994.673257,8391.271575,-883.1332927,3582.477031,4058.035423
10730.20458,19029.63549,26328.72088,-1065.206491,3033.555229,3700.936942,1246.393475,9039.067257,8446.18713,-4.213092011,10068.85855,10071.01898,0.039848892,10062.39784,10062.36358,0.022412634,10064.24604,10064.23478,-0.04013467,10066.18662,10066.22168,-4.059523756,10068.55848,10070.64622,1214.181622,9089.625361,8505.911259,-1078.964495,3022.960389,3703.242036
11363.98422,20635.84076,28326.62429,-1046.576683,3344.893413,3994.896352,1440.667034,8620.431914,7962.768199,-7.104145411,9812.758174,9816.147947,-0.159570678,9806.690837,9806.830173,0.01337295,9799.276533,9799.268796,0.140823823,9792.503433,9792.382245,-7.14006669,9812.938991,9816.341625,1449.703559,8607.490085,7947.906196,-1042.694081,3349.043757,3995.293976
11217.90515,20392.49438,27982.49301,-841.4432338,3708.013463,4150.345754,1373.851596,8605.933535,7966.240943,-7.102560924,9712.44017,9715.810351,0.100017532,9693.562066,9693.476068,-0.005573244,9698.488498,9698.489983,-0.12455222,9704.155811,9704.264665,-7.164383671,9713.390528,9716.756419,1417.779432,8536.919157,7886.832188,-1040.873886,3299.353191,3947.097283
11663.3864,21633.16109,29517.00748,-999.9472192,3521.017147,4138.202958,1569.221172,8247.183938,7554.859701,-6.847388116,9572.178865,9575.007327,-0.033936138,9548.030606,9548.05945,-0.276846583,9547.637741,9547.77305,-0.044354295,9548.522895,9548.560779,-6.996322661,9571.581431,9574.514828,1548.527349,8279.102435,7591.217319,-1009.715451,3513.714013,4140.731449
11035.46059,19679.60864,27143.81088,-1062.633572,3209.600374,3876.051118,1339.718224,8713.222416,8085.602263,-6.507723909,9802.860097,9806.021053,-0.130901456,9797.997459,9798.111638,0.025591589,9791.874944,9791.861297,0.117599195,9786.263538,9786.162171,-6.691445497,9803.819913,9807.04291,1392.699553,8631.170153,7990.368783,-1039.079752,3227.840919,3871.696839
11013.19931,20018.21004,27488.54775,-1063.006068,3142.961968,3808.071185,1309.46984,8845.016266,8229.094007,-5.611617261,9920.184701,9922.979721,0.180313798,9903.817161,9903.661577,0.033008155,9912.310748,9912.293966,-0.184453886,9921.068105,9921.228792,-5.491608399,9919.78208,9922.52803,1280.395338,8891.858493,8284.026382,-1076.165994,3134.602676,3812.168342
10977.12266,19934.31623,27387.18655,-1082.515532,3098.558398,3781.251378,1251.79079,8995.744475,8397.849988,-4.85612334,9995.238763,9997.700821,0.137863194,9982.878768,9982.760076,0.029263261,9989.3558,9989.341092,-0.139458975,9996.006933,9996.128633,-5.123323409,9995.915743,9998.497043,1309.536264,8904.653446,8290.583895,-1057.157824,3116.382155,3775.129226
11008.92499,20016.4531,27526.22086,-1087.229129,3127.46598,3812.670083,1264.093129,9042.660316,8440.962765,-4.605520562,10047.64107,10049.99125,0.020866844,10041.44102,10041.42355,0.026071775,10042.37947,10042.3664,-0.021447172,10043.4433,10043.4625,-4.459234277,10047.31629,10049.59887,1233.839674,9090.658115,8497.434513,-892.5877711,3550.423048,4034.142896
11442.94771,20797.30173,28518.43789,-1015.743073,3422.025681,4048.445826,1513.431836,8371.022617,7694.238302,-7.342679543,9649.743249,9653.012733,0.134911339,9622.831047,9622.714052,-0.106143603,9629.805195,9629.855982,-0.183587011,9637.84631,9638.005715,-7.354775419,9649.439272,9652.727147,1501.579124,8388.527021,7714.187258,-1021.043073,3417.122803,4048.768268
11584.92186,21025.92724,28859.59003,-1008.549781,3509.291606,4131.329701,1559.771257,8325.270802,7634.626347,-7.288655899,9639.205104,9642.35944,-0.075266072,9619.646757,9619.711342,-0.175769195,9616.978541,9617.063556,0.012548572,9615.507132,9615.495511,-7.277507286,9639.285279,9642.430359,1562.720918,8320.84394,7629.566954,-1007.195777,3510.392851,4131.071957
11560.88338,21386.9985,29271.30585,-839.3563739,3862.122927,4300.527424,1443.840047,8673.034943,8011.079273,-7.363169619,9821.386418,9824.907416,-0.069570694,9810.693826,9810.754616,0.008222695,9807.574189,9807.568765,0.047539632,9805.160729,9805.119965,-7.430418588,9822.230909,9825.754468,1484.35722,8610.027666,7938.091375,-1049.320184,3448.004484,4101.256231
11308.53903,20638.41533,28306.15455,-1055.367141,3320.599443,3979.840051,1410.207519,8638.546527,7989.181932,-7.054514905,9790.711296,9794.083157,-0.127784683,9783.350388,9783.46196,0.010427985,9777.456316,9777.449951,0.107831487,9772.222275,9772.129486,-7.164044666,9791.693281,9795.085073,1459.257733,8562.957259,7901.385296,-1033.150889,3336.549385,3974.167203
11220.84982,20123.2825,27751.8625,-1059.423291,3302.196872,3961.743513,1404.710041,8755.982511,8109.123572,-6.497076099,9908.669413,9911.850111,-0.04251909,9900.274171,9900.311566,0.033888879,9898.274966,9898.257349,0.033295691,9896.689657,9896.661322,-6.423530588,9908.366157,9911.518766,1386.253185,8784.284387,8142.191785,-1067.714813,3295.985732,3963.511508
11273.64075,20710.58929,28327.80666,-1041.83356,3313.447893,3964.659349,1415.213259,8476.546253,7826.335091,-7.279590424,9640.286244,9643.643127,-0.061655771,9626.036875,9626.091803,-0.051115174,9623.50246,9623.526514,0.026626102,9621.874947,9621.853255,-7.276054707,9640.213656,9643.571313,1412.238108,8480.9818,7831.344713,-1043.158047,3312.036341,3964.518871
11083.54213,20204.14309,27738.97341,-869.1423388,3611.947602,4075.811154,1295.942734,8867.915761,8253.549776,-5.800753753,9895.231636,9898.11643,-0.002597436,9887.151142,9887.15439,0.033938354,9886.998784,9886.981493,-0.002796111,9887.159333,9887.162754,-5.875041171,9895.496052,9898.410912,1313.421812,8840.061585,8221.079795,-1074.183587,3187.688507,3862.94558
11484.91516,21068.40212,28874.4379,-1057.333084,3393.735304,4053.128521,1448.324507,8671.685547,8010.358686,-7.1323119,9850.4639,9853.890462,0.083076622,9833.468248,9833.396969,0.020361888,9837.490555,9837.47936,-0.099934233,9842.116692,9842.204104,-7.130194923,9850.408502,9853.83638,1445.400211,8676.556386,8016.101121,-1058.76892,3393.256957,4054.061969
11320.79857,20597.86758,28292.39139,-1059.557037,3349.245397,4012.936558,1415.864686,8635.220678,7983.064325,-7.172122296,9781.181013,9784.599394,-0.060369235,9770.143496,9770.196389,0.005469638,9767.465507,9767.461479,0.038254397,9765.487865,9765.455213,-7.258471501,9782.108856,9785.537019,1460.619403,8566.107129,7903.068591,-1039.033127,3364.507253,4008.247945
10438.7611,18689.45257,25766.70488,-1068.928507,2827.9859,3507.01144,1096.331595,9161.90864,8620.28269,-3.182085072,10044.68173,10046.34037,-0.070368094,10045.1139,10045.17541,0.014174144,10041.74343,10041.73645,0.071055755,10038.41504,10038.35395,-3.104123548,10044.54199,10046.16338,904.8585208,9466.467536,9101.476357,-890.312286,3245.353963,3737.605621
11305.35598,20635.8755,28312.52211,-1043.233848,3355.572452,4005.584994,1441.6617,8532.220887,7873.856829,-7.323007423,9719.922093,9723.345107,0.092248016,9699.620399,9699.540678,-0.015865897,9704.241833,9704.248191,-0.120691172,9709.668599,9709.773622,-7.305324276,9719.329386,9722.766656,1415.118243,8573.933692,7921.897278,-1055.631077,3346.550296,4008.591705
11293.54643,20677.36496,28343.29747,-1060.64424,3318.175645,3983.541134,1396.305936,8630.720962,7984.556116,-7.111847828,9758.708373,9762.098833,0.147038276,9738.017909,9737.890819,0.005428456,9745.131076,9745.127077,-0.16899793,9752.937987,9753.085047,-7.160787325,9759.32641,9762.718484,1426.047553,8583.859609,7930.353814,-1046.825886,3327.884008,3979.884457
11595.13048,21636.24113,29505.5134,-814.3790702,3872.270707,4292.398345,1476.419151,8480.252519,7810.089323,-7.611000626,9677.084846,9680.566725,0.233143399,9647.276769,9647.07448,-0.075281057,9658.783698,9658.81922,-0.276287955,9671.306707,9671.546444,-7.589620354,9677.24497,9680.708433,1482.912972,8469.60248,7797.774496,-1041.204079,3452.18958,4103.645065
11035.39863,19830.41152,27326.28658,-1050.272985,3235.511369,3890.069923,1375.756359,8659.886733,8022.551201,-6.675984161,9798.433919,9801.656008,-0.007627126,9786.970939,9786.978055,0.025557185,9786.675116,9786.661431,-0.006098676,9786.898681,9786.904471,-6.57017473,9797.820115,9801.009107,1342.351488,8712.448024,8083.512111,-1065.424889,3224.348619,3893.411335
10829.44804,19250.74965,26586.95182,-1060.316675,3095.514328,3759.35193,1285.351245,8858.248834,8250.838904,-5.397773075,9918.242259,9920.939815,-0.136908669,9917.373895,9917.493073,0.032477532,9910.867937,9910.851392,0.133266212,9904.598943,9904.483852,-5.254731857,9917.8426,9920.477507,1255.556373,8905.129933,8305.602503,-1073.331709,3085.197741,3761.307329
11681.70203,21600.72046,29483.19149,-996.2327074,3532.993701,4148.961913,1574.128178,8207.830412,7514.298475,-6.493182742,9535.91372,9538.49815,-0.160391074,9515.989183,9516.126679,-0.368268796,9509.958098,9510.138595,0.067891648,9505.239659,9505.17896,-6.460163943,9535.986667,9538.549937,1576.657078,8203.564851,7509.335773,-994.9632245,3533.3696,4148.022712
10991.1632,19808.72129,27269.51907,-1081.705317,3139.31844,3821.513719,1274.59197,8921.165337,8314.484601,-5.366758729,9936.085122,9938.776963,0.078148726,9925.318757,9925.251678,0.032953662,9928.976858,9928.960123,-0.081646283,9932.876071,9932.947535,-5.459208983,9936.344651,9939.077033,1293.624145,8891.355461,8279.686812,-1073.281119,3146.157976,3820.410993
11299.44623,20558.48989,28248.18765,-1075.536161,3289.997031,3963.541431,1373.267909,8855.467644,8217.390208,-6.09380155,9960.508613,9963.530271,-0.021999652,9952.699885,9952.71982,0.03525057,9951.635298,9951.617262,0.015879914,9950.905757,9950.89286,-6.251490945,9961.056325,9964.142348,1409.785241,8799.674488,8151.913253,-1059.211178,3301.995891,3959.845537
10627.15896,18710.68827,25920.16247,-1064.372301,2974.616828,3643.250745,1208.930356,9077.241983,8497.482197,-3.879065682,10075.97418,10077.97429,0.024831079,10070.80948,10070.78835,0.019552686,10071.94518,10071.93542,-0.024672328,10073.1536,10073.17538,-3.813696648,10075.85758,10077.82617,1195.421997,9098.36066,8522.415826,-1070.01809,2969.921783,3643.836379
11550.46477,21171.11162,29007.76459,-1043.04403,3438.06976,4085.976246,1488.563405,8571.140684,7898.679936,-7.472928142,9796.614007,9800.128313,0.243178576,9769.412559,9769.20203,-0.00738557,9781.132918,9781.1351,-0.269796476,9793.637985,9793.872344,-7.482596428,9796.8207,9800.331805,1498.175527,8556.319925,7881.45858,-1038.589681,3441.065072,4084.576704
11287.47334,20691.17666,28348.11552,-1063.815786,3290.137951,3956.626431,1381.90764,8701.567725,8060.69174,-6.779372715,9819.851173,9823.134345,0.093135852,9803.705779,9803.626122,0.024998411,9808.158216,9808.14497,-0.106572399,9813.139596,9813.233142,-6.742050919,9819.674933,9822.944416,1372.538788,8715.731861,8076.995145,-1067.995523,3286.195565,3956.67306
11292.00456,20591.80142,28262.67488,-1061.450138,3325.351404,3990.760594,1400.596187,8649.631513,8002.243368,-7.063992592,9781.253367,9784.635007,-0.114272418,9773.378434,9773.478029,0.013494501,9768.116646,9768.108724,0.094915162,9763.500172,9763.418321,-7.0690664,9781.315827,9784.697656,1403.701862,8644.650082,7996.46258,-1059.981114,3326.27477,3990.264898
11362.46637,20663.13378,28364.95256,-1032.790098,3381.681226,4021.064968,1474.967389,8503.638193,7836.524349,-7.37823239,9735.971372,9739.399941,-0.112243812,9724.675602,9724.773318,-0.020843224,9719.66745,9719.676235,0.082414933,9715.488583,9715.417428,-7.362543722,9735.446595,9738.88788,1451.45542,8539.960767,7878.503519,-1043.593204,3373.893654,4023.861097
11049.37524,19569.70026,27067.24267,-1044.269208,3252.455369,3899.033318,1403.169268,8695.631323,8051.081309,-6.532540998,9873.242376,9876.42091,-0.024859378,9863.487797,9863.509879,0.031637711,9862.338668,9862.322106,0.014423266,9861.631547,9861.619565,-6.458791354,9872.932231,9876.08285,1384.610811,8723.80883,8083.998218,-1052.391888,3246.209999,3900.624085
11145.54431,20422.38063,27991.56873,-1078.049131,3206.740641,3886.229706,1314.781141,8814.533383,8194.076237,-6.131835725,9860.665791,9863.690841,-0.205788282,9861.131709,9861.310836,0.033164443,9851.405541,9851.38841,0.197669415,9842.062592,9841.891845,-6.183420268,9860.923249,9863.965703,1330.664768,8788.515454,8163.67919,-1070.583694,3211.064711,3883.456201
11590.5883,21598.63789,29436.19817,-786.6185667,3893.596843,4294.691365,1513.553388,8273.293433,7594.127784,-6.915958691,9521.328867,9524.218232,0.048400562,9493.749076,9493.705738,-0.301774382,9497.328551,9497.476131,-0.130920143,9502.192553,9502.304914,-6.899773954,9521.405964,9524.283664,1516.102207,8269.483505,7589.890591,-1016.871526,3480.7925,4116.347716
11162.60821,20192.63179,27801.08345,-1074.183378,3236.824206,3908.701061,1349.479905,8906.995969,8277.488718,-5.589918536,9999.924565,10002.72491,0.008289007,9992.069076,9992.062453,0.033737837,9992.422259,9992.405113,-0.011606927,9993.009871,9993.020493,-5.471616288,9999.590479,10002.33925,1324.157755,8946.196812,8323.55323,-1085.509465,3228.401312,3911.045633
10872.78549,19343.46443,26728.61832,-1070.515575,3132.924667,3805.670609,1288.500316,8857.300014,8246.938924,-5.608037863,9900.647143,9903.439862,0.029960362,9891.380728,9891.355198,0.033986905,9892.773548,9892.756143,-0.034924082,9894.448401,9894.479134,-5.630139416,9900.717541,9903.519557,1293.398048,8849.55296,8237.896551,-1068.337285,3134.568385,3805.255177
11469.42033,20994.10545,28778.87307,-1047.348273,3409.712161,4062.649425,1464.437388,8567.378468,7901.500873,-7.428802556,9765.935442,9769.424483,-0.116640393,9755.683339,9755.784938,-0.012425839,9750.431426,9750.436093,0.088845752,9745.981768,9745.905131,-7.438748153,9766.239392,9769.721444,1478.289894,8545.820291,7876.531873,-1040.88843,3414.124237,4060.723951
11276.5693,20611.50415,28276.79428,-1056.337718,3309.925661,3969.060186,1406.12479,8672.575786,8024.726299,-6.87769467,9822.959536,9826.275375,0.060053381,9807.835625,9807.784184,0.024270215,9810.746156,9810.733092,-0.074788232,9814.206697,9814.272197,-6.799632224,9822.438649,9825.732965,1378.368694,8716.240472,8075.440525,-1069.168333,3300.908018,3972.390072
11035.38155,19807.2049,27311.20104,-1068.759193,3171.762101,3839.442731,1322.894728,8934.240103,8314.588938,-5.197172761,10017.32847,10019.94934,0.161169917,10003.13462,10002.99533,0.030592044,10010.72298,10010.70749,-0.163285326,10018.49308,10018.63502,-4.984553471,10016.80845,10019.33306,1279.423852,9001.455903,8393.650366,-1087.828431,3156.888829,3842.603499
10895.56078,19331.33857,26745.55095,-1064.57564,3134.912547,3799.41797,1309.265491,8945.272586,8330.613541,-5.008870224,10026.07214,10028.60461,0.012415319,10019.29904,10019.28866,0.029512173,10019.8449,10019.82997,-0.014121733,10020.55484,10020.56746,-4.885514716,10025.78371,10028.25985,1283.919609,8984.344568,8376.675782,-1075.524284,3126.48315,3801.352828
10947.65341,19559.3505,26987.86912,-1072.221061,3122.055583,3794.351221,1286.052959,8960.616057,8352.42094,-4.979094662,10007.98107,10010.49861,-0.136948153,10008.32716,10008.44634,0.029812625,10001.80316,10001.78808,0.135056801,9995.4531,9995.336503,-5.024723768,10008.07824,10010.61726,1294.265822,8948.42295,8338.13908,-1068.793458,3125.461313,3794.517894
11061.8418,20165.34419,27692.76017,-876.6811369,3592.885674,4063.30167,1276.52552,8929.896518,8321.735344,-5.462163575,9934.756739,9937.494658,-0.083015638,9931.443152,9931.515766,0.033787323,9927.482098,9927.464892,0.078876804,9923.783562,9923.71582,-5.694328528,9935.485526,9938.321311,1328.767708,8847.066155,8224.793098,-1064.654967,3178.993756,3844.524713
11165.53651,20477.06504,28080.70605,-1056.893437,3236.8618,3894.795189,1373.700277,8771.916929,8135.597007,-6.187305162,9906.128511,9909.175281,0.089229458,9892.442501,9892.365786,0.03462412,9896.648737,9896.630947,-0.095848666,9901.1964,9901.280151,-5.892386617,9905.027878,9907.957566,1302.354392,8884.258901,8266.811728,-874.495525,3643.579966,4112.212978
10846.06952,19562.872,26946.55816,-888.9949624,3473.352275,3955.496551,1201.366056,9109.644837,8528.503113,-4.119248007,10053.38899,10055.50678,-0.118946684,10054.68617,10054.78959,0.023578088,10049.01148,10048.99963,0.118493143,10043.44007,10043.33769,-4.374289671,10053.91768,10056.15474,1255.212781,9024.047956,8427.571438,-1068.753378,3058.786096,3728.840748
11008.35024,19665.36448,27137.91322,-1066.150419,3175.48692,3841.979556,1325.671603,8872.477593,8251.345121,-5.565582172,9957.910292,9960.691315,0.093230361,9945.91315,9945.832821,0.033487855,9950.28957,9950.27251,-0.096964143,9954.910131,9954.994685,-5.422144657,9957.503745,9960.22221,1295.460541,8919.415252,8306.332284,-1079.481916,3165.133235,3844.25951
11351.06575,20540.3891,28245.28493,-1040.242946,3385.935614,4031.878404,1465.740973,8544.366108,7879.134011,-7.365475133,9758.134762,9761.586283,-0.064337685,9745.375551,9745.431707,-0.009981494,9742.583783,9742.587239,0.037295394,9740.577898,9740.545894,-7.349806844,9757.842329,9761.297094,1452.331364,8565.034087,7903.021616,-1046.410501,3381.375164,4033.344924
11004.51764,19656.3231,27136.47227,-1054.170061,3201.148069,3856.54579,1360.696452,8797.089489,8165.62787,-5.951110467,9929.273938,9932.219065,-0.102232601,9925.339447,9925.428551,0.03464961,9920.485484,9920.467704,0.096603182,9915.936713,9915.853429,-5.788618425,9928.753255,9931.630145,1324.789143,8852.381675,8230.391676,-1069.930895,3189.117024,3859.555144
11330.25915,20760.74643,28470.66949,-843.310448,3772.555938,4215.794879,1399.562274,8641.665116,7993.31768,-7.215083743,9758.970278,9762.408305,0.039177068,9743.100391,9743.066812,0.000630983,9745.146999,9745.1453,-0.062983101,9747.923247,9747.978286,-7.290072015,9760.101713,9763.534975,1452.708277,8558.298782,7897.0388,-1042.071575,3365.002432,4012.496422
11050.6271,19815.31226,27320.49268,-1067.88332,3200.373327,3868.849656,1334.45728,8835.671511,8210.760801,-5.889242665,9922.536214,9925.456753,0.158430824,9906.503896,9906.367006,0.034580885,9913.98004,9913.962269,-0.16452154,9921.775472,9921.918581,-5.997805085,9922.89748,9925.863026,1358.912992,8797.940811,8166.585748,-1057.099874,3208.517172,3866.697066
10834.89358,19235.49123,26599.45191,-1073.677998,3082.268847,3756.438294,1260.371208,9011.522542,8412.256808,-4.599846211,10037.16381,10039.5063,-0.088293859,10036.02521,10036.10207,0.026966171,10031.80353,10031.78992,0.087179321,10027.71716,10027.64193,-4.695320125,10037.3748,10039.76136,1280.283896,8980.500816,8375.6457,-1065.100531,3088.703771,3754.783402
10674.52996,18939.36715,26177.15519,-1068.428918,2980.163823,3652.616166,1203.97995,9068.837529,8489.998302,-3.98242847,10054.67323,10056.72231,-0.12181254,10056.26463,10056.37057,0.020826147,10050.45652,10050.44609,0.121733709,10044.73159,10044.62642,-3.933499562,10054.58987,10056.61501,1194.936287,9082.588068,8506.151087,-1072.117613,2976.436148,3652.340421
10763.23398,19237.08154,26528.70988,-1069.673193,3059.083421,3733.804732,1077.823738,9147.285991,8712.516971,-5.453010923,9853.215302,9855.931709,-0.119620442,9851.268082,9851.372327,0.032988523,9845.592644,9845.575759,0.114650193,9840.197725,9840.098782,-5.500707865,9853.361611,9856.098439,1090.06005,9135.700118,8695.878617,-1065.284675,3062.74112,3733.340825
10966.01881,19907.87855,27365.92702,-875.8627182,3562.392091,4033.902355,1261.874783,8893.743754,8289.97301,-5.577373205,9887.219942,9890.003582,-0.049955332,9881.925263,9881.969423,0.033621862,9879.535627,9879.51849,0.044982039,9877.439862,9877.401693,-5.784820748,9887.911361,9890.78106,1308.650931,8819.221333,8203.167368,-1064.346422,3150.065814,3817.015256
11419.64454,21015.96884,28766.06839,-1033.056244,3404.14361,4046.060733,1478.244541,8459.18739,7790.524531,-7.447346599,9685.030588,9688.439934,-0.022069589,9667.860113,9667.879578,-0.052570643,9667.233983,9667.258381,-0.015433641,9667.54844,9667.562145,-7.476862,9684.212259,9687.670706,1444.178872,8512.582285,7851.857031,-1049.080503,3392.531497,4050.12179
10744.51854,18952.59311,26246.11093,-1056.72835,3029.633862,3688.462826,1263.161997,9063.600906,8466.930246,-3.982202798,10125.88027,10127.93392,0.0111014,10121.24828,10121.23915,0.019099869,10121.73299,10121.72349,-0.010771456,10122.28624,10122.29606,-3.859587931,10125.66489,10127.65939,1236.843019,9103.848857,8514.764305,-1067.638127,3021.012233,3690.117959
10998.29912,19543.95542,26992.7237,-1030.718624,3246.627328,3883.565509,1413.98256,8555.960881,7909.065841,-6.935555454,9755.784712,9759.074321,-0.061082077,9744.911131,9744.96459,0.01207528,9742.16388,9742.15667,0.041938011,9740.049172,9740.013258,-6.83564042,9755.035675,9758.300836,1376.059378,8614.36674,7976.737493,-1047.532369,3233.766618,3886.953427
10764.55934,19125.28631,26450.29221,-1074.30205,3009.095726,3683.847771,1218.66711,9181.857485,8599.419588,-3.37858276,10178.39687,10180.1613,0.085950023,10171.26546,10171.19126,0.013718854,10175.30894,10175.30214,-0.085383033,10179.38858,10179.46283,-3.118808736,10177.99371,10179.63009,1160.748773,9272.462283,8707.027578,-899.4088749,3423.216155,3914.397917
11324.38323,20559.5015,28230.10421,-1063.055097,3311.741267,3976.602145,1397.224454,8712.121742,8066.34495,-6.787383469,9846.35148,9849.640534,-0.251314672,9846.506102,9846.724683,0.02548922,9834.696357,9834.68273,0.237264566,9823.421252,9823.21615,-6.891631489,9846.88378,9850.208865,1426.14091,8668.348996,8015.565763,-1050.132876,3322.470992,3974.870488
11284.64313,20710.18301,28382.20886,-1073.395089,3290.183787,3965.300641,1366.48218,8745.29325,8108.007062,-6.677921832,9836.342352,9839.593285,-0.157453779,9832.617281,9832.754436,0.02744175,9825.231353,9825.216783,0.144311999,9818.3581,9818.23356,-6.774362769,9836.930324,9840.21002,1398.762435,8694.262017,8048.656811,-1058.433913,3300.444704,3961.191418
11556.42222,21084.83844,28908.16591,-1022.837147,3483.418844,4119.018036,1523.927434,8377.23367,7695.204336,-7.432404239,9641.680949,9644.964682,0.006871436,9619.682373,9619.675917,-0.14398189,9620.771585,9620.840928,-0.063721531,9623.01038,9623.065186,-7.395367145,9641.955772,9645.208316,1534.256023,8361.332612,7677.012254,-1017.992237,3487.0709,4117.846475
11189.06385,20456.63167,28049.19032,-1040.27713,3275.802867,3920.80078,1414.37106,8601.483478,7953.138356,-6.924556805,9785.244451,9788.552558,0.146572002,9765.201863,9765.075331,0.018931559,9772.222864,9772.212382,-0.163186527,9779.830226,9779.97238,-6.771000518,9784.121079,9787.390862,1356.000876,8693.096969,8059.396638,-1066.892869,3256.76731,3927.387126
10880.77939,19667.50518,27037.98469,-1051.615949,3097.493939,3753.931536,1300.184104,8798.51665,8186.972728,-5.650158238,9883.395614,9886.199018,0.091214638,9870.948616,9870.870541,0.032476394,9875.226136,9875.209658,-0.095551375,9879.77978,9879.863666,-5.460442511,9882.776229,9885.500871,1256.550383,8868.229134,8268.430364,-1070.937015,3083.781241,3758.475728
10936.09485,19669.42045,27114.3746,-1084.645031,3130.832776,3815.559495,1265.362402,8949.074259,8345.331234,-5.214443305,9952.763418,9955.387703,0.041522625,9944.120713,9944.085133,0.032653153,9946.04956,9946.032943,-0.044706995,9948.200391,9948.239568,-5.362659512,9953.180983,9955.869853,1297.238812,8898.530939,8286.139525,-1070.41105,3141.338389,3812.643319
11251.15649,20398.89568,28011.13759,-1046.541763,3298.671659,3949.451572,1415.059892,8617.726803,7968.389925,-6.996110729,9790.424828,9793.767063,0.175108624,9768.85701,9768.705885,0.014187058,9777.245682,9777.237524,-0.19345782,9786.260743,9786.429303,-6.996213919,9790.512598,9793.850849,1419.660421,8609.89049,7959.134871,-1044.299761,3299.204249,3947.786914
11250.14859,20459.8009,28101.13286,-846.1521845,3734.648685,4179.771979,1380.501962,8663.02476,8020.894691,-7.034430507,9768.282172,9771.652952,-0.101280449,9759.906303,9759.994698,0.009109761,9755.277839,9755.272066,0.080624494,9751.319608,9751.250211,-7.154526817,9769.476619,9772.864902,1438.819456,8571.957429,7915.611173,-1040.525293,3328.260541,3973.807855
11077.08881,19976.62581,27521.81938,-1084.149883,3196.678033,3879.283054,1306.198345,8930.909395,8313.960611,-5.461073135,9969.705748,9972.445959,0.079689848,9958.752748,9958.684092,0.033724973,9962.489055,9962.471874,-0.083259582,9966.463291,9966.535888,-5.467571238,9969.723661,9972.466738,1307.523474,8928.853643,8311.55721,-1083.559588,3197.160909,3879.208224
11084.59655,19940.08733,27463.06022,-1059.899366,3219.838218,3881.319984,1357.345307,8773.417312,8141.735849,-6.190794449,9889.055315,9892.099958,-0.179975851,9887.989741,9888.146292,0.033841405,9879.482152,9879.464647,0.172095842,9871.346692,9871.197963,-6.144329829,9888.87311,9891.899699,1345.801058,8791.453958,8162.815242,-1065.072029,3216.139271,3882.565507
11473.59256,20953.42366,28703.69135,-1011.64472,3450.848173,4076.786906,1523.572528,8301.931387,7621.841743,-7.093141523,9583.835277,9586.879927,-0.021273566,9561.575788,9561.59366,-0.198399966,9561.519533,9561.615881,-0.044402906,9562.665756,9562.703706,-7.123045763,9583.675507,9586.742865,1517.772695,8310.926675,7632.120596,-1014.359629,3448.86984,4077.515023
11362.51737,20590.96278,28293.07435,-1042.18984,3377.601966,4025.489387,1458.069871,8550.161026,7887.011923,-7.347657808,9755.428887,9758.873127,-0.03257061,9741.213591,9741.242431,-0.014754577,9739.935196,9739.941053,0.004604685,9739.460234,9739.456824,-7.386898482,9756.114629,9759.552689,1489.391762,8502.57105,7831.965078,-1028.019919,3388.39187,4022.373692
11359.08557,20701.23274,28392.08729,-1035.57346,3377.187067,4021.112721,1461.968775,8475.181761,7811.226004,-7.389943742,9687.332102,9690.731974,0.053040082,9667.218447,9667.172726,-0.046678589,9670.110985,9670.132479,-0.089043087,9673.920644,9673.998208,-7.395936098,9687.188873,9690.597925,1455.873526,8484.849089,7822.392625,-1038.442075,3375.366004,4022.107443
10948.55928,19775.80145,27237.4974,-883.1247104,3556.777861,4033.301608,1249.778765,8987.191794,8388.13265,-5.015236767,9965.002614,9967.53906,-0.042088354,9960.851245,9960.888115,0.031082441,9958.819273,9958.803511,0.03984731,9956.974118,9956.939956,-4.954712585,9964.839971,9967.349684,1236.885058,9008.082743,8412.552162,-889.6718759,3551.47325,4034.561506
11508.71449,20922.31132,28736.44547,-1025.708897,3461.924958,4094.429206,1526.484414,8481.296871,7799.180417,-7.564586683,9760.117387,9763.603671,0.015912239,9741.562654,9741.549079,-0.032168333,9742.656465,9742.670736,-0.049276576,9744.640065,9744.683034,-7.554072109,9759.458897,9762.966006,1497.752243,8524.881993,7849.559247,-1038.884343,3452.060516,4097.606524
11246.65075,20296.80474,27939.47723,-1064.57487,3292.483212,3956.89247,1390.457462,8780.583354,8137.779852,-6.389221596,9913.620881,9916.759482,-0.090471362,9907.924597,9908.003606,0.034498715,9903.648374,9903.630518,0.082144081,9899.762586,9899.691943,-6.307838757,9913.304032,9916.410698,1370.853626,8810.720306,8172.954368,-1073.40403,3285.693158,3958.565142
11236.47108,20584.80274,28221.32074,-1047.413114,3302.692713,3954.67833,1414.118873,8609.7275,7960.398211,-7.020747189,9777.801181,9781.151952,-0.227175795,9775.114724,9775.312285,0.016086957,9764.506044,9764.496906,0.209121484,9754.514258,9754.333366,-6.885762057,9776.698552,9780.019902,1358.579991,8697.10467,8061.40936,-853.5970951,3709.563129,4161.782731
10952.50279,19771.90547,27212.51848,-1075.067987,3096.574957,3771.553228,1266.833713,9011.896832,8410.45969,-4.617992499,10040.18383,10042.53615,0.237632174,10023.60481,10023.39919,0.026077593,10034.81588,10034.80274,-0.238671285,10046.15829,10046.36549,-4.55006726,10040.02121,10042.34296,1251.370968,9036.799244,8439.885057,-1081.982424,3092.261953,3773.740724
11509.37822,21055.01711,28868.83554,-1022.439123,3455.278039,4085.112083,1527.461652,8458.40054,7776.439788,-7.544311732,9742.454804,9745.913128,-0.115237015,9729.634693,9729.734837,-0.039469867,9724.567083,9724.584944,0.080171604,9720.411815,9720.342451,-7.54314333,9741.451212,9744.949402,1484.322409,8524.178873,7852.380025,-1042.294849,3440.520184,4089.98558
10829.04747,19096.01442,26413.07882,-1044.303149,3111.966993,3760.83529,1324.112206,8783.056728,8164.96848,-5.724074091,9902.241338,9905.078273,-0.104505605,9898.849537,9898.94085,0.033196301,9893.882934,9893.865986,0.099671059,9889.199066,9889.113329,-5.585294335,9901.839616,9904.616248,1295.57669,8826.630238,8215.903598,-1056.420531,3101.8086,3762.201194
10231.91942,17844.24749,24797.16822,-1063.780523,2772.419437,3448.00068,1069.089505,9284.923391,8755.586782,-2.477168276,10158.15148,10159.46359,0.024473673,10155.09809,10155.07697,0.009020707,10156.23827,10156.2338,-0.023956121,10157.39459,10157.41545,-2.677860003,10158.42304,10159.83587,1118.463004,9205.142162,8661.131217,-1043.843128,2789.218179,3446.345354
11332.93103,20604.398,28258.81142,-1045.327267,3353.665197,4008.310714,1429.374432,8482.731026,7826.946777,-7.372672984,9649.786653,9653.174647,0.214227229,9621.898621,9621.712824,-0.069944066,9632.478256,9632.511201,-0.255317584,9644.035398,9644.257093,-7.31581146,9651.208081,9654.508245,1487.381948,8392.964924,7724.056956,-1018.601489,3374.285602,4002.784669
11001.12647,19791.12482,27259.84611,-863.7009494,3609.240702,4069.631552,1301.215129,8798.683641,8182.195442,-6.131433742,9834.725166,9837.743448,0.066784801,9822.160273,9822.102871,0.032715846,9825.326008,9825.309012,-0.075696126,9828.89205,9828.958221,-6.2137696,9835.084292,9838.133216,1322.688839,8764.383771,8142.383719,-1066.853649,3188.686179,3858.549081
11033.89007,20150.5588,27654.38432,-1062.30414,3213.153807,3881.00617,1336.542548,8658.971476,8031.808127,-6.716283504,9738.532259,9741.767239,0.031480584,9724.972916,9724.946139,0.020874151,9726.547153,9726.535742,-0.047184572,9728.685304,9728.726778,-6.623341631,9737.776976,9740.991681,1128.726885,9007.99241,8555.677663,-866.9419906,3622.464996,4089.498355
11580.84935,21405.63634,29250.72933,-1007.516708,3501.359108,4125.878999,1547.198232,8268.673033,7581.516588,-6.949090867,9565.176126,9568.08486,-0.10056637,9544.872755,9544.958719,-0.255011575,9541.288937,9541.413206,0.024731964,9538.970168,9538.947362,-7.146953238,9564.384945,9567.433022,1519.616693,8311.903397,7630.700885,-1020.728908,3491.732412,4129.449377
10686.35231,19200.52853,26495.92373,-1066.953633,2994.924308,3664.900977,1218.281703,9089.313811,8506.531043,-3.813239033,10091.67834,10093.64917,0.109188411,10082.67201,10082.57763,0.017804422,10087.80877,10087.79988,-0.108961446,10093.00583,10093.10052,-3.390565074,10090.92711,10092.69424,1128.190316,9234.039405,8677.202876,-909.2141015,3392.744218,3896.167937
11047.9498,20007.16568,27508.00875,-1075.528244,3163.362965,3839.323052,1299.894703,8891.504157,8277.479975,-5.537145947,9937.806568,9940.57521,-0.253799803,9942.305865,9942.52635,0.033312317,9930.27221,9930.255215,0.249574595,9918.496497,9918.280568,-5.539466438,9937.82679,9940.595676,1301.430366,8888.701809,8274.14081,-1074.742904,3163.383337,3838.596655
10956.28499,19683.9629,27154.13436,-1090.963339,3127.628852,3816.518089,1257.095012,9041.962021,8441.619639,-4.69090562,10034.6622,10037.05107,-0.078965018,10032.98988,10033.05865,0.028409806,10029.20917,10029.19481,0.077586555,10025.57733,10025.51041,-4.867628077,10035.07192,10037.54163,1293.754463,8984.502607,8373.95339,-1074.791834,3139.779625,3813.440568
10952.50644,19829.55373,27290.16697,-1061.197037,3151.183725,3814.160286,1318.408617,8846.241159,8227.919968,-5.589861478,9932.177519,9934.965035,0.127491496,9918.406434,9918.296329,0.033333973,9924.404745,9924.387744,-0.131383564,9930.649781,9930.764124,-5.283569045,9931.269714,9933.925556,1251.975265,8951.518086,8351.000347,-881.8372858,3558.417077,4034.611542
10971.18651,19698.00961,27160.31614,-1075.586933,3177.622742,3855.042388,1303.435372,8823.106969,8206.418472,-5.995400305,9866.695052,9869.656687,-0.031772733,9859.234579,9859.262636,0.03357892,9857.735094,9857.717707,0.023759927,9856.6107,9856.590599,-6.249556618,9867.681165,9870.74233,1365.218634,8726.445455,8093.737686,-1048.048947,3198.235801,3849.414796
11163.278,20405.97035,28002.45009,-867.864471,3653.285198,4115.623968,1316.721931,8850.462655,8228.882456,-6.034270393,9891.391234,9894.379835,-0.107461498,9887.635289,9887.729073,0.034435568,9882.546333,9882.528589,0.100186358,9877.816926,9877.730665,-6.180560029,9891.977705,9895.022615,1353.797788,8791.59875,8160.201294,-1066.507802,3234.913361,3902.342844
11337.68005,20820.11779,28508.24206,-1053.829789,3340.948798,4001.228469,1415.592057,8568.976657,7917.170244,-7.294208641,9718.694223,9722.12277,0.051473249,9700.829523,9700.785512,-0.020102189,9703.535713,9703.544241,-0.080500798,9707.059486,9707.129971,-7.328813802,9719.87999,9723.279396,1468.710843,8486.227049,7821.68042,-1029.324994,3358.62753,3995.018864
11145.60301,20224.22228,27781.5026,-1062.937092,3197.951104,3860.651676,1345.931966,8862.651482,8235.277265,-5.654007415,9971.287343,9974.10865,-0.218228892,9973.818654,9974.008632,0.033135573,9963.455256,9963.438448,0.214476349,9953.345746,9953.160632,-5.605629761,9971.103228,9973.906141,1332.001365,8885.490644,8262.326586,-1069.393142,3195.165948,3864.037826
11008.67359,19403.76022,26889.63639,-1066.097672,3179.385434,3842.376982,1339.558585,9001.185913,8377.236501,-4.782114516,10110.15772,10112.59308,0.010562653,10104.10461,10104.09585,0.026885497,10104.56095,10104.54741,-0.011413549,10105.14581,10105.15609,-4.780036887,10110.15262,10112.58706,1339.045801,9001.996983,8378.205138,-1066.325257,3179.272284,3842.481136
10750.73051,19443.4687,26759.42566,-897.7156952,3406.33062,3898.811333,1154.366602,9157.24126,8591.906372,-3.766296848,10053.82879,10055.77624,0.193902042,10040.90788,10040.74006,0.021044091,10050.05393,10050.04337,-0.194135407,10059.28571,10059.45423,-4.191394637,10054.6541,10056.80294,1244.129946,9013.901246,8422.962213,-1056.383922,3006.801321,3667.320143
11377.43222,20734.06029,28478.02338,-1063.764192,3365.840264,4031.751949,1421.932953,8690.213676,8036.277215,-7.033742246,9837.617353,9841.007009,-0.060022089,9827.825695,9827.878253,0.022322844,9825.081563,9825.069361,0.043722813,9822.9236,9822.886194,-7.026712897,9837.563751,9840.951744,1419.146835,8694.582939,8041.353225,-1065.066668,3364.937304,4032.108614
10946.02608,19646.99647,27073.14601,-1064.732485,3173.178281,3842.200224,1315.199857,8732.023887,8112.040087,-6.352131198,9798.763945,9801.859881,0.042044819,9786.26198,9786.226154,0.02688983,9788.294563,9788.280312,-0.054433851,9790.815299,9790.863164,-6.622303387,9800.106076,9803.295845,1390.842401,8614.475277,7975.495874,-1031.320215,3198.723682,3835.739525
10903.96895,19501.18833,26911.08965,-1061.075623,3127.60791,3790.25337,1307.138426,8888.773172,8274.701444,-5.293347267,9969.107959,9971.76519,-0.065881923,9965.28218,9965.339853,0.031461015,9962.125183,9962.10924,0.063315671,9959.171393,9959.11706,-5.06704036,9968.520695,9971.076988,1260.360709,8961.833321,8360.384577,-1081.524809,3111.707887,3793.663025
11062.74866,20203.37811,27715.26074,-1083.667018,3141.46178,3824.826219,1274.966046,8939.547793,8333.323435,-5.283001547,9954.151646,9956.808939,0.185565144,9938.567546,9938.407465,0.031932835,9947.304179,9947.288033,-0.188494116,9956.265036,9956.429241,-5.370067891,9954.435275,9957.128299,1296.767931,8903.895394,8291.377773,-1072.591783,3147.016202,3820.190854
11551.72109,21096.79004,28906.06562,-1024.283479,3469.278144,4105.992313,1515.465775,8381.991075,7702.387594,-7.421301911,9639.183424,9642.470198,-0.20802733,9627.569212,9627.74926,-0.141459222,9618.517272,9618.585379,0.151757254,9610.607978,9610.475795,-7.349692147,9639.764516,9642.989083,1537.375607,8348.471984,7664.055667,-1014.089137,3477.186752,4103.762089
11519.22605,21241.63169,29069.71918,-1055.294001,3417.311829,4077.804822,1454.53424,8599.111011,7935.183579,-7.428625408,9775.654077,9779.162852,0.076725996,9756.800753,9756.734758,-0.005140525,9760.645445,9760.646587,-0.102447737,9765.261246,9765.350657,-7.435793138,9775.712548,9779.223051,1457.170403,8595.24737,7930.784236,-1054.111989,3418.559877,4077.914024
11131.3413,19935.834,27503.31991,-1043.237709,3274.839607,3919.274285,1420.149345,8710.448936,8060.903791,-6.505056612,9904.507912,9907.683693,0.066450754,9890.744688,9890.687585,0.033713371,9893.895853,9893.878333,-0.075423318,9897.45175,9897.517654,-6.296055359,9903.692032,9906.78613,1369.51745,8787.370299,8150.908643,-1065.526736,3257.876234,3923.795391
10588.44335,18463.21553,25636.29799,-1053.436947,2960.743707,3619.151726,1223.18735,9099.076747,8516.596682,-3.646341349,10133.00508,10134.89528,-0.131924195,10135.68248,10135.79703,0.017004323,10129.39754,10129.38905,0.132159911,10123.16834,10123.05404,-3.713535051,10133.11994,10135.04258,1238.618875,9075.154684,8488.104608,-1047.101182,2965.360505,3617.809553
11330.93854,20481.17364,28167.40902,-1044.251921,3373.114704,4023.193305,1451.486796,8553.756683,7892.302296,-7.33759422,9749.59888,9753.041761,-0.023168223,9735.055992,9735.076453,-0.011727752,9734.213924,9734.218243,-0.004254232,9734.163128,9734.167181,-7.345249227,9749.755305,9753.196045,1458.632924,8542.716241,7879.54378,-1040.965303,3375.525208,4022.393473
11156.47036,20254.31555,27818.66366,-839.6737497,3704.847109,4146.565663,1373.581831,8577.126964,7937.478071,-7.156138919,9683.471313,9686.84814,-0.053881966,9671.237281,9671.284386,-0.012525037,9668.945534,9668.950301,0.026803795,9667.431408,9667.408497,-7.166300796,9683.825528,9687.193616,1389.488246,8551.620346,7908.181928,-1051.693183,3287.533135,3946.662917
11001.07947,19850.9635,27316.911,-1067.946934,3187.279147,3858.975285,1317.600295,8742.307146,8121.328135,-6.341566023,9804.197307,9807.29529,0.059068724,9791.099048,9791.048353,0.030072592,9793.920187,9793.904411,-0.069925366,9797.191797,9797.252991,-6.339896041,9804.196155,9807.293204,1317.554786,8742.280296,8121.277194,-1067.942033,3187.131688,3858.821356
10938.02404,19507.24177,26947.69004,-1077.110324,3142.157829,3818.883964,1288.048706,8950.221339,8340.474288,-5.136513902,9988.884591,9991.474698,-0.057376612,9985.121918,9985.172041,0.031467592,9982.367675,9982.3517,0.054903275,9979.808329,9979.761124,-5.149394843,9988.916752,9991.512671,1290.645221,8946.196885,8335.753915,-1075.975009,3143.074582,3818.728824
10847.20057,19417.94868,26784.87726,-1075.46027,3084.617677,3761.95501,1253.511228,8945.296091,8346.902644,-5.022800779,9955.187887,9957.72133,0.144061785,9942.059407,9941.934888,0.030799253,9948.837093,9948.821458,-0.1465698,9955.808492,9955.935945,-5.056007378,9955.278127,9957.826125,1260.795389,8933.591853,8333.175508,-1072.215116,3086.880589,3761.166576
11014.40285,19945.47041,27440.93839,-875.8412185,3587.238001,4057.082192,1274.972994,8923.47803,8315.869405,-5.454254525,9928.354256,9931.087499,0.158066207,9913.634169,9913.49756,0.033737147,9921.080328,9921.06311,-0.162235333,9928.783577,9928.924672,-5.554020017,9928.659781,9931.43554,1296.801223,8888.749878,8275.323806,-1077.142812,3164.119031,3841.758815
11592.23467,21089.92404,28947.88525,-1013.222572,3511.752556,4136.301561,1559.119161,8375.914345,7685.009951,-7.499426128,9686.467137,9689.790729,-0.014978812,9665.721356,9665.734032,-0.116009179,9665.681246,9665.736745,-0.036820644,9666.751425,9666.783052,-7.537995172,9686.064524,9689.42532,1543.514165,8399.575192,7712.193463,-1020.442549,3506.277255,4138.056748
10728.67823,19246.5056,26524.09866,-1076.647051,2998.353617,3678.79979,1197.444547,9023.62567,8444.807004,-4.364753975,9984.133271,9986.361449,-0.079937405,9983.002906,9983.072802,0.024964956,9979.17361,9979.161099,0.079341346,9975.465742,9975.397547,-4.304289154,9984.010487,9986.210026,1186.090285,9041.541311,8465.7317,-1081.491021,2993.91972,3678.880607
10959.61155,19620.83476,27077.21986,-1072.042256,3161.032074,3833.579585,1305.592473,8888.012968,8272.469707,-5.502236235,9946.153624,9948.905466,-0.049631868,9941.062407,9941.105863,0.033624229,9938.682746,9938.665594,0.045770993,9936.549477,9936.510224,-5.445802878,9945.986811,9948.714394,1293.296223,8907.39084,8295.162336,-1077.529735,3156.983052,3834.721311
10629.52187,19029.71904,26225.82442,-1060.881557,2946.197823,3614.111898,1191.498727,9004.119823,8429.345952,-4.2148721,9986.83773,9988.991166,-0.190501865,9991.138128,9991.303765,0.023140001,9982.080475,9982.068879,0.190007914,9973.130975,9972.966707,-4.127107474,9986.634453,9988.748206,1171.085104,9038.111949,8469.331997,-1069.89781,2940.605812,3616.911263
11139.87753,19857.16584,27413.60357,-1051.777088,3275.785456,3929.409132,1401.211459,8706.772967,8061.659786,-6.608738355,9868.190344,9871.403156,0.061166489,9854.163348,9854.110833,0.030410254,9857.090543,9857.074539,-0.072649279,9860.487253,9860.550774,-6.613883372,9868.217441,9871.431943,1402.79555,8704.299288,8058.761925,-1051.062098,3276.240466,3929.17228
11325.48674,20927.55709,28625.16261,-1064.656106,3278.690368,3943.481725,1382.298973,8780.886777,8140.694844,-6.343736934,9907.052,9910.170278,-0.141574128,9903.911859,9904.035925,0.033320883,9897.19885,9897.181822,0.134303842,9890.864372,9890.749255,-6.232437488,9906.549165,9909.627422,1350.791568,8831.067114,8199.497974,-1080.285793,3269.847482,3949.326264
11043.56578,19730.75369,27251.16642,-1077.820936,3177.895553,3852.753118,1313.50266,9003.54995,8386.450144,-4.881538913,10067.77643,10070.25634,0.008927387,10061.57691,10061.56961,0.028448403,10061.95485,10061.9405,-0.010146616,10062.48009,10062.48932,-4.846249693,10067.69736,10070.161,1306.289254,9014.595806,8399.498283,-1080.962395,3175.463214,3853.296038
11460.6222,20920.45538,28672.76158,-1032.670475,3406.040313,4045.603481,1486.098862,8497.070269,7826.674794,-7.451379528,9735.800794,9739.251323,0.006616867,9718.380683,9718.376187,-0.032762516,9719.006372,9719.021261,-0.038346806,9720.502988,9720.537498,-7.451031317,9735.907537,9739.353468,1490.809634,8489.752003,7818.184605,-1030.493008,3407.44801,4044.858677
11516.94445,21184.20887,28971.17657,-1024.688593,3441.461172,4077.762631,1503.455576,8389.059635,7713.551734,-7.416654915,9639.483907,9642.792983,0.122284483,9613.082747,9612.976666,-0.111619659,9619.483505,9619.537006,-0.172251946,9626.967863,9627.117396,-7.476137554,9638.853685,9642.220156,1479.194176,8426.496675,7756.269364,-1036.044513,3432.414914,4079.885718
11248.78608,20564.48292,28200.89493,-1061.097474,3274.885558,3937.865264,1382.017707,8724.860878,8084.460707,-6.59183528,9852.532253,9855.741376,-0.197240197,9850.861672,9851.033381,0.030012759,9841.573566,9841.557823,0.185936091,9832.753731,9832.593159,-6.545972426,9852.259917,9855.455331,1366.353564,8749.975695,8113.804859,-1068.393008,3270.506039,3940.495914
11505.70263,21246.70965,29032.53933,-1033.320586,3423.601926,4067.257735,1482.869928,8435.568793,7765.25898,-7.47561226,9659.175757,9662.562486,-0.314648225,9654.648289,9654.921273,-0.086491158,9640.359104,9640.40016,0.269506658,9627.101733,9626.867804,-7.463273105,9659.197904,9662.576629,1483.860932,8433.51408,7762.764683,-1032.739635,3423.228903,4066.284047
11260.56445,20623.67913,28232.94516,-1046.796634,3288.275828,3941.202568,1403.119413,8574.675602,7928.791076,-7.100774564,9731.423139,9734.784866,0.213889034,9707.017806,9706.833373,0.000309032,9717.282969,9717.281698,-0.23607389,9728.251812,9728.457764,-7.059636384,9731.186078,9734.533981,1392.082834,8590.690479,7946.977083,-1051.551699,3282.779019,3940.250224
11286.48002,20477.01186,28131.24864,-1052.183385,3327.810345,3984.163835,1418.885055,8621.733254,7969.995155,-7.090875245,9784.740358,9788.122632,-0.113835356,9776.49224,9776.591515,0.012268389,9771.255153,9771.247841,0.094188587,9766.66937,9766.58821,-7.06704516,9784.553129,9787.929801,1409.637037,8635.941405,7986.399061,-1056.388595,3324.413408,3984.825946
11009.45812,19914.62229,27402.14779,-867.2204929,3603.727406,4066.589765,1294.517901,8840.194699,8225.96319,-5.933456906,9869.053202,9871.990593,0.086142828,9856.264845,9856.190633,0.033904595,9860.333574,9860.316056,-0.093660322,9864.763294,9864.845003,-6.159512817,9869.924879,9872.950968,1349.613545,8753.2025,8124.602821,-1054.938907,3193.007633,3850.725777
11322.35855,20311.18286,27985.25275,-1037.756261,3377.081741,4019.787671,1468.649183,8553.916946,7888.326778,-7.31621237,9777.913653,9781.352699,-0.043453758,9764.563649,9764.60173,-0.005446753,9762.737045,9762.738281,0.017753503,9761.673769,9761.65876,-7.347083174,9778.300093,9781.740403,1486.847517,8526.423133,7856.439786,-1029.592144,3383.256833,4017.939514
10657.16308,18863.14186,26108.4018,-1072.618806,3004.058143,3680.053985,1210.521453,9036.04808,8453.632986,-4.259605099,10018.28618,10020.46535,0.050733066,10011.17442,10011.13072,0.024133913,10013.53642,10013.52426,-0.051355462,10016.00725,10016.05205,-4.222335573,10018.20798,10020.36976,1202.75601,9048.486119,8468.256812,-1075.982687,3001.494397,3680.632114
10976.0979,19514.98405,26960.48618,-1060.841099,3156.586726,3817.661428,1327.218274,8899.30121,8278.987137,-5.295169324,9998.382071,10001.04415,-0.124666241,9997.414314,9997.522853,0.031179586,9991.474292,9991.458491,0.122295483,9985.727943,9985.622412,-5.041055761,9997.747583,10000.29519,1275.287428,8979.45072,8373.194266,-1083.445358,3138.809087,3821.282695
11090.34844,19794.40268,27331.54915,-1069.611419,3229.507368,3898.65089,1349.348635,8845.182594,8215.367998,-5.917393586,9941.859543,9944.796606,-0.06607157,9936.46266,9936.520416,0.035129412,9933.318016,9933.299986,0.060335269,9930.483814,9930.431986,-5.960952202,9942.001228,9944.956509,1359.022555,8830.30435,8197.942258,-1065.324012,3232.780327,3897.829119
10805.39419,19450.41516,26811.94085,-889.4299799,3480.79624,3964.926593,1202.886218,9041.298785,8458.050228,-4.561818147,9978.76444,9981.088229,0.011785272,9972.976957,9972.967101,0.028246515,9973.493578,9973.479297,-0.01323572,9974.161754,9974.173587,-4.763229795,9979.249996,9981.66507,1244.988153,8973.360192,8378.45962,-1074.332753,3065.742716,3742.084825
11264.93789,20566.30806,28197.50981,-1053.726647,3301.241896,3959.887182,1400.220173,8615.53586,7969.425566,-7.057416702,9760.08715,9763.450398,0.02088367,9745.461689,9745.444769,0.008082718,9746.58487,9746.579803,-0.040760057,9748.371923,9748.408478,-7.058089412,9760.124967,9763.486925,1402.105412,8612.392333,7965.748863,-1052.813822,3301.621011,3959.379048
10606.54021,18814.32104,26014.52319,-1073.45597,2949.279746,3627.417268,1173.893178,9102.912632,8533.645763,-3.78176227,10053.16185,10055.11398,0.047240349,10047.09222,10047.05163,0.019729552,10049.29043,10049.28057,-0.047158059,10051.56305,10051.60428,-3.832585574,10053.26022,10055.23637,1185.106496,9084.711519,8512.182234,-1068.616503,2952.747609,3626.380246
10761.70955,18892.39159,26192.30652,-1058.527593,3072.015985,3732.858663,1280.919264,8954.105618,8349.742075,-4.754209324,10021.60004,10024.01184,-0.068193976,10019.12812,10019.18758,0.027344643,10015.85909,10015.84528,0.066962156,10012.73093,10012.67324,-4.607570417,10021.27985,10023.62365,1251.176534,9000.112078,8403.95359,-1071.177782,3061.958746,3734.73401
11314.88925,20764.69403,28420.9399,-1060.944949,3291.41102,3955.970243,1385.444881,8668.202697,8025.906574,-6.896636122,9792.281526,9795.598956,0.200999912,9770.268732,9770.095701,0.017146196,9779.848877,9779.839472,-0.217367187,9790.024609,9790.21446,-6.966457986,9792.63883,9795.980951,1403.552473,8641.311055,7995.054858,-1052.984172,3299.415137,3956.353245
10516.80786,18670.34543,25804.99888,-1082.249543,2828.290633,3516.644539,1079.36483,9386.67331,8853.417563,-2.170284617,10245.16957,10246.33105,-0.178093801,10252.17328,10252.32773,0.005884876,10243.70415,10243.70129,0.178638507,10235.24167,10235.08703,-2.269666809,10245.28386,10246.49656,1103.712018,9348.668896,8808.235985,-1072.553028,2837.904706,3517.284398
11154.73682,20068.76111,27647.56554,-1070.261306,3243.012294,3912.820031,1354.92886,8833.763458,8201.910938,-6.023743649,9932.472091,9935.455414,-0.094724211,9928.126456,9928.209121,0.035084015,9923.630608,9923.612581,0.088425786,9919.464492,9919.388377,-6.05545069,9932.572728,9935.569514,1361.583876,8823.694109,8190.162362,-1067.339477,3245.516026,3912.536005
10807.57429,18985.40051,26339.47066,-1055.853899,3106.62679,3762.896298,1311.620601,8973.785837,8360.055939,-4.676922612,10075.14083,10077.52167,-0.02063039,10070.66989,10070.68807,0.025900191,10069.65168,10069.63862,0.01980524,10068.7549,10068.73804,-4.502165174,10074.7823,10077.08113,1275.73286,9028.321033,8424.654985,-1070.969287,3094.742487,3765.334114
11126.11569,19956.70962,27514.54951,-1064.031894,3229.863411,3893.125675,1361.795576,8847.973492,8215.171189,-5.839073932,9966.397492,9969.301741,0.048332795,9955.840529,9955.79926,0.034699696,9958.097594,9958.079879,-0.053048159,9960.637093,9960.683705,-5.810983705,9966.304232,9969.196934,1355.098521,8858.44124,8227.499697,-1067.031702,3227.925424,3894.059969
10945.36458,19650.69889,27093.14201,-1076.033591,3158.675956,3836.554868,1292.37334,8843.423262,8230.580701,-5.825979922,9878.152471,9881.041572,0.040075624,9867.818471,9867.784195,0.034209027,9869.702125,9869.684505,-0.046694118,9871.919941,9871.960908,-5.989146416,9878.741407,9881.696212,1330.757864,8782.787029,8159.88611,-1058.841001,3171.433959,3833.004393
11441.72534,20904.3749,28678.75047,-1057.201747,3385.551133,4045.517035,1442.388892,8656.473395,7996.882096,-7.170733103,9829.240029,9832.674701,-0.001197932,9815.883452,9815.885294,0.016230014,9815.942443,9815.933258,-0.017121689,9816.635662,9816.651313,-7.176478789,9829.283216,9832.719306,1444.562055,8653.151379,7993.034074,-1056.205689,3386.32979,4045.329132
10900.0519,19507.69695,26911.67266,-1072.350837,3131.776655,3806.264521,1284.473133,8863.359372,8254.079518,-5.594262781,9900.114512,9902.901638,-0.075609898,9895.887165,9895.953183,0.033946527,9892.288845,9892.271461,0.070617086,9888.973576,9888.912799,-5.656350705,9900.316364,9903.129386,1298.520672,8841.046651,8228.019942,-1066.079054,3136.364477,3804.922101
11217.43866,20458.6773,28041.93773,-1050.708238,3262.123127,3917.273174,1387.662186,8641.457116,8000.582595,-6.844554509,9785.659292,9788.948768,-0.136636936,9779.624754,9779.744909,0.018989232,9773.24151,9773.231324,0.121758518,9767.425329,9767.321343,-6.767680448,9785.245428,9788.508889,1366.175896,8674.088537,8038.175999,-1060.237684,3253.524342,3917.797987
11262.88429,20399.17806,28029.49597,-1051.773293,3299.621842,3954.007974,1410.573773,8671.84903,8023.433045,-6.827114883,9836.233529,9839.527993,-0.07031198,9827.440027,9827.502065,0.024254081,9824.177838,9824.164914,0.056383601,9821.454422,9821.406588,-6.831714768,9836.228446,9839.525874,1410.234465,8672.757739,8024.568483,-1052.015626,3300.022084,3954.654143
10994.12493,19735.8116,27224.45609,-1085.322304,3146.774072,3830.058938,1278.877537,9011.91985,8404.852529,-4.87128371,10032.66673,10035.13904,-0.046184927,10029.04985,10029.09027,0.029794996,10026.82065,10026.80557,0.044450854,10024.75777,10024.71964,-5.095445509,10033.20175,10035.77588,1325.496514,8939.770364,8319.774827,-1064.951239,3162.054923,3826.055295
10871.96032,19471.52376,26831.76916,-1051.169099,3111.714966,3767.375467,1309.735247,8789.590136,8174.936315,-5.743161318,9883.328415,9886.172453,0.26237029,9862.515045,9862.287971,0.033039352,9874.899036,9874.882088,-0.267964675,9887.581769,9887.814598,-5.637925469,9882.981341,9885.781769,1285.725854,8827.442408,8219.186423,-1061.696227,3104.032913,3769.678445
10653.42752,18929.73771,26165.95613,-1075.583167,2988.617018,3668.150106,1194.0448,9037.569972,8459.998559,-4.27662932,9998.980568,10001.16645,0.025871168,9992.996138,9992.974182,0.024950774,9994.175966,9994.163429,-0.026545628,9995.475385,9995.498873,-4.440996883,9999.329541,10001.59206,1227.584444,8984.240898,8397.371314,-1061.211587,2999.993332,3666.082386
10528.79613,18549.18524,25693.4503,-1076.677066,2902.372112,3584.450793,1137.945462,9188.814213,8632.446815,-3.257054824,10104.16965,10105.8684,0.151690219,10094.01688,10093.88559,0.015210548,10101.17313,10101.16554,-0.151372128,10108.37587,10108.50726,-3.446837904,10104.47613,10106.26784,1178.902657,9123.838165,8555.689726,-1059.652155,2916.611935,3582.851874
11567.92712,21193.07352,29050.29104,-1042.855253,3459.352422,4108.351486,1495.422858,8549.048996,7874.062566,-7.563925018,9775.183372,9778.715789,-0.028727076,9759.952017,9759.977403,-0.020079279,9758.883853,9758.892262,-0.001369286,9758.660174,9758.661831,-7.564957662,9775.248175,9778.778512,1498.311453,8544.576171,7868.88379,-1041.501429,3460.283658,4107.947299
10804.10796,19402.05347,26743.82489,-1054.68261,3075.58249,3734.121971,1285.52718,8878.118743,8271.884155,-5.162106045,9950.444164,9953.03707,-0.152118435,9950.906492,9951.038753,0.030536919,9943.673741,9943.658238,0.149625411,9936.632979,9936.503624,-4.871510899,9949.695751,9952.159025,1224.75652,8974.421947,8384.723583,-1081.203777,3055.439673,3738.932619
11385.64085,20660.17094,28361.52507,-1050.75691,3370.558124,4027.950669,1435.632751,8554.325616,7896.506536,-7.3729834,9723.385469,9726.836775,0.107815663,9702.317132,9702.224112,-0.025072538,9707.705026,9707.715948,-0.138467072,9713.937073,9714.057722,-7.400270177,9724.322617,9727.751292,1476.933903,8490.710819,7823.258754,-1031.755771,3385.173846,4024.019589
11325.10023,20774.7227,28433.49163,-1033.144515,3370.88705,4017.216762,1302.695021,8684.010873,8163.423204,-7.234753121,9564.602074,9567.806995,-0.061997562,9546.573483,9546.627082,-0.158419001,9544.452044,9544.528705,0.003956698,9543.468492,9543.464829,-7.084956893,9565.563622,9568.648473,1484.529043,8316.415054,7647.843323,-1016.357372,3383.336075,4013.178296
10761.97425,19157.80234,26463.39687,-1073.200211,3065.574775,3742.294051,1242.794249,8905.97455,8310.643478,-5.188039482,9906.736744,9909.340292,-0.046962697,9902.154629,9902.195775,0.032191786,9899.900707,9899.884311,0.043588411,9897.873157,9897.835782,-5.216154655,9906.81532,9909.43118,1248.672398,8896.584983,8299.695205,-1070.607536,3067.611683,3741.897147
11047.06566,19975.57582,27470.80361,-1073.45969,3151.82113,3825.19264,1299.582082,8925.990482,8313.067643,-5.282957528,9979.202661,9981.859825,-0.089783512,9976.640344,9976.71916,0.031380727,9972.34214,9972.326344,0.087452413,9968.253594,9968.178771,-5.289765233,9979.2422,9981.901113,1302.837751,8920.157204,8306.109001,-1071.834194,3151.943311,3823.77056
11229.99892,20270.24675,27898.74721,-1044.504285,3298.617821,3943.990129,1430.42102,8705.618212,8052.534859,-6.604584519,9904.494352,9907.712352,0.106925331,9888.49687,9888.404734,0.03300668,9893.568726,9893.55153,-0.116647698,9899.067545,9899.169246,-6.432640978,9903.77625,9906.92912,1386.749463,8772.057465,8130.309222,-1063.860043,3284.311322,3948.392671
11574.41584,21274.94663,29120.31544,-1034.047646,3466.216427,4110.152164,1503.807845,8456.093461,7779.02209,-7.579040559,9693.689162,9697.135489,0.160712703,9666.845005,9666.705506,-0.07760705,9674.947134,9674.983755,-0.204466804,9684.072151,9684.249489,-7.572213066,9693.83215,9697.269093,1509.529531,8447.37339,7769.0427,-1031.386561,3468.380478,4109.693585
10932.53209,19861.09021,27285.27411,-1067.867699,3125.531402,3796.951978,1285.650043,8815.74228,8206.199047,-5.779911681,9857.058587,9859.92205,0.0534702,9846.109442,9846.063806,0.033526869,9848.615821,9848.598664,-0.05919102,9851.435267,9851.487336,-5.661095127,9856.618331,9859.434584,1256.726714,8862.707638,8260.846292,-872.6367857,3543.191123,4012.742131
11490.46051,20774.68419,28555.74645,-1028.496451,3441.483356,4075.954764,1514.085767,8503.390562,7824.918304,-7.515688647,9771.521076,9775.0079,0.130402059,9748.305512,9748.192714,-0.022562595,9754.762561,9754.772145,-0.161152937,9762.06945,9762.209537,-7.502108135,9771.267064,9774.75659,1502.741148,8520.293973,7844.442737,-1033.599899,3437.323362,4076.833351
11032.91976,19925.04877,27433.29153,-1068.054037,3160.486104,3827.626133,1318.045526,8942.10523,8324.070386,-5.112464027,10023.39711,10025.97852,-0.133168243,10023.3175,10023.43334,0.030037106,10016.97089,10016.95569,0.131283445,10010.79715,10010.68378,-4.93032736,10022.94573,10025.44525,1279.371978,9002.506986,8395.263331,-1085.112228,3148.173129,3831.449808
11210.2742,20262.56155,27888.05421,-1061.076087,3262.082377,3921.614408,1386.674333,8839.165077,8198.809128,-5.933226204,9982.70295,9985.65161,0.097884457,9969.607526,9969.523245,0.035019546,9974.210659,9974.192771,-0.102617311,9979.095922,9979.185429,-5.798072493,9982.279805,9985.17148,1356.306916,8885.793542,8253.676388,-1074.569311,3252.4545,3924.9197
11128.45856,20322.61596,27870.6599,-1066.692513,3233.464048,3904.802155,1341.473734,8679.879516,8050.64212,-6.74895774,9757.212474,9760.468073,-0.263169844,9757.59881,9757.827583,0.018606998,9745.276725,9745.266395,0.246489094,9733.538376,9733.32501,-6.795868245,9757.584614,9760.850778,1360.547665,8649.347963,8015.35908,-1057.849992,3239.778673,3902.671049
10898.50609,19554.87949,26964.1252,-1046.29454,3116.626345,3764.736067,1332.321978,8891.965715,8272.057318,-5.087874585,10022.48233,10025.04903,-0.087852867,10020.22919,10020.30579,0.028778357,10016.0265,10016.01196,0.086318315,10011.98214,10011.90778,-4.696016489,10021.57957,10023.96691,1251.319337,9016.786914,8419.333553,-1080.940176,3090.186415,3771.105012
11335.89564,20737.81341,28417.68233,-1044.829808,3358.107257,4011.226511,1435.409148,8503.651072,7846.535126,-7.374824737,9678.819927,9682.23477,0.020145081,9660.862604,9660.84554,-0.042272271,9662.182762,9662.202132,-0.054905308,9664.402862,9664.450922,-7.369027856,9679.008905,9682.412873,1443.449719,8490.879643,7831.83225,-1041.036256,3360.673024,4010.093217
11028.57522,19869.64947,27360.68817,-868.4410343,3606.453828,4069.800702,1294.627255,8862.497179,8248.410548,-5.817018499,9890.879326,9893.768825,-0.14986385,9889.649526,9889.779992,0.034298536,9882.551336,9882.533702,0.143488585,9875.781918,9875.658014,-6.005128337,9891.540944,9894.507068,1337.94576,8794.350828,8168.972134,-1061.653235,3191.285508,3854.831451
10938.61178,19656.69504,27099.73024,-1066.452947,3132.822651,3799.803515,1302.140884,8924.500797,8311.589852,-5.142347942,9993.402214,9995.993576,0.115284995,9981.417775,9981.318216,0.030645552,9986.834491,9986.81895,-0.117508812,9992.435266,9992.537501,-4.960325486,9992.942085,9995.451889,1263.9469,8984.424252,8382.018038,-1083.256368,3120.294954,3803.135232
11641.31207,21797.86673,29709.29803,-820.4320547,3884.349454,4309.282785,1475.037969,8520.797085,7850.404025,-7.65629504,9709.656782,9713.190472,0.159818933,9684.029756,9683.891343,-0.066335693,9692.043827,9692.074962,-0.200913158,9701.053008,9701.227547,-7.562262889,9711.293067,9714.709109,1542.003984,8416.8971,7730.753711,-1018.523424,3483.849174,4111.75926
10777.67559,19125.80478,26465.74293,-1083.097455,3046.142415,3729.056832,1223.031103,9108.524612,8521.57901,-4.039912589,10090.15286,10092.23308,-0.009950355,10086.42192,10086.43082,0.02233413,10085.91059,10085.89936,0.009707244,10085.48983,10085.48169,-4.294072616,10090.64008,10092.84109,1276.20126,9026.145108,8424.060726,-1060.511954,3063.739325,3725.415985
10339.4806,17995.70238,25001.16035,-1052.619514,2814.970554,3478.304087,1122.452701,9247.110445,8701.104376,-2.593442484,10191.97064,10193.34321,-0.068280527,10193.1892,10193.24855,0.008386843,10189.9297,10189.92557,0.06889337,10186.68404,10186.62452,-2.531919488,10191.8933,10193.23457,1107.876662,9269.813184,8728.061786,-1058.353452,2809.531184,3478.196363
10997.68711,19932.13879,27434.41573,-1085.722265,3148.787357,3833.404566,1276.076905,8972.978621,8366.235917,-5.081715483,9985.65855,9988.226052,-0.074949787,9982.915085,9982.980427,0.031035795,9979.327397,9979.311659,0.07274355,9975.924842,9975.862157,-4.966019325,9985.352725,9987.868945,1251.408464,9012.504172,8412.554771,-887.1747477,3572.098058,4051.752705
10535.04241,18371.64432,25528.96711,-1053.697715,2971.484781,3630.639453,1226.592019,9037.486199,8452.876054,-4.002812788,10069.71101,10071.76904,-0.036626402,10067.20314,10067.23512,0.020559877,10065.43186,10065.42153,0.036509369,10063.73965,10063.70824,-3.886574438,10069.49884,10071.50114,1202.233158,9075.457058,8497.763602,-1063.809434,2963.340459,3631.978273
11400.94863,20684.91223,28451.35557,-1066.90826,3373.952606,4040.670711,1427.055443,8751.939165,8096.681415,-6.807577456,9904.66992,9907.985261,-0.065980544,9896.438153,9896.495885,0.030623535,9893.36192,9893.345757,0.053629687,9890.782815,9890.736852,-6.90825263,9905.177526,9908.527499,1455.808259,8708.154548,8045.556172,-1053.847898,3383.601658,4037.639362
11080.28334,20140.95222,27652.17464,-862.5760462,3629.362847,4090.773894,1309.2643,8734.651821,8114.470661,-6.526512023,9769.855682,9773.032163,-0.161356223,9766.555471,9766.696027,0.025191865,9758.99948,9758.986021,0.147722532,9751.962216,9751.834648,-6.607658931,9770.355722,9773.556582,1335.86807,8691.92734,8065.175766,-1064.432766,3214.036913,3883.023637
11401.36501,20966.30306,28731.31325,-1077.301959,3334.184794,4010.824829,1388.382616,8799.586644,8155.61985,-6.558868999,9905.880152,9909.097702,0.036644223,9893.7877,9893.756809,0.032621069,9895.535849,9895.5189,-0.046661341,9897.728819,9897.770148,-6.695814039,9906.525925,9909.792268,1426.331905,8740.781133,8086.941636,-1059.882284,3346.541698,4006.390084
10720.49585,19188.04539,26461.02541,-1072.02399,2956.797085,3632.003424,1185.853633,9172.847487,8601.149516,-3.353515104,10142.38864,10144.13727,-0.152400286,10146.5418,10146.67428,0.014240912,10139.28207,10139.27505,0.153012335,10132.06375,10131.93157,-3.311396816,10142.30524,10144.03443,1173.895475,9193.079107,8625.232885,-1077.412442,2954.364789,3634.571135
11343.97412,20754.99544,28447.73873,-1033.924131,3347.384009,3985.585384,1463.643737,8566.323321,7903.296979,-7.18897085,9796.727722,9800.131907,-0.255297744,9794.363192,9794.585132,0.010379814,9782.45414,9782.447743,0.234990391,9771.209223,9771.005922,-7.082831419,9795.764681,9799.150033,1415.582803,8640.343796,7989.291064,-1055.737305,3331.777844,3991.227747
11232.66382,20379.89856,28017.06437,-1072.217564,3267.942928,3939.473787,1364.57325,8825.247291,8189.978281,-6.173909356,9926.952003,9930.001881,0.04286309,9915.689643,9915.653237,0.034714124,9917.706433,9917.688576,-0.050061726,9920.085618,9920.12977,-6.296683834,9927.415518,9930.513894,1394.391873,8779.207836,8136.052498,-1058.828137,3277.574373,3936.252687
10685.29248,19022.1533,26293.21085,-1084.753857,2965.089844,3651.433194,1168.211114,9211.255509,8644.251159,-3.284971585,10143.85838,10145.57434,-0.110002593,10146.12672,10146.22222,0.014813014,10140.88135,10140.87396,0.110393626,10135.67836,10135.58287,-3.36840182,10143.99679,10145.75331,1187.296542,9180.732023,8608.061228,-1076.58286,2971.164419,3649.908399
10984.63521,19945.90145,27393.67215,-1072.715637,3117.313112,3791.813575,1277.019662,8897.658867,8291.310367,-5.347317937,9929.942277,9932.621583,0.180827004,9914.284897,9914.128911,0.032027725,9922.796695,9922.780481,-0.1840545,9931.542346,9931.702726,-5.336818131,9929.874163,9932.551099,1271.711788,8907.245848,8302.69633,-1075.379664,3117.011086,3794.028342
10981.83908,19673.63448,27103.64819,-1062.232011,3179.005398,3845.8338,1322.097898,8714.048631,8092.163444,-6.412339434,9789.324016,9792.442857,-0.198540616,9787.929195,9788.101953,0.026605817,9778.606435,9778.592306,0.185939568,9769.774407,9769.613648,-6.526739507,9789.90621,9793.064356,1354.476089,8663.292979,8033.362194,-1047.765315,3190.24652,3843.273568
10715.68121,19095.92594,26377.28777,-1062.887022,3010.704855,3676.990987,1234.845507,9032.849793,8444.030864,-4.180262292,10055.51376,10057.65706,-0.090823097,10055.27486,10055.35389,0.022097015,10050.93362,10050.92253,0.090566995,10046.68395,10046.60576,-4.003630595,10055.16455,10057.22453,1197.390727,9092.24787,8514.12722,-1078.935653,2998.602332,3679.907113
11482.80046,20865.41117,28653.12752,-1032.420723,3444.593212,4084.751362,1502.72439,8483.169572,7807.131715,-7.535737802,9730.37381,9733.84018,-0.071810034,9715.792699,9715.855149,-0.044290235,9712.794107,9712.814339,0.035633703,9710.722255,9710.691498,-7.537484911,9730.260248,9733.732177,1497.890133,8490.610994,7815.721266,-1034.664135,3442.984731,4085.359691
10908.38339,19496.89554,26897.79709,-1064.345082,3119.225456,3785.283663,1295.595859,8895.5062,8284.525241,-5.282316865,9960.683862,9963.334509,0.138633372,9947.177052,9947.057317,0.031936119,9953.699028,9953.682796,-0.141637841,9960.436015,9960.559259,-5.240564236,9960.561979,9963.194776,1285.951936,8910.921969,8302.665805,-1068.640599,3116.480046,3786.603695
11492.65725,21197.79961,28981.87934,-1037.437799,3419.620916,4066.723671,1475.436523,8459.775612,7791.128009,-7.495350388,9672.411635,9675.830614,-0.096951428,9658.229727,9658.314308,-0.074816672,9654.150308,9654.185718,0.054789609,9651.072335,9651.025248,-7.467550039,9672.75436,9676.144131,1489.362028,8437.778533,7765.791291,-1030.835929,3423.94618,4064.537469
10351.79197,18188.22131,25230.73385,-1074.520335,2806.644895,3489.665917,1076.030205,9335.40694,8803.31696,-2.323740188,10199.92299,10201.16041,-0.042483354,10200.27882,10200.31572,0.007329139,10198.24583,10198.24221,0.04301577,10196.22259,10196.1854,-2.34202103,10199.94746,10201.19405,1080.906265,9327.347631,8793.762204,-1072.476315,2808.209763,3489.349654
11274.475,20359.00267,27982.90468,-1030.039301,3332.696124,3968.116324,1460.453782,8533.246818,7871.635671,-7.211159636,9766.680035,9770.069962,0.253365618,9739.586928,9739.367564,-0.000583603,9751.745678,9751.744594,-0.277154445,9764.630064,9764.870896,-7.179219177,9766.296064,9769.684249,1441.922628,8561.689214,7904.688956,-1038.36876,3326.85423,3970.42811
11378.04757,20641.07044,28321.16397,-1001.317694,3435.726597,4053.326343,1528.691961,8228.626744,7548.605409,-6.657109739,9528.357845,9531.102729,-0.129876949,9509.305419,9509.416713,-0.272028495,9504.394545,9504.527268,0.052147451,9500.735291,9500.688538,-6.796725613,9527.771557,9530.615778,1508.302333,8260.185584,7584.503998,-1010.821387,3428.514443,4055.589731
11456.21311,21192.84674,28954.31413,-810.4741273,3832.402538,4250.60099,1463.334423,8412.735638,7746.890941,-7.424674876,9607.009577,9610.336871,0.111864121,9581.344346,9581.246874,-0.132126176,9587.333825,9587.39738,-0.165958554,9594.438912,9594.582579,-7.295371451,9607.907455,9611.128048,1497.375963,8358.894897,7685.329522,-1021.94957,3424.65763,4059.17447
10929.95716,19776.52847,27217.97392,-1063.640562,3111.130168,3775.642996,1295.403142,8945.69082,8335.787391,-4.918067786,10015.24535,10017.73483,0.159486831,10001.68768,10001.54978,0.028200023,10009.19688,10009.18263,-0.160963829,10016.85783,10016.9977,-4.611584611,10014.52676,10016.8765,1231.432976,9046.508536,8454.413516,-885.0735772,3522.295259,4000.191322
11276.13942,20498.79286,28181.15304,-1077.436097,3300.251201,3976.955149,1371.199363,8815.208135,8176.658086,-6.388740182,9910.540156,9913.682843,0.013725544,9900.007537,9899.996254,0.033521456,9900.668492,9900.651058,-0.023255386,9901.754046,9901.774827,-6.672056223,9911.72898,9914.978973,1443.077899,8705.471976,8048.362644,-1045.211258,3324.333676,3969.948446
10765.96328,19463.80488,26741.50002,-1072.294651,2960.186273,3637.185549,1182.497377,9073.861951,8501.342387,-3.951148637,10032.49058,10034.52276,0.277631089,10015.20814,10014.96828,0.019964991,10028.30409,10028.29424,-0.277418593,10041.48689,10041.72818,-4.010065497,10032.55618,10034.6196,1188.846231,9066.558132,8493.04727,-1071.348084,2965.836736,3641.677862
10905.60848,19673.15406,27078.44664,-1079.850706,3083.388064,3764.237364,1246.553294,8985.132148,8389.029239,-4.84751419,9983.999695,9986.455587,0.021324885,9977.142591,9977.125221,0.028844422,9978.093545,9978.07913,-0.022593358,9979.216831,9979.237538,-5.068058261,9984.533955,9987.089819,1291.708977,8914.571328,8306.171337,-1060.263382,3098.697706,3761.085481
11146.06874,20415.38692,28008.52717,-1077.94287,3199.943459,3876.82258,1318.799114,8905.511145,8285.19095,-5.540008873,9964.568032,9967.342288,-0.188073519,9966.056717,9966.220218,0.033451403,9957.122764,9957.105736,0.184459828,9948.428968,9948.269533,-5.394877638,9964.123941,9966.836629,1285.911362,8957.960268,8346.684303,-880.7544411,3621.815015,4094.652387
11295.57552,20807.6126,28465.53918,-1040.812706,3335.707622,3985.237534,1430.351187,8484.945188,7829.99268,-7.311917979,9663.353487,9666.731725,0.153818197,9639.067946,9638.934684,-0.038928709,9646.682683,9646.700378,-0.187875244,9655.182923,9655.346182,-7.331342011,9662.652295,9666.06962,1400.505387,8532.736493,7884.885737,-832.6941964,3747.683439,4183.83384
10977.5904,19764.64125,27211.29979,-1071.96797,3144.788982,3818.446747,1293.515871,8863.523737,8251.43623,-5.615933976,9908.999228,9911.797333,-0.177218397,9909.550457,9909.704623,0.033733631,9901.145758,9901.128509,0.172356651,9893.021307,9892.872364,-5.644509032,9909.074511,9911.885506,1298.698802,8855.748143,8242.421931,-1069.763045,3147.048396,3818.624514
11040.26331,19780.0934,27278.2042,-1072.918841,3151.219341,3822.027195,1306.886175,9008.603145,8394.634524,-4.74325311,10076.31426,10078.72972,-0.028737632,10072.18332,10072.20907,0.026311481,10070.76883,10070.75569,0.028257504,10069.48451,10069.46086,-4.687524752,10076.19965,10078.58887,1295.967713,9025.032737,8414.039082,-1077.560305,3147.251683,3822.452151
11369.87439,21049.77349,28761.29374,-1028.291797,3355.844706,3990.770024,1470.68558,8494.271489,7829.602752,-7.3200998,9732.462324,9735.87014,-0.053655086,9718.76095,9718.808902,-0.013152326,9716.451945,9716.457293,0.027539993,9714.923137,9714.900656,-7.251102611,9730.968064,9734.398719,1402.374305,8600.6378,7952.430142,-1059.778105,3333.041725,3998.60861
11099.39974,20293.20106,27836.35046,-1086.895543,3141.410102,3826.25592,1273.374769,9011.35561,8406.593559,-4.848412023,10024.33988,10026.8036,0.002465995,10018.53182,10018.53143,0.026851709,10018.57605,10018.56286,-0.002559159,10018.77012,10018.77409,-4.833496981,10024.30345,10026.76045,1270.181138,9016.424356,8412.559777,-1088.322299,3140.393507,3826.58258
11511.58176,21078.78196,28866.61592,-1022.843771,3448.008424,4081.787741,1512.034239,8396.134337,7718.377434,-7.448884092,9657.922951,9661.259507,0.129022546,9631.53467,9631.422661,-0.094511366,9638.197074,9638.242077,-0.175906409,9645.912572,9646.065173,-7.546353825,9656.797332,9660.232091,1467.819841,8464.903742,7797.092549,-814.8033845,3853.391492,4274.297584
11035.36959,20032.0715,27544.1747,-1053.941493,3178.534324,3833.301709,1350.853784,8841.0838,8213.602183,-5.620166726,9968.311169,9971.116459,0.236265871,9949.395688,9949.191288,0.032737548,9960.540485,9960.523817,-0.239806931,9971.91897,9972.127272,-5.249497968,9967.283706,9969.926565,1272.582084,8962.574528,8356.148868,-877.4016532,3584.350098,4054.639271
11143.33074,20158.18615,27745.18531,-1068.302959,3229.721335,3896.779535,1354.444555,8870.133751,8239.350076,-5.734987228,9975.560994,9978.421725,-0.067785108,9970.836218,9970.895489,0.034431069,9967.595905,9967.578346,0.063665984,9964.615461,9964.56079,-5.601039161,9975.155223,9977.958843,1324.794252,8916.251511,8293.509349,-1081.578853,3220.14887,3899.847082
11012.43383,19891.58328,27377.92958,-1071.125044,3166.693588,3838.735116,1309.125182,8865.118936,8248.246475,-5.639909495,9925.875212,9928.68658,0.08196686,9914.165844,9914.0953,0.034012396,9918.013596,9917.996228,-0.086447121,9922.131257,9922.206731,-5.563732333,9925.627784,9928.40745,1291.560769,8893.120316,8281.017428,-1079.065441,3161.169553,3840.724065
11053.83673,19873.68736,27375.52483,-1078.118285,3160.650525,3837.665703,1298.085143,8953.328915,8340.22738,-5.179326025,9999.448228,10002.05946,-0.124661896,9998.807132,9998.915832,0.031356863,9992.863538,9992.847683,0.122314995,9987.118959,9987.01358,-5.275358883,9999.677382,10002.33257,1316.504155,8925.472542,8307.568348,-1070.204132,3167.670311,3837.19413
10984.11491,19960.04857,27430.88283,-1061.134878,3153.476596,3816.867966,1318.201579,8824.572732,8205.955916,-5.723892139,9908.688363,9911.532216,0.047070474,9898.301507,9898.261329,0.03377506,9900.498735,9900.481503,-0.051638929,9902.971308,9903.016717,-5.475402314,9907.886872,9910.626796,1262.083403,8913.921657,8310.307085,-876.7106297,3564.212293,4035.921742
11282.48989,20690.70194,28368.11367,-1043.867015,3339.009999,3988.162939,1436.810756,8571.400954,7915.02497,-7.202271636,9759.391191,9762.796686,-0.07126163,9748.153718,9748.216082,0.005839444,9744.958609,9744.954426,0.049442443,9742.457024,9742.41468,-7.102607617,9758.172386,9761.572607,1378.482568,8663.254061,8021.074852,-849.3830466,3744.19122,4193.295813
11027.83181,19572.06587,27043.5209,-1034.39911,3252.766667,3891.959749,1414.656755,8600.778374,7953.385208,-6.842055072,9798.333655,9801.607771,0.037349489,9783.745021,9783.713111,0.020780828,9785.601182,9785.589761,-0.053315237,9788.026207,9788.072938,-6.755535148,9797.822176,9801.069585,1387.322046,8642.541869,8001.937975,-1046.431348,3243.560372,3894.392278
11139.20091,20068.99667,27646.73284,-1064.684307,3224.588646,3887.471623,1361.045639,8891.517091,8259.618904,-5.560662548,10011.45773,10014.24398,0.014932378,10003.33499,10003.32285,0.032847287,10003.99594,10003.97933,-0.017749781,10004.88025,10004.89644,-5.42662181,10011.10071,10013.82758,1333.110777,8934.054147,8309.705552,-1076.903791,3215.177118,3889.713166
11343.81989,20437.50301,28123.05724,-1034.058108,3392.809665,4034.33686,1475.364717,8488.179127,7820.430757,-7.415653594,9715.847405,9719.268475,-0.029563907,9699.822336,9699.848145,-0.042946213,9698.80922,9698.828803,-0.005944811,9698.707674,9698.712993,-7.420932318,9716.598807,9719.992488,1507.684534,8439.127039,7763.816136,-1019.426812,3403.915545,4031.004503
10984.39293,19889.41092,27350.31328,-1066.927653,3165.038403,3835.012213,1310.046399,8786.797812,8169.146067,-6.03438593,9848.835541,9851.808929,0.14293811,9832.896522,9832.773048,0.03349571,9839.64944,9839.632132,-0.150527854,9846.764536,9846.895573,-5.952417459,9848.502052,9851.444066,1289.218188,8820.263876,8208.070085,-1076.426783,3158.261427,3837.222501
10927.6222,19514.78252,26935.30554,-1051.725611,3137.205186,3790.262065,1332.92429,8878.305808,8257.125849,-5.290075351,9998.626051,10001.28306,0.107491375,9986.621283,9986.528554,0.031097007,9991.668981,9991.65321,-0.109896949,9996.909873,9997.00558,-5.070850068,9998.075383,10000.63408,1287.013894,8949.004088,8340.446011,-1071.482664,3122.386557,3794.209728
11230.21686,20591.49029,28178.382,-1047.827816,3273.569646,3928.117921,1391.756569,8568.029964,7925.483215,-7.082586943,9712.354354,9715.704932,0.297045877,9683.995458,9683.73854,-5.36E-05,9698.19095,9698.189792,-0.319642577,9713.091963,9713.370126,-7.01076343,9711.640324,9714.979567,1358.356472,8619.973942,7985.004195,-844.9163634,3684.331267,4130.067864
11053.72134,19832.95439,27342.16145,-1069.300891,3200.223756,3869.933446,1332.098079,8843.766709,8219.489433,-5.857049981,9926.572361,9929.479738,0.138218329,9911.607366,9911.488002,0.03466288,9918.126256,9918.108456,-0.144101942,9924.95833,9925.083734,-5.972497988,9926.954737,9929.91002,1358.173253,8803.447468,8172.265268,-1057.778063,3208.822476,3867.533385
11211.71687,20588.02468,28159.87723,-1051.026685,3249.234469,3906.059905,1376.274256,8611.327823,7973.709197,-6.938717509,9742.799129,9746.109355,-0.372601946,9747.03877,9747.363009,0.005597375,9729.601189,9729.597331,0.352219227,9712.828626,9712.524036,-7.005776834,9743.669151,9746.97959,1419.598484,8542.330022,7893.441703,-1031.172209,3261.290944,3898.873282
11466.27744,20932.2576,28692.81474,-1027.967536,3435.238782,4074.277974,1496.213571,8406.969369,7732.974708,-7.431963744,9648.264348,9651.597353,0.025775367,9626.840839,9626.818329,-0.105934342,9628.677311,9628.727931,-0.074888484,9631.586992,9631.651839,-7.426615833,9648.341696,9651.668753,1499.208558,8402.426718,7727.796667,-1026.588413,3436.417001,4074.099568
10898.32893,19492.61943,26892.99888,-1074.265185,3093.727501,3768.375633,1265.491018,8996.523142,8395.43818,-4.710661652,10023.86906,10026.2636,0.103393419,10013.43831,10013.34915,0.027436443,10018.28896,10018.27514,-0.104547067,10023.28226,10023.37334,-4.680178001,10023.81049,10026.19035,1260.242216,9004.263069,8404.49233,-1076.423828,3091.390589,3768.070249
10926.51256,19626.03023,27035.45309,-1069.843753,3134.438237,3807.233431,1288.418327,8827.566354,8216.869461,-5.774307823,9869.212695,9872.07521,0.137412126,9854.337483,9854.218826,0.033770272,9860.817518,9860.800164,-0.143562087,9867.617284,9867.742292,-5.802868405,9869.301717,9872.176466,1294.235537,8818.570142,8206.437313,-1067.305057,3136.720665,3807.118406
11472.44612,21064.7968,28838.11543,-1035.531902,3425.743429,4071.547953,1480.250995,8443.263827,7773.115816,-7.478957025,9661.517399,9664.906406,0.019038245,9641.231471,9641.214967,-0.094996569,9642.708278,9642.753523,-0.065833414,9645.235241,9645.292383,-7.390688034,9662.626461,9665.922645,1524.211054,8375.474964,7695.267889,-1015.1224,3440.773631,4066.378655
10540.78143,18748.19003,25894.66007,-1071.836171,2877.742825,3556.265049,1129.701511,9207.932639,8655.807848,-3.059388845,10123.83289,10125.43571,-0.107454035,10126.26881,10126.36232,0.012613748,10121.14351,10121.1373,0.108123557,10116.05114,10115.95781,-3.086797307,10123.8857,10125.50123,1137.718002,9194.087878,8639.379947,-1068.231274,2879.402205,3554.600802
11301.67536,20603.95623,28294.46154,-1047.189828,3349.120685,4000.20361,1439.904225,8610.439713,7952.874494,-7.141482166,9798.491954,9801.894258,-0.085084055,9788.701859,9788.776136,0.014609607,9784.813567,9784.805094,0.066018678,9781.565822,9781.509044,-7.042142449,9797.620614,9801.003797,1396.383382,8678.289161,8031.462108,-1067.301563,3334.436634,4004.970882
11299.60244,20798.83252,28448.62525,-1053.101217,3308.405541,3967.957803,1400.303559,8574.451781,7927.991848,-7.19315508,9714.536008,9717.931533,0.21038251,9689.811356,9689.629547,-0.007790904,9699.958393,9699.960952,-0.235706339,9710.860713,9711.065945,-7.179108363,9714.569488,9717.955347,1402.02188,8570.85021,7923.631954,-1052.085962,3307.774697,3966.313951
11306.70961,20762.75232,28430.42667,-1069.875876,3256.939085,3925.951227,1363.862524,8838.976973,8205.179593,-6.058121203,9945.297213,9948.301209,-0.118408283,9942.109546,9942.21416,0.033017237,9936.460247,9936.443658,0.113546612,9931.135381,9931.038916,-6.148247428,9945.657998,9948.696109,1388.323926,8800.201837,8159.476847,-1058.695331,3263.253943,3921.514172
10802.15395,19231.99315,26573.67664,-1074.774799,3083.274429,3760.209144,1253.358871,8934.931139,8336.451463,-5.073399191,9945.18271,9947.738094,0.004353255,9938.525476,9938.522128,0.031345116,9938.693519,9938.677599,-0.007016575,9939.063155,9939.069664,-5.106626098,9945.271055,9947.841153,1260.337625,8923.833392,8323.463615,-1071.697081,3085.610226,3759.651176
11308.13926,20775.1114,28452.55814,-1022.885578,3380.883757,4014.817768,1478.872372,8383.282368,7715.730836,-7.297482314,9623.081133,9626.351571,-0.074924437,9606.800785,9606.865687,-0.087430861,9603.820672,9603.862185,0.029847625,9601.862796,9601.836761,-7.44083927,9621.469507,9624.882957,1415.069635,8484.416068,7831.418754,-829.0260953,3777.901471,4213.150152
11260.56698,20336.86055,27980.70951,-1053.624556,3301.694985,3955.956837,1414.365261,8729.857796,8080.644922,-6.580930723,9899.63703,9902.848148,0.209237138,9878.944364,9878.763469,0.032421791,9888.857951,9888.841023,-0.219411497,9899.209069,9899.399816,-6.527754562,9899.402753,9902.594268,1400.29518,8751.421948,8105.878553,-1059.922289,3297.170592,3957.517164
11747.63865,21937.49724,29885.49149,-1000.760892,3561.70838,4186.03105,1569.676933,8201.13052,7507.170224,-6.322611587,9506.159674,9508.616041,0.054400811,9474.712547,9474.662358,-0.472533912,9479.147884,9479.380008,-0.162098401,9484.90476,9485.042554,-5.841984535,9507.37768,9509.524412,1608.877848,8140.070316,7438.032166,-981.9096233,3575.669676,4180.809731
11245.54455,20208.4278,27862.35425,-1072.860416,3298.95091,3970.346134,1381.488736,8829.243765,8188.501452,-6.228490731,9943.461777,9946.53889,-0.044474691,9936.253225,9936.292285,0.035587916,9934.141296,9934.122943,0.03723328,9932.388353,9932.356583,-6.277278834,9943.640763,9946.737426,1393.017675,8811.543407,8167.779865,-1067.666289,3302.820567,3969.229972
11116.17289,20147.54123,27708.99672,-1078.984364,3211.462164,3890.181262,1320.613077,8866.632591,8244.803748,-5.856571784,9922.157868,9925.068851,0.097044545,9909.232216,9909.148607,0.034850521,9913.803644,9913.785757,-0.102986952,9918.692666,9918.782481,-6.002102389,9922.666277,9925.636458,1354.731529,8813.135125,8182.210537,-1063.613112,3222.4945,3886.576597
10967.79953,19796.67038,27258.16492,-871.6615014,3577.8622,4044.299714,1276.721061,8894.997933,8286.982998,-5.569339633,9908.242571,9911.023256,0.127971278,9894.560135,9894.449626,0.034127425,9900.587934,9900.570456,-0.133052993,9906.902234,9907.018053,-5.776351309,9908.91176,9911.779091,1323.040319,8821.798104,8201.50514,-1061.674495,3163.300071,3826.985232
11148.49199,20255.3179,27839.40113,-1077.06524,3236.079842,3913.840621,1334.29895,8812.922563,8186.219806,-6.19156538,9877.607012,9880.659624,0.015324945,9867.492292,9867.479638,0.03412583,9868.214844,9868.197218,-0.023285383,9869.317531,9869.338357,-6.188141166,9877.5893,9880.640789,1333.200403,8814.72889,8188.333987,-1077.586936,3235.796452,3914.054239
10804.4527,19219.52852,26526.81202,-1050.147864,3084.296826,3739.604643,1295.326472,8805.152019,8195.470941,-5.587295561,9889.731679,9892.50666,0.045447987,9879.596909,9879.558418,0.032571328,9881.711997,9881.695441,-0.049830852,9884.101219,9884.145352,-5.538464744,9889.572749,9892.327508,1283.923069,8823.28638,8216.719039,-1055.143028,3080.893705,3740.937149
10846.63762,19454.60304,26836.02345,-1061.013866,3105.282409,3768.71209,1292.72701,8888.495268,8278.971487,-5.233066259,9956.215835,9958.843326,0.04289232,9947.339294,9947.302501,0.031400339,9949.331205,9949.315252,-0.045542772,9951.523394,9951.563271,-4.982013332,9955.55173,9958.067968,1239.827965,8972.277542,8377.145341,-1084.316548,3087.763448,3773.136651
10500.46326,18445.06694,25584.46018,-1072.810186,2908.052151,3586.130665,1149.969163,9191.657059,8631.938524,-3.219194737,10126.4759,10128.15681,0.002920559,10123.43483,10123.4325,0.014766468,10123.54301,10123.53565,-0.002511958,10123.69332,10123.6957,-3.421667703,10126.79802,10128.57821,1195.064104,9120.595909,8547.734235,-1054.180125,2923.145945,3583.853556
11661.22425,21652.28247,29539.05581,-1010.685784,3516.538755,4145.547622,1545.312115,8270.947647,7583.597635,-6.930484528,9556.221002,9559.10541,-0.020693517,9531.585757,9531.602712,-0.301577835,9531.904453,9532.051966,-0.061680937,9533.515002,9533.567543,-6.765868586,9556.827421,9559.598127,1566.009522,8238.892137,7547.177428,-1000.849916,3523.986504,4143.112063
11113.60127,20113.74445,27648.0997,-1052.287108,3238.949471,3895.035293,1375.073043,8676.102529,8038.919708,-6.64211357,9811.608127,9814.821927,-0.016263811,9800.817245,9800.832311,0.026136186,9800.095587,9800.08177,0.003589388,9799.878332,9799.876179,-6.577811404,9811.252763,9814.445758,1355.427533,8706.885714,8074.67475,-1061.167466,3232.444947,3897.043128
11320.4582,20481.44076,28147.29189,-1032.009636,3388.947559,4031.369673,1468.103019,8423.813063,7757.990143,-7.372699858,9640.604313,9643.937088,-0.008172486,9621.69483,9621.701756,-0.089870541,9621.871478,9621.914162,-0.037523806,9623.078589,9623.110989,-7.351971092,9640.873495,9644.184138,1478.806067,8407.147211,7738.883195,-1027.027702,3392.619758,4030.145488
11394.10332,20952.05361,28709.15455,-1063.474068,3354.412165,4019.868156,1417.112588,8696.497214,8044.388246,-6.966095691,9841.376989,9844.741878,-0.187756663,9837.951379,9838.114724,0.025255818,9829.15267,9829.139091,0.172933023,9820.907437,9820.758005,-6.880142281,9840.813521,9844.154065,1387.332718,8743.174843,8098.51273,-853.9966325,3772.928554,4223.571542
11333.58426,20746.44053,28463.20038,-1064.495184,3332.372906,3998.342397,1405.662546,8717.178004,8068.691936,-6.819641358,9854.306106,9857.614106,0.136180553,9836.184857,9836.067288,0.028348529,9842.675,9842.659949,-0.149351641,9849.67909,9849.809115,-6.754924553,9853.928958,9857.216791,1385.011439,8749.543041,8106.304828,-1074.078522,3325.48551,4000.667332
11035.99711,19898.60972,27379.43028,-1068.270565,3172.494415,3842.493855,1315.502318,8826.037704,8206.938076,-5.864671795,9894.639697,9897.545354,-0.176785847,9894.441999,9894.595907,0.033939524,9886.067589,9886.050176,0.17067965,9878.015627,9877.868244,-5.902992838,9894.746115,9897.668866,1322.461019,8815.740069,8195.02173,-1065.324116,3175.615573,3842.824495
11064.37226,19885.44106,27399.19902,-1045.761676,3240.27345,3889.34404,1390.498069,8677.815342,8036.866759,-6.579280212,9839.806421,9842.997481,0.066152082,9825.427466,9825.370605,0.029919905,9828.589642,9828.573894,-0.077536965,9832.216278,9832.284031,-6.420921665,9839.054594,9842.189302,1347.126001,8745.134445,8115.233832,-1065.14304,3225.81097,3893.475558
10964.6025,19661.73331,27122.4811,-1082.954614,3115.307298,3796.287255,1266.469453,9060.254532,8458.535141,-4.459117578,10077.95453,10080.2358,-0.081088302,10076.85455,10076.92522,0.025339678,10072.96944,10072.9567,0.080464237,10069.20129,10069.13196,-4.567503396,10078.1877,10080.51921,1289.666408,9024.023432,8415.652047,-1072.828849,3122.522521,3793.953024
11216.5007,20426.30445,28003.96169,-1035.837302,3308.617385,3954.102874,1423.292251,8454.875505,7802.988004,-7.241651461,9636.063665,9639.38788,0.277084535,9605.524377,9605.283971,-0.052340723,9618.998646,9619.022937,-0.314029461,9633.391295,9633.663928,-7.250131257,9635.65028,9638.995612,1255.823275,8792.099462,8288.890476,-1043.813704,3302.462802,3955.673509
11187.55627,20333.06984,27924.2171,-1054.549713,3248.474068,3904.317221,1383.560759,8750.485597,8111.276566,-6.337080528,9895.785696,9898.893821,-0.028280057,9887.131586,9887.1574,0.032856159,9885.779681,9885.762857,0.020765016,9884.810585,9884.793877,-6.218879714,9895.316953,9898.379312,1354.190423,8795.96088,8164.442704,-1067.678254,3238.928209,3907.357977
11613.22661,21610.80148,29492.45557,-1018.744571,3480.93933,4110.234539,1536.63318,8397.458333,7712.724443,-7.510503503,9684.641873,9688.00554,0.08580351,9660.143791,9660.069494,-0.09003873,9664.75223,9664.795049,-0.131813258,9670.410711,9670.525227,-7.614311379,9683.453988,9686.922356,1489.466705,8470.725904,7796.935173,-1040.99811,3465.159052,4116.522481
11037.36603,19904.81575,27381.81559,-1061.16853,3188.017175,3852.33076,1333.296536,8754.060452,8129.665901,-6.225745222,9844.681445,9847.733958,-0.148077281,9841.829234,9841.958344,0.032048701,9834.841516,9834.824893,0.13917458,9828.256792,9828.136779,-6.202218783,9844.612414,9847.654489,1329.216026,8759.944585,8136.413768,-1062.865686,3185.956427,3851.877491
10664.29734,19036.27218,26275.3254,-1071.058135,2944.621621,3619.727855,1178.278858,9159.550741,8590.278466,-3.400270421,10122.37999,10124.1503,-0.162595021,10126.92055,10127.06172,0.015043185,10119.18206,10119.17458,0.162998137,10111.48916,10111.34816,-3.33547799,10122.26328,10124.00273,1162.344764,9185.736693,8621.329698,-1078.006274,2940.258949,3621.816858
10649.21676,18910.60657,26151.83164,-1078.915179,2998.153229,3680.648761,1193.714103,9029.102282,8450.819534,-4.392855682,9983.656826,9985.896979,0.003024347,9978.518361,9978.516068,0.026774301,9978.621499,9978.607973,-0.004217543,9978.861796,9978.865781,-4.668622545,9984.273598,9986.640848,1250.39479,8938.961488,8345.003679,-1054.535352,3017.060579,3676.712576
11212.65231,20279.22663,27884.46724,-1039.814545,3308.973153,3953.343048,1432.349297,8588.133851,7934.014454,-7.057239651,9785.327615,9788.683608,-0.105313899,9776.508185,9776.600026,0.013364642,9771.667947,9771.660094,0.086172196,9767.466108,9767.391857,-6.977188768,9784.669433,9788.008321,1399.163171,8639.494512,7993.591705,-1054.846351,3297.968344,3956.902653
11141.4872,19928.92537,27483.95797,-1047.570307,3297.357514,3950.058876,1409.7379,8595.568986,7947.062752,-7.062876296,9760.08866,9763.44092,-0.012613698,9746.663472,9746.674827,0.003557902,9746.248489,9746.245373,-0.009858547,9746.5334,9746.542365,-7.155451845,9760.985426,9764.352107,1453.328792,8528.895223,7869.809942,-1028.081831,3312.124171,3945.859964
11629.12459,21427.10603,29319.72048,-1046.571672,3470.445125,4124.096235,1491.327361,8546.652561,7872.152765,-7.620102509,9759.648946,9763.197352,-0.246361593,9754.244881,9754.458815,-0.031828163,9742.955595,9742.969724,0.212988128,9732.559407,9732.37491,-7.625029117,9760.153826,9763.684704,1513.11293,8513.33017,7833.770189,-1036.405472,3478.241287,4121.883354
11659.20447,21415.89173,29324.78239,-1045.060214,3490.890488,4144.420655,1500.175933,8524.218903,7846.813297,-7.685999473,9742.019735,9745.570817,-0.13228531,9730.268671,9730.383673,-0.053488204,9724.451555,9724.476331,0.093758087,9719.600951,9719.519874,-7.657490088,9743.106916,9746.598795,1545.391253,8455.151403,7767.309036,-1023.926823,3506.890921,4139.48399
11262.99918,20733.84514,28401.57518,-863.218582,3703.347952,4162.96129,1343.533948,8779.422526,8148.361434,-6.558517365,9837.190485,9840.398292,-0.116251302,9832.091702,9832.193116,0.029533987,9826.638997,9826.623437,0.104237369,9821.672076,9821.58228,-6.678062838,9837.879401,9841.124602,1381.84956,8718.340183,8077.414466,-1064.163917,3287.859677,3954.11625
11007.77914,19914.09025,27371.10839,-1068.642996,3135.122533,3805.344856,1295.34451,8881.805412,8270.401907,-5.467928176,9936.585011,9939.320256,0.258921802,9916.950051,9916.726183,0.032488166,9929.16254,9929.146023,-0.262769809,9941.623972,9941.852414,-5.490456384,9936.689804,9939.432526,1303.326921,8868.099818,8254.164491,-1064.82853,3136.234234,3802.835392
11563.82419,21312.80233,29148.49962,-1034.778406,3450.971447,4094.696132,1497.80322,8470.793273,7795.831046,-7.561191139,9705.98221,9709.4409,0.072398983,9683.946077,9683.88371,-0.06394354,9687.818289,9687.848303,-0.112544967,9692.672238,9692.770325,-7.543080643,9706.237888,9709.676124,1508.394674,8454.108337,7776.534807,-1029.758469,3454.087919,4092.830547
11310.99067,20463.04332,28131.45051,-1060.618248,3312.518182,3973.99774,1405.284123,8731.979487,8084.360785,-6.669795719,9880.204993,9883.451938,-0.127650197,9875.103433,9875.21493,0.029967219,9869.103175,9869.087459,0.116118369,9863.582072,9863.482206,-6.740478904,9880.506694,9883.78052,1422.52023,8706.226926,8054.424003,-1053.017187,3319.072918,3973.222598
11356.54052,20744.11131,28453.21971,-1041.528673,3386.451483,4036.589498,1454.630845,8488.249697,7825.522249,-7.434188194,9681.849729,9685.276417,0.004746807,9664.060643,9664.056665,-0.046284014,9664.679045,9664.700303,-0.041006396,9666.218661,9666.254384,-7.446595436,9681.460435,9684.909589,1438.317527,8514.003355,7855.087024,-1049.243176,3380.897244,4038.552382
11073.94131,19891.83107,27410.33196,-1047.897955,3232.164447,3882.315076,1385.732568,8721.765433,8082.464922,-6.37314199,9880.060565,9883.176329,-0.122248407,9875.542054,9875.648566,0.033180099,9869.773344,9869.756107,0.113399456,9864.403874,9864.306052,-6.214802452,9879.427931,9882.482488,1346.60691,8782.134362,8152.974669,-1065.228854,3219.228473,3885.997994
11026.13896,20055.15166,27564.7812,-1091.178237,3115.645737,3804.452871,1250.739981,9074.33497,8476.770227,-4.429881957,10062.95075,10065.21856,-0.109530831,10063.27722,10063.37265,0.024866344,10058.0425,10058.03004,0.109080184,10052.92171,10052.82769,-4.396927464,10062.86629,10065.11965,1242.401923,9088.240521,8493.236964,-1095.077394,3113.729307,3806.188353
11058.10683,19881.38278,27385.26758,-1066.053739,3198.032896,3865.280516,1334.841595,8816.252623,8191.390431,-5.954989639,9904.395976,9907.343473,0.155092808,9888.301875,9888.167901,0.034445609,9895.61954,9895.601841,-0.161282388,9903.260332,9903.400676,-5.867041969,9904.09966,9907.010719,1315.23413,8846.783175,8226.99834,-1074.790479,3191.178497,3866.723376
11203.0299,20272.03724,27858.24706,-1050.017747,3286.006409,3940.563761,1400.945294,8622.901844,7977.299674,-6.960633712,9777.574227,9780.9017,0.20196792,9754.862803,9754.688105,0.014747636,9764.522562,9764.514067,-0.220408011,9774.805326,9774.997008,-6.939611575,9777.443376,9780.764445,1394.371484,8632.854577,7988.764943,-1052.939886,3283.406189,3940.773464
11066.20664,19885.94034,27421.33253,-1075.061221,3195.465516,3868.874391,1324.253744,8928.730206,8307.386611,-5.366104481,10000.92038,10003.61783,0.045358094,9991.815203,9991.776323,0.03264507,9993.923549,9993.906962,-0.048203932,9996.243841,9996.286056,-5.302786219,10000.74776,10003.41741,1310.627271,8950.000551,8332.406101,-1081.136425,3191.082346,3870.252722
11258.5355,20462.31356,28133.3866,-1071.064506,3284.366066,3953.74573,1378.189378,8842.451964,8203.298037,-6.07603183,9958.800825,9961.813012,0.063560326,9946.958128,9946.903565,0.035670279,9949.944673,9949.926379,-0.069378983,9953.248124,9953.308796,-5.981736323,9958.472536,9961.446317,1356.045688,8876.890028,8243.675134,-1081.126249,3277.233118,3956.234018
11256.91414,20654.45267,28293.31217,-1079.686333,3244.33642,3924.216446,1335.007045,8826.11615,8198.935428,-6.175615744,9887.576702,9890.625052,-0.286431226,9891.834876,9892.083934,0.033432413,9878.291338,9878.2741,0.278488862,9865.128186,9864.887415,-6.2648461,9887.881246,9890.966894,1353.609906,8797.912347,8166.285103,-1071.450744,3252.044954,3924.110105
11251.36573,20501.15181,28152.94692,-1064.514944,3277.949094,3942.421332,1382.846062,8785.83832,8145.462204,-6.316570313,9913.62838,9916.73519,-0.093465435,9908.28784,9908.369567,0.034484369,9903.86246,9903.844675,0.085725556,9899.813516,9899.739889,-6.229403293,9913.269763,9916.343481,1360.268724,8821.22349,8186.873233,-1074.81942,3270.924633,3945.272175
11330.95389,20851.47728,28527.13062,-1052.335697,3329.175532,3988.164094,1411.646742,8563.310101,7913.188531,-7.264600941,9711.966156,9715.383822,0.164993616,9688.921123,9688.778621,-0.012810282,9696.951005,9696.955987,-0.191976868,9705.764914,9705.932131,-7.251182256,9711.915384,9715.327299,1409.489955,8566.080272,7916.218581,-1053.190068,3327.552628,3987.340425
11031.84109,19696.13954,27202.31942,-1069.457053,3199.511094,3868.229797,1334.961178,8885.546846,8260.976087,-5.588522826,9974.083559,9976.877489,-0.053424882,9969.02245,9969.069192,0.033982263,9966.462157,9966.444823,0.049564733,9964.149412,9964.106878,-5.545132751,9973.958258,9976.733405,1325.610211,8900.031289,8277.985324,-1073.594689,3196.431624,3869.085618
11054.88592,19571.74287,27075.39278,-1053.441429,3234.186711,3888.060312,1381.756981,8787.800722,8149.530375,-6.096597361,9938.541832,9941.551492,-0.032778743,9930.927479,9930.956401,0.035046026,9929.363589,9929.345556,0.026331155,9928.131987,9928.109664,-6.073416971,9938.463709,9941.463819,1376.467774,8795.849192,8158.983285,-1055.749794,3232.47862,3888.572163
11360.16319,20809.2416,28521.14494,-1033.722526,3371.960127,4011.659931,1470.346295,8521.306957,7855.763792,-7.339212014,9750.390288,9753.821034,0.180731623,9725.923564,9725.767131,-0.008668349,9734.692355,9734.695191,-0.207230136,9744.236136,9744.416251,-7.281426366,9749.348864,9752.790118,1422.372939,8595.61014,7941.614875,-1055.80965,3355.740647,4016.967463
10769.88489,19363.76447,26713.3304,-1046.113618,3072.214762,3721.560284,1304.4513,8916.292482,8305.912631,-4.807181661,10023.45882,10025.89574,0.065116392,10014.57056,10014.51444,0.026094468,10017.61098,10017.59781,-0.066055303,10020.77825,10020.83583,-4.200185194,10022.14581,10024.30092,1179.562661,9112.846119,8537.288114,-898.20486,3459.718621,3951.906286
10757.01107,19269.42799,26580.21558,-1063.414911,3039.950597,3706.89926,1249.0589,8959.621604,8364.968903,-4.687088647,9988.798824,9991.176815,0.017417857,9982.37509,9982.360482,0.027017493,9983.156082,9983.142473,-0.0185234,9984.077771,9984.09432,-4.483682354,9988.332905,9990.617665,1206.885298,9026.886209,8443.932386,-1081.774236,3026.001274,3710.14858
10686.88238,19048.90676,26287.43208,-1080.304821,2972.318373,3656.723754,1174.500939,9060.814282,8489.336402,-4.150788281,9995.922885,9998.049663,-0.069559914,9994.711655,9994.772707,0.023571554,9991.371032,9991.359282,0.069334473,9988.140391,9988.081024,-4.316136489,9996.261499,9998.466106,1207.391535,9008.357532,8427.865075,-1066.216448,2984.059191,3655.326986
11079.36137,20114.16675,27654.07762,-1067.292192,3221.020665,3890.501213,1341.148517,8763.703906,8135.75676,-6.303637891,9848.941823,9852.032455,-0.076657104,9842.594242,9842.661223,0.033021092,9838.983412,9838.966246,0.067549493,9835.779433,9835.721355,-6.195294997,9848.454283,9851.505288,1312.093912,8810.071159,8189.639004,-865.8576477,3639.691937,4101.568825
10853.02552,19496.70266,26896.21586,-1084.791129,3085.276784,3770.080677,1240.205044,9023.134968,8428.984545,-4.618069545,10009.36536,10011.71695,0.056916227,10001.34446,10001.29544,0.027284317,10003.99723,10003.98345,-0.058066077,10006.78765,10006.8383,-4.524363714,10009.14844,10011.45715,1220.706442,9054.445773,8465.729205,-887.8106519,3510.024713,3991.033956
10812.90784,19319.62858,26634.60716,-1059.390332,3074.209456,3738.399271,1271.896764,8839.05506,8235.831001,-5.486705094,9887.797122,9890.52939,-0.228406779,9890.904631,9891.10321,0.032724637,9880.085268,9880.068529,0.22350753,9869.54363,9869.35031,-5.645170663,9888.29701,9891.095799,1307.673986,8782.616052,8169.762369,-1043.84738,3085.404975,3734.857659
11535.51389,21365.27249,29205.10803,-1035.325098,3445.252657,4088.933927,1495.69129,8482.075018,7807.707192,-7.550912855,9716.194299,9719.665465,0.147917995,9691.142338,9691.014152,-0.04509462,9698.515838,9698.536486,-0.184307689,9706.819594,9706.979631,-7.575405615,9715.380273,9718.897712,1461.462265,8535.632023,7869.325366,-822.4984301,3857.314277,4283.298106
11056.33636,20076.90746,27588.21214,-870.9466924,3608.477513,4075.244382,1290.26442,8845.588573,8232.268866,-5.938721139,9862.572359,9865.514756,-0.180436788,9862.440816,9862.597783,0.034092196,9853.905639,9853.888064,0.173299767,9845.721419,9845.571626,-6.001741709,9862.814726,9865.781972,1305.447271,8821.295519,8204.060869,-1076.642547,3185.579311,3863.965742
10893.83858,19732.88542,27157.88021,-1077.47788,3083.497103,3761.301426,1253.214194,9017.169079,8420.044576,-4.563200086,10028.12168,10030.44823,-0.198313862,10032.29598,10032.46817,0.025624965,10022.86567,10022.85275,0.197405863,10013.55968,10013.38888,-4.336736658,10027.62541,10029.84702,1206.604173,9091.457567,8507.341057,-893.3955797,3498.749187,3985.048791
11598.78593,21696.33003,29563.82603,-806.7045722,3876.890012,4291.370913,1486.947752,8424.192941,7751.267209,-7.536248594,9636.425244,9639.812128,-0.188989615,9624.972684,9625.136679,-0.114207299,9616.710983,9616.765754,0.13818611,9609.546338,9609.4264,-7.570498425,9636.249526,9639.662535,1480.098506,8435.487682,7764.33362,-811.2918316,3874.784423,4293.801284
10878.99071,19605.32113,27000.77529,-1082.704948,3094.743297,3779.087226,1245.151095,8937.555696,8340.396491,-5.18914714,9925.402883,9928.011881,-0.204386161,9928.369707,9928.547342,0.032279937,9918.671512,9918.655074,0.20086554,9909.204879,9909.031136,-5.40139064,9926.002278,9928.703858,1290.065841,8866.33464,8257.180655,-1062.838577,3110.02243,3775.660668
11264.75459,20377.47976,28022.37502,-1037.304668,3352.730133,3996.442686,1452.73184,8524.211538,7863.433446,-7.298600414,9733.240206,9736.651232,0.006482212,9717.048715,9717.043436,-0.012396706,9717.607576,9717.612233,-0.033917198,9718.954986,9718.984756,-7.26964127,9732.633101,9736.052809,1425.074972,8567.15429,7912.994076,-1050.025133,3343.34204,3999.436659
11104.69889,20311.6235,27865.20509,-874.875874,3605.994031,4074.567231,1285.371405,8917.189062,8306.171704,-5.570532024,9930.441198,9933.227921,0.056591583,9920.25309,9920.204949,0.033809681,9922.896104,9922.878924,-0.061004315,9925.818987,9925.872795,-5.849069318,9931.341176,9934.244265,1348.527013,8817.732654,8189.7582,-1058.954891,3195.540174,3855.505211
11454.26153,21149.1752,28919.04265,-1038.202664,3405.002499,4051.765822,1470.04915,8481.110586,7814.278308,-7.470009573,9691.897095,9695.333759,-0.287147313,9687.619474,9687.868727,-0.048035679,9674.475463,9674.497585,0.250389605,9662.26131,9662.044163,-7.485351685,9691.40039,9694.865465,1449.232203,8513.783555,7851.818257,-1048.020763,3397.91724,4054.276486
10963.19409,19728.99786,27177.77909,-1073.443989,3165.750251,3841.73666,1299.114682,8809.207854,8194.145906,-6.000149624,9851.274322,9854.235669,-0.015747311,9842.996214,9843.010406,0.033497722,9842.251147,9842.233827,0.007970788,9841.874979,9841.868602,-6.082848616,9851.606406,9854.599648,1319.772466,8776.30532,8155.870506,-1064.093826,3172.593581,3839.716569
10934.33911,19866.6088,27291.37782,-1086.703699,3062.318448,3748.899082,1225.139288,9058.539103,8470.043087,-4.413647427,10032.22481,10034.48198,-0.262632421,10039.75882,10039.9869,0.025259846,10027.2809,10027.26821,0.261753128,10014.92964,10014.7032,-4.613093493,10032.68258,10035.03064,1269.077967,8988.190365,8387.028402,-1066.27729,3075.237655,3742.901757
11480.72008,21307.20813,29125.34418,-1050.122347,3401.728763,4056.598517,1457.646694,8593.465334,7929.621088,-7.357352971,9783.753339,9787.234643,-0.006412649,9769.178647,9769.184946,0.003663089,9769.053957,9769.050862,-0.0163232,9769.648687,9769.663579,-7.298337527,9782.862355,9786.347476,1415.588943,8659.597637,8006.040842,-843.980221,3813.441166,4257.253141
11168.38705,20073.47807,27657.63948,-1054.58709,3256.867201,3911.32497,1392.475541,8788.711503,8147.120958,-6.147417749,9944.75293,9947.788693,0.180875346,9926.979795,9926.823517,0.034956174,9935.517875,9935.499924,-0.187025056,9944.380223,9944.542878,-5.936846223,9944.063651,9947.011432,1345.973891,8859.544164,8230.095889,-1075.088647,3240.866846,3914.957739
10619.04339,18798.55594,26014.63916,-1076.438315,2917.188822,3596.839264,1153.29083,9286.188995,8727.012584,-2.71769271,10223.2376,10224.67523,0.158364662,10213.59963,10213.46254,0.009193251,10221.09247,10221.08793,-0.157836751,10228.60255,10228.73941,-2.698362673,10223.21527,10224.64288,1149.423303,9291.783902,8733.656188,-1077.906651,2915.339965,3596.36315
11327.96829,20525.99322,28202.26786,-1067.363137,3311.507713,3979.768769,1391.527598,8745.537742,8101.269464,-6.670657453,9870.011816,9873.26114,0.213264518,9848.83451,9848.650244,0.029005568,9858.956784,9858.941485,-0.225548776,9869.573015,9869.769242,-6.80729718,9870.656301,9873.954844,1427.827185,8690.445566,8037.201367,-1051.109783,3324.619092,3977.210164
10966.55637,19626.28696,27072.11894,-1069.762229,3154.809704,3825.628828,1305.293746,8873.28472,8257.939087,-5.559407845,9934.533706,9937.308816,0.090030103,9922.639377,9922.561805,0.033767921,9926.867788,9926.850549,-0.094301377,9931.357431,9931.439674,-5.567352979,9934.550541,9937.329451,1306.475032,8871.64056,8256.046517,-1069.291488,3155.464972,3825.839923
11410.09605,20872.33118,28595.91254,-1040.02925,3379.47796,4026.297234,1459.508326,8521.527306,7858.255084,-7.390231737,9727.820445,9731.263202,0.251633629,9699.515813,9699.297832,-0.023606948,9711.690162,9711.700323,-0.282128949,9724.704142,9724.949225,-7.379382867,9727.712826,9731.153684,1454.820438,8528.329985,7865.990386,-1042.090188,3377.259381,4026.071744
11450.44241,21161.92244,28889.15035,-1027.869121,3390.32473,4029.204674,1474.381261,8401.290972,7734.793701,-7.358605459,9628.16865,9631.475889,0.310864129,9593.706415,9593.436904,-0.102459507,9608.952033,9609.001115,-0.358306294,9625.24969,9625.56096,-7.327770827,9628.178385,9631.467346,1475.069876,8398.807833,7731.568131,-1027.235633,3388.601695,4026.783924
11215.18113,20409.18908,28005.27254,-1055.13654,3275.641267,3934.956227,1386.750303,8649.391062,8007.793215,-6.873704958,9784.286108,9787.58923,-0.215101686,9781.881092,9782.068308,0.019948535,9771.816944,9771.805991,0.198911024,9762.331541,9762.159637,-6.793854785,9783.768445,9787.048429,1360.065299,8690.986328,8055.81441,-1067.301352,3265.914923,3936.877005
11204.43988,20531.27513,28143.50051,-1071.278328,3242.392547,3914.992626,1347.025104,8780.602012,8150.382503,-6.321181532,9864.323201,9867.426601,0.23962936,9843.093062,9842.885819,0.032762303,9854.430305,9854.413295,-0.248748789,9866.176281,9866.392538,-6.288232828,9864.147434,9867.240199,1336.415754,8797.90155,8170.602357,-1076.279737,3239.520596,3916.892574
10793.79144,19415.13634,26755.08286,-1088.0221,3001.64129,3690.325294,1185.097737,9161.066545,8586.999693,-3.6985593,10100.90757,10102.82427,0.054623278,10094.71921,10094.67241,0.018952735,10097.26589,10097.25647,-0.054247074,10099.88116,10099.92871,-3.966900998,10101.39906,10103.44416,1243.154852,9069.446348,8478.557821,-1063.196982,3020.411069,3685.881276
11245.05574,20658.03919,28293.74502,-1067.103433,3278.279549,3949.072781,1366.58471,8684.833402,8047.648736,-6.843491348,9781.86927,9785.17043,-0.223400972,9780.22037,9780.41468,0.020691479,9769.76341,9769.752066,0.207229207,9759.88431,9759.705088,-6.836783314,9781.775745,9785.077252,1361.708027,8692.958996,8057.116735,-850.2004187,3703.876569,4152.329466
11137.3121,20198.23212,27764.89229,-1074.401745,3225.084043,3900.272199,1333.580075,8814.613893,8188.575148,-6.126586296,9884.674579,9887.69786,-0.086591821,9879.541356,9879.617088,0.034152491,9875.442234,9875.424623,0.07904884,9871.711002,9871.643105,-6.147805357,9884.744133,9887.77641,1337.877629,8808.115807,8181.054794,-1072.516596,3226.889085,3900.289786
10919.56805,19580.62525,27016.77518,-1086.385496,3106.23294,3791.363501,1252.220403,9042.677403,8444.731076,-4.571042263,10039.09808,10041.43004,-0.059504858,10036.72696,10036.77887,0.026772207,10033.86682,10033.85331,0.058526486,10031.13777,10031.08739,-4.577557115,10039.11537,10041.45016,1253.853863,9039.965537,8441.522814,-1085.628845,3106.614783,3791.035298
11068.74895,19921.61661,27454.38395,-1049.203389,3229.088897,3879.33553,1385.63022,8767.095933,8128.184712,-6.132617838,9926.594548,9929.618042,0.01632241,9916.520854,9916.507254,0.034858537,9917.275164,9917.257258,-0.022471922,9918.353798,9918.373833,-5.851009074,9925.647079,9928.554233,1321.921965,8865.204005,8243.062037,-1077.348169,3207.830613,3884.978383
11185.78599,20338.61823,27942.98821,-874.4231486,3648.647963,4115.24314,1306.861082,8932.885117,8314.924469,-5.572244146,9961.651433,9964.443764,-0.064399458,9957.295007,9957.351703,0.033936966,9954.208376,9954.191166,0.0606271,9951.381038,9951.329351,-5.695915941,9962.019068,9964.864708,1333.175482,8891.87723,8266.970177,-1077.745773,3225.005137,3901.377953
11003.7974,19757.35822,27215.61571,-1041.16687,3238.574783,3887.210079,1384.883358,8547.953946,7908.058434,-6.979761003,9700.606606,9703.899859,-0.042130771,9688.256135,9688.293085,0.000247596,9686.459407,9686.45795,0.019157404,9685.364997,9685.348765,-6.933729938,9700.011055,9703.303205,1201.967178,8898.999802,8415.892042,-1054.079376,3229.063965,3890.104567
11556.57707,21157.14246,28973.8916,-1015.00883,3484.310928,4113.624936,1533.691989,8326.628049,7642.767768,-7.25075974,9607.980108,9611.118977,-0.131184002,9591.149457,9591.262548,-0.181392397,9585.864726,9585.952568,0.067693388,9581.776833,9581.71731,-7.328316859,9607.534478,9610.733382,1517.45228,8351.780595,7671.457501,-1022.676925,3478.51327,4115.456824
10892.7031,19154.35724,26537.30271,-1057.218734,3147.505078,3806.191961,1326.233948,8858.988169,8238.731382,-5.512347765,9962.256196,9965.009517,-0.055227107,9957.324022,9957.372373,0.033410544,9954.679476,9954.662439,0.051406473,9952.280207,9952.236115,-5.567567015,9962.404159,9965.181942,1337.492321,8841.961033,8218.728768,-1052.432107,3151.410533,3805.531832
10901.52288,19556.67031,26981.93529,-1087.72721,3112.852016,3800.243973,1250.671817,8991.575276,8392.780693,-4.952188658,9980.126422,9982.632164,0.052502347,9971.594236,9971.54917,0.030960543,9974.037472,9974.021778,-0.054798333,9976.670402,9976.718354,-5.19603623,9980.749718,9983.364556,1301.408624,8911.779279,8299.158275,-1065.360072,3129.881643,3796.193494
11146.47527,19942.67407,27501.76188,-1043.81393,3274.881063,3920.866826,1415.660698,8682.022373,8033.476026,-6.650464198,9868.833162,9872.05955,0.018816918,9856.58202,9856.566364,0.030233383,9857.504879,9857.489002,-0.03011924,9858.89538,9858.922158,-6.566356191,9868.44947,9871.645312,1393.245039,8716.149173,8073.339154,-1053.702203,3267.467533,3923.012014
11226.53822,20465.39578,28078.32498,-1063.948561,3280.895148,3948.905577,1372.988246,8667.010032,8028.090975,-6.906578456,9774.494017,9777.813424,-0.061726544,9764.776922,9764.831498,0.014922473,9761.972117,9761.963688,0.044055688,9759.784435,9759.747249,-6.988879973,9775.13868,9778.47722,1405.46744,8616.264385,7969.429427,-1049.083423,3292.179998,3945.894517
10988.28863,19895.63168,27367.47845,-867.9697763,3595.166378,4059.744794,1288.308167,8821.441532,8208.821449,-6.021195701,9842.401426,9845.373935,-0.087582359,9837.498536,9837.574988,0.033013945,9833.366917,9833.349789,0.079083487,9829.623184,9829.555091,-6.22697867,9843.26498,9846.315335,1340.969778,8737.627875,8111.379675,-1056.010997,3185.169628,3844.692749
10501.00892,18353.22607,25480.39535,-1065.1064,2931.380895,3602.466417,1177.620206,9097.54315,8528.202628,-3.700269922,10066.43274,10068.34492,-0.043484594,10064.77503,10064.81294,0.018840972,10062.68048,10062.67103,0.043543682,10060.65343,10060.6159,-3.733443735,10066.49094,10068.41916,1184.529478,9086.640933,8515.344534,-1062.230737,2933.773699,3602.175269
11346.6222,20703.16434,28401.91739,-1049.469115,3366.623973,4022.962197,1435.197275,8546.696234,7889.280606,-7.36610841,9716.584221,9720.031869,-0.088082442,9704.789908,9704.866644,-0.018501118,9700.913721,9700.92137,0.058821789,9697.857813,9697.807096,-7.359941442,9716.261727,9719.718992,1420.933739,8569.209518,7915.173114,-831.5426685,3786.150688,4219.343562
10945.57049,19837.1304,27274.42019,-1056.186705,3129.310731,3788.096132,1314.790676,8841.662958,8225.203352,-5.517687612,9934.103641,9936.856892,0.081808946,9922.634507,9922.564238,0.032593634,9926.467678,9926.451126,-0.085233826,9930.537747,9930.612305,-5.23970332,9933.293518,9935.926942,1254.106836,8937.744218,8337.72014,-1083.06839,3109.667484,3793.845746
11655.63899,21467.61637,29382.2783,-1040.56533,3483.88031,4130.253858,1512.563666,8553.251937,7873.495944,-7.612761105,9796.209993,9799.767511,-0.156911612,9786.986853,9787.123399,-0.01839192,9779.859205,9779.866773,0.127089831,9773.574242,9773.464489,-7.614839073,9796.457383,9800.005779,1523.720109,8535.919248,7853.330767,-1035.322985,3487.144281,4128.305198
10947.39739,19653.18871,27081.57849,-1083.310018,3081.8754,3764.13083,1244.764513,9078.355482,8483.859652,-4.275498693,10077.00606,10079.19915,-0.215123186,10082.58052,10082.76735,0.023421478,10072.34858,10072.33684,0.214695015,10062.22144,10062.03577,-4.387798929,10077.21396,10079.46116,1265.90634,9046.519667,8446.355762,-1074.46153,3090.233841,3764.171052
11313.52977,20572.55508,28285.77909,-1077.340095,3325.163411,4001.915059,1383.631439,8800.177294,8157.513422,-6.533349813,9903.322776,9906.527374,0.007099762,9892.653132,9892.647506,0.032796229,9893.013315,9892.996167,-0.017656267,9893.823964,9893.8398,-6.738360049,9904.262622,9907.541558,1438.803218,8715.38513,8058.506825,-1052.278702,3343.563491,3996.133221
11453.83321,21203.1597,28976.14093,-1009.663692,3425.76555,4044.684478,1531.167269,8377.320098,7696.19619,-7.402175873,9683.537922,9686.86237,-0.169869958,9671.770864,9671.918346,-0.066258018,9664.229031,9664.260106,0.129099004,9657.667587,9657.555659,-7.494472608,9681.378752,9684.840705,1442.324608,8514.467086,7853.978586,-824.1058761,3818.018596,4246.121034
10464.51782,18626.47605,25777.97977,-1060.7509,2863.095429,3530.678117,1144.809578,9298.950437,8745.224879,-2.392556327,10254.00197,10255.27692,-0.022912649,10253.37446,10253.39437,0.006249662,10252.27153,10252.26845,0.023428357,10251.17454,10251.1543,-2.029694807,10253.55463,10254.64517,1047.112802,9456.216397,8932.460209,-914.2703555,3257.570397,3768.553318
11128.18933,20054.37811,27626.7734,-1074.883908,3237.223095,3911.773227,1342.491933,8840.704108,8212.079587,-6.037648924,9920.81302,9923.801835,-0.120671365,9917.63527,9917.740384,0.034849293,9911.921226,9911.903255,0.113567633,9906.558993,9906.461028,-6.253543037,9921.583637,9924.659827,1392.655211,8763.596866,8121.852061,-1052.600689,3254.028884,3907.235237
11372.32555,21010.68192,28743.08672,-1072.231105,3308.864336,3981.675075,1381.527794,8765.958704,8124.416438,-6.59128167,9873.600867,9876.822734,0.225334957,9852.271041,9852.076373,0.031372758,9862.947131,9862.930757,-0.236017227,9874.079631,9874.284994,-6.580594446,9873.486931,9876.708103,1374.828713,8777.36174,8137.860591,-1075.55839,3307.816564,3983.840595
11336.07068,20733.37805,28430.24133,-1055.385993,3354.234454,4015.787717,1420.174147,8577.98616,7924.477631,-7.315645275,9728.313418,9731.757469,0.125246948,9707.074707,9706.966361,-0.015231826,9713.251614,9713.257657,-0.153567951,9720.232638,9720.366178,-7.342467595,9729.09237,9732.519622,1455.220502,8523.206741,7861.323686,-1039.089171,3366.115701,4011.820435
10855.55952,19406.2094,26815.84045,-1096.334096,3059.943951,3753.515949,1210.585944,9191.888987,8608.777061,-3.678393863,10144.03064,10145.94078,0.022291411,10139.46407,10139.44497,0.01871677,10140.48511,10140.47574,-0.022108098,10141.56944,10141.58881,-3.901842506,10144.42673,10146.44454,1258.840932,9116.659173,8519.508629,-1075.563249,3075.857557,3749.977192
10447.45627,18496.76294,25597.41945,-1072.509839,2848.473348,3528.488275,1108.511419,9252.221585,8707.806889,-2.766179908,10148.35892,10149.81666,-0.025412678,10147.31967,10147.34192,0.010355437,10146.08886,10146.08375,0.026045911,10144.87946,10144.85711,-2.71871416,10148.28832,10149.7226,1096.963069,9271.223577,8730.276694,-1077.396064,2844.728756,3529.251133
11652.38504,21359.44324,29270.67998,-1033.987866,3501.431564,4142.833465,1528.419148,8507.855645,7823.707038,-7.667907302,9769.793386,9773.330532,-0.12645048,9757.716082,9757.825931,-0.045398687,9752.144277,9752.165019,0.089574422,9747.517079,9747.439565,-7.665698993,9770.754527,9774.251643,1569.434138,8446.301265,7752.491896,-1015.232701,3515.515291,4138.172616
11427.60971,20892.90427,28643.32655,-1067.633946,3342.551443,4010.640619,1407.973347,8746.229456,8096.766867,-6.753055196,9882.481963,9885.769643,-0.191240474,9880.245593,9880.412361,0.028898528,9871.243731,9871.228557,0.17911746,9862.740092,9862.585746,-6.862160239,9882.972332,9886.30058,1435.385041,8705.20439,8049.149418,-1055.405205,3353.16186,4009.461104
10986.77387,19744.62152,27185.81991,-1056.712747,3192.543062,3854.50675,1337.880025,8674.169273,8047.832153,-6.563417025,9769.51068,9772.684265,-0.140398887,9764.651662,9764.773964,0.024041441,9758.092657,9758.079728,0.126357327,9752.057576,9751.948465,-6.548785993,9769.433892,9772.602487,1333.772386,8680.569755,8055.213288,-1058.546244,3190.996221,3854.705554
11384.70935,21022.03956,28729.04701,-1035.839095,3355.018884,3998.361651,1452.847209,8497.914545,7837.728708,-7.349418186,9705.087693,9708.504486,0.131382552,9682.415829,9682.303373,-0.021412871,9688.867476,9688.876935,-0.159489826,9696.133507,9696.273437,-7.304401788,9703.626817,9707.077296,1388.321375,8598.860058,7953.625086,-844.5258056,3754.267552,4200.669987
11164.38062,20113.4201,27698.83431,-1063.844051,3272.071838,3937.805776,1375.397716,8730.544054,8091.708444,-6.607899471,9848.705243,9851.919672,0.049572383,9835.26022,9835.217752,0.028146438,9837.6547,9837.639758,-0.062395583,9840.551084,9840.605713,-6.791818267,9849.639467,9852.916856,1427.975106,8649.903651,7997.745689,-1040.377893,3289.643274,3932.721629
10782.62195,19362.78138,26674.88432,-1071.559262,3033.181958,3708.345603,1228.129755,8962.950154,8373.680687,-4.750926675,9957.917264,9960.323221,0.116894877,9946.631485,9946.5307,0.028350906,9952.117674,9952.103379,-0.118449127,9957.765646,9957.868909,-4.726433222,9957.842,9960.237842,1221.574153,8974.09172,8386.808779,-1074.598454,3031.758393,3709.764749
10449.58981,18636.41663,25735.32375,-1080.662576,2796.317595,3484.943489,1057.920239,9389.002185,8863.411346,-2.130600936,10227.12229,10228.26322,0.255500803,10213.58445,10213.36311,0.005682515,10225.69578,10225.69301,-0.25509455,10237.81501,10238.03611,-2.273373472,10227.29751,10228.51107,1095.697021,9327.845097,8790.7939,-1065.194183,2809.482118,3483.847473
11184.7446,19974.15953,27541.8647,-1055.250284,3282.434535,3940.585532,1394.317062,8679.304122,8035.336756,-6.784247679,9825.007752,9828.282292,-0.101367006,9817.759194,9817.847782,0.023045664,9813.04891,9813.036446,0.086351139,9808.893394,9808.819179,-6.904139895,9825.67635,9828.989713,1430.338283,8624.546052,7971.688808,-1039.272307,3294.980527,3937.673447
11510.89781,21285.54348,29082.88785,-1044.129508,3399.711461,4049.928753,1463.977317,8547.522538,7882.175563,-7.418957029,9750.611612,9754.08407,0.329118138,9719.028462,9718.743434,-0.017049155,9734.833894,9734.840885,-0.357861464,9751.456205,9751.7671,-7.435065241,9750.586244,9754.069195,1462.65609,8550.538589,7885.894269,-1044.965726,3400.602236,4051.684249
11373.69675,20565.15099,28272.80307,-1043.187794,3369.774074,4016.302474,1459.685775,8607.967954,7944.947737,-7.191262669,9819.679673,9823.103135,0.185723899,9796.924148,9796.763569,0.012886145,9805.835574,9805.827928,-0.205476731,9815.402389,9815.581072,-7.169902104,9819.539118,9822.956419,1452.650647,8618.413197,7957.032389,-1046.30694,3367.060993,4016.625095
10651.1062,18993.88912,26205.53102,-1072.599967,2922.988182,3600.49956,1159.98427,9167.934062,8604.576746,-3.349570787,10110.86024,10112.60479,0.222840562,10097.20096,10097.00816,0.014873197,10107.72659,10107.71922,-0.222416962,10118.2993,10118.4924,-3.415676253,10110.95003,10112.72821,1171.569036,9151.049401,8584.726872,-1068.15375,2928.649354,3601.999099
11281.45798,20489.0664,28150.8302,-1063.710318,3301.084052,3965.682232,1393.304449,8743.984145,8099.92152,-6.610912763,9877.297444,9880.521944,-0.03451173,9868.044992,9868.075812,0.030627494,9866.438676,9866.422679,0.023594086,9865.297732,9865.278171,-6.659835367,9877.539771,9880.781185,1407.335204,8722.2283,8074.521096,-1057.339131,3305.569544,3964.023344
10758.45207,19128.94665,26433.77803,-1072.475626,3043.885365,3718.899157,1235.383721,8992.043936,8400.84849,-4.606972978,9994.476672,9996.818873,0.116037362,9983.585971,9983.485705,0.027084074,9989.037111,9989.023429,-0.117287529,9994.628476,9994.730479,-4.552316618,9994.355499,9996.672396,1224.42573,9009.350126,8421.148172,-1077.215369,3040.052294,3719.506516
11421.08368,21152.27404,28914.32493,-828.7263101,3815.356642,4250.800193,1430.436095,8494.690295,7836.586628,-7.544092933,9638.366774,9641.828696,-0.157989626,9627.3661,9627.503077,-0.092226912,9620.48929,9620.533156,0.11164066,9614.655017,9614.557993,-7.362243885,9640.304424,9643.589308,1506.666946,8374.595061,7699.160075,-1018.842547,3422.957822,4052.897
11624.68115,21558.16679,29430.7046,-1028.029336,3478.346649,4118.285999,1514.550492,8407.370782,7727.80232,-7.526299996,9657.388749,9660.755273,-0.247067952,9648.295172,9648.509408,-0.114386621,9637.298377,9637.353176,0.195995983,9627.402064,9627.231829,-7.541441398,9657.162563,9660.546046,1505.959211,8420.244365,7742.396585,-1031.99441,3474.638701,4118.46954
11800.36167,21916.06555,29917.63844,-1010.933752,3559.856738,4181.879687,1586.743725,8393.007583,7694.351543,-7.64960517,9725.478601,9728.887337,-0.031234832,9705.635677,9705.663631,-0.102789822,9704.754666,9704.803936,-0.01695211,9704.963812,9704.979372,-7.698398679,9724.852814,9728.313299,1562.141762,8429.982152,7736.898852,-1022.322721,3551.1129,4184.593959
11742.15176,22151.22116,30120.39619,-795.5933558,3939.907735,4349.555983,1520.451555,8351.11152,7668.364326,-7.412210216,9586.010086,9589.220827,0.234236376,9551.236499,9551.032038,-0.230425202,9563.347936,9563.460048,-0.306600673,9576.722684,9576.987665,-7.291929612,9586.470523,9589.59721,1536.659148,8325.249402,7638.893646,-786.111501,3946.548739,4346.320099
10763.50474,19064.8545,26374.21345,-1070.341029,3050.788193,3723.125324,1245.489231,9005.106628,8411.113953,-4.535796282,10022.54629,10024.85662,0.008951101,10016.89278,10016.8855,0.026291588,10017.27184,10017.25861,-0.009837663,10017.78169,10017.79069,-4.594576451,10022.67282,10025.01048,1257.463062,8986.441005,8389.130295,-1065.225537,3054.828716,3722.352896
11451.40775,21192.11434,28956.39387,-1028.953456,3401.209406,4038.606485,1485.767929,8454.164257,7783.90749,-7.429110529,9694.853478,9698.255595,-0.176351973,9685.074449,9685.227874,-0.047096864,9677.144347,9677.166079,0.140265177,9670.13638,9670.015092,-7.460375709,9693.84794,9697.308056,1443.242271,8520.923691,7860.823759,-1048.911742,3387.439955,4044.405528
10882.61238,19491.40929,26867.47217,-1065.007851,3118.803019,3787.431848,1287.815701,8820.239364,8210.544273,-5.735493741,9870.32298,9873.166353,0.17687107,9853.636788,9853.48387,0.033508754,9861.981949,9861.964726,-0.182933757,9870.641945,9870.801057,-5.782753033,9870.491729,9873.354115,1299.130129,8802.171415,8189.452003,-1059.95673,3122.353344,3786.198905
11753.81715,21900.02423,29844.18489,-1008.577986,3537.019322,4161.574397,1565.457078,8305.835015,7613.503064,-7.226947615,9614.914401,9617.998767,-0.446857416,9611.710343,9612.097149,-0.216110033,9591.669832,9591.774856,0.377056547,9572.877698,9572.549438,-7.306743339,9614.465981,9617.61136,1549.567401,8329.83741,7640.739114,-1016.007151,3530.669656,4162.644416
10672.15061,18841.47723,26071.08289,-1047.273452,3032.36728,3685.554426,1271.56021,8870.436839,8269.783207,-5.059106187,9944.241659,9946.78382,0.122808627,9931.854523,9931.748425,0.030127922,9937.625993,9937.610699,-0.125243147,9943.586217,9943.695195,-4.920898662,9943.895233,9946.375398,1242.764045,8915.663829,8322.861449,-1059.541823,3022.991237,3687.752985
11009.66178,19794.82117,27286.12532,-1075.159736,3179.624883,3855.111739,1309.612916,8874.899632,8257.363729,-5.661383057,9929.042941,9931.865941,-0.003814992,9921.380761,9921.384565,0.034354973,9921.172256,9921.154699,-0.000805984,9921.238275,9921.239471,-5.625646153,9928.929191,9931.737165,1301.617088,8887.542007,8272.14333,-1078.76271,3176.979066,3855.875555
11453.94654,21211.72663,28960.69287,-1013.289312,3431.435662,4060.024786,1508.0388,8285.781891,7610.010203,-6.99045896,9550.483943,9553.463437,0.00753838,9526.5622,9526.555009,-0.211940126,9527.908319,9528.011418,-0.07527644,9530.464369,9530.529072,-7.198732505,9549.529961,9552.661137,1473.921354,8339.813836,7671.526103,-801.5953055,3836.242392,4248.458828
11087.17417,19963.07696,27504.4665,-1058.788257,3241.115948,3901.724292,1369.616596,8745.923034,8110.148386,-6.370077934,9870.826673,9873.944727,0.017731717,9859.785926,9859.771059,0.033200491,9860.6357,9860.618437,-0.026842605,9861.892854,9861.916639,-6.251479393,9870.322676,9873.396108,1339.121012,8793.632056,8165.744006,-1072.565097,3230.981127,3904.751545
11631.01911,21698.89764,29534.62465,-994.9403234,3503.559649,4121.566321,1552.443364,8144.89308,7457.902166,-5.841772134,9450.5062,9452.681976,0.31254871,9406.358761,9406.08426,-0.491933332,9422.989174,9423.231063,-0.421970636,9440.914617,9441.278084,-6.156114306,9449.720219,9452.097422,1527.470323,8184.006469,7501.830162,-774.9535255,3903.655896,4297.864948
11274.45794,20569.28914,28194.73047,-1059.171841,3286.641237,3949.960219,1384.834019,8652.272416,8010.278425,-6.932503241,9777.926203,9781.251404,-0.161376119,9772.708589,9772.849827,0.013904384,9765.196574,9765.188712,0.143709608,9758.305302,9758.181899,-7.006798341,9778.404386,9781.751552,1408.805013,8615.813576,7968.278869,-1048.443826,3296.038267,3949.046725
11503.91081,21331.93813,29133.10415,-1035.252089,3426.980459,4072.759308,1480.460199,8438.790137,7768.59184,-7.486497515,9656.104715,9659.497988,-0.123990323,9642.618291,9642.726038,-0.083574984,9637.304835,9637.344496,0.079588811,9633.01738,9632.948467,-7.529090467,9655.689499,9659.122956,1463.902878,8465.211833,7798.938364,-1043.214329,3421.750064,4075.354163
10982.09157,19690.07537,27154.69762,-1075.415321,3151.501298,3826.757703,1295.869701,8927.707009,8315.345588,-5.298449052,9974.891471,9977.554049,0.189488748,9959.038302,9958.874447,0.032490867,9967.969124,9967.952591,-0.192746618,9977.123445,9977.290938,-5.443191912,9975.27947,9978.006064,1326.025293,8881.108802,8260.632465,-1062.250593,3161.693765,3824.462974
11173.75422,20128.34173,27714.66506,-1035.253632,3297.713269,3936.288313,1440.083361,8616.170181,7960.81241,-6.911378103,9832.441427,9835.757361,0.006740395,9819.39424,9819.389022,0.024363911,9819.783471,9819.770356,-0.021281097,9820.716232,9820.735317,-6.72932531,9831.426967,9834.684181,1384.816015,8700.539747,8059.021581,-1059.836526,3279.069325,3941.440217
10894.7275,19467.64587,26852.32393,-1057.031848,3128.504317,3788.846364,1310.355743,8814.101103,8198.421274,-5.703930843,9899.366343,9902.196928,0.104259902,9886.224088,9886.13423,0.033654152,9891.12983,9891.112604,-0.109378199,9896.324261,9896.419654,-5.639419246,9899.15044,9901.954507,1295.228767,8838.103087,8226.527317,-1063.738551,3123.881873,3790.587848
11551.33285,21464.90705,29275.91898,-1014.348701,3474.940743,4108.804076,1515.29762,8245.873587,7566.710497,-6.722944663,9499.700244,9502.460691,-0.071436375,9476.998331,9477.058679,-0.336718878,9475.054284,9475.219165,-0.01632093,9474.403637,9474.416125,-6.760383112,9499.59239,9502.377552,1511.66254,8251.745133,7573.377276,-785.0949037,3886.784459,4287.262804
11014.13132,19713.35406,27212.78865,-1081.022561,3163.200536,3842.00228,1296.886597,8995.411462,8382.996691,-4.947202586,10038.52472,10041.03277,0.053418383,10030.03705,10029.99114,0.029774351,10032.52431,10032.50925,-0.055121553,10035.17655,10035.2247,-5.008450024,10038.673,10041.20875,1309.829289,8975.271386,8359.235742,-1075.317277,3167.337742,3840.739647
11030.24502,19785.64455,27287.61159,-1059.105064,3212.508874,3873.071995,1355.574017,8783.398264,8152.532851,-6.100088922,9900.000881,9903.008005,0.025004146,9889.558828,9889.537635,0.034598038,9890.731932,9890.714099,-0.031899434,9892.249266,9892.277412,-5.966347533,9899.516822,9902.470142,1324.103315,8832.496108,8209.883598,-1073.16829,3202.065224,3876.032586
11139.99915,20038.94228,27600.93602,-1075.956084,3206.918837,3881.006034,1329.201487,8923.804718,8300.599404,-5.452657399,9998.488884,10001.22553,-0.122462136,9997.120166,9997.226977,0.03305397,9991.284119,9991.267357,0.11932721,9985.677834,9985.57507,-5.55169485,9998.740816,10001.52211,1348.533513,8894.802028,8266.578552,-1067.616467,3214.203034,3880.357075
11178.0841,20105.36537,27664.17455,-1037.481144,3316.541443,3963.003035,1426.461766,8471.640463,7818.338525,-7.251620047,9654.80121,9658.138112,0.040248323,9635.607801,9635.573051,-0.053812677,9637.92165,9637.946646,-0.077538057,9641.160302,9641.227773,-7.240476741,9655.680225,9658.975743,1463.461285,8414.47366,7752.643219,-1020.666704,3329.343369,3959.376311
11222.87021,20267.82935,27872.56329,-1053.887333,3272.386615,3927.483291,1397.369519,8732.062648,8088.104082,-6.493225231,9888.615355,9891.786066,-0.153877791,9885.300337,9885.434566,0.03201537,9878.040327,9878.023691,0.144201717,9871.210237,9871.086012,-6.490073557,9888.562279,9891.73384,1394.056238,8737.861398,8095.015713,-1055.527954,3272.249578,3928.94566
10833.46209,19464.95712,26835.91474,-1087.38891,3046.006128,3733.606937,1212.705547,9085.611179,8501.101995,-4.211823624,10046.97467,10049.13578,-0.133398689,10048.76749,10048.88341,0.024002855,10042.4097,10042.39762,0.132839114,10036.1592,10036.04436,-4.355071953,10047.27695,10049.50478,1243.057073,9037.218673,8444.063415,-1074.096208,3055.762876,3730.924885
10862.76258,19480.12411,26860.12349,-1080.899757,3043.633019,3724.374113,1225.676391,9119.261513,8532.461159,-3.903083997,10106.46302,10108.47972,-0.150099072,10109.6451,10109.77553,0.019283208,10102.49361,10102.48398,0.150263863,10095.41274,10095.28288,-3.777970119,10106.24552,10108.20144,1200.69968,9157.905019,8578.070934,-1091.491236,3034.297528,3724.932076
11074.07508,19768.05386,27266.31926,-1055.665364,3229.799271,3888.311131,1366.947475,8716.996089,8082.134242,-6.471308297,9843.991678,9847.142999,-0.105171154,9838.190938,9838.282752,0.029874552,9833.255776,9833.240083,0.093983475,9828.782026,9828.701126,-6.530378529,9844.247409,9847.420925,1381.759513,8694.417313,8055.880728,-1049.157519,3235.105712,3887.370696
10986.03833,19647.053,27109.54108,-1063.119068,3186.150922,3851.087231,1332.697158,8803.136391,8179.157946,-5.968179022,9894.367716,9897.317461,0.08423313,9881.507368,9881.43481,0.034408105,9885.477261,9885.459551,-0.090716188,9889.778068,9889.857209,-5.896930995,9894.118396,9897.039091,1316.300239,8828.792538,8209.100228,-1070.426821,3180.626526,3852.509265
11315.53719,20791.81752,28463.56266,-1053.287186,3335.731923,3996.503356,1410.9022,8545.025185,7894.431737,-7.322334025,9688.80482,9692.227637,0.077721512,9669.112545,9669.045528,-0.031294783,9673.105693,9673.119668,-0.109775493,9677.958684,9678.054356,-7.320556139,9689.753812,9693.137168,1452.149698,8479.957487,7819.527431,-1034.020255,3349.346163,3991.377507
11676.52409,21473.43599,29365.96429,-994.6046109,3550.062178,4164.562201,1584.679449,8210.215181,7513.52674,-6.525235344,9547.784254,9550.382345,-0.006949699,9520.559771,9520.56372,-0.359697397,9521.73824,9521.914359,-0.084989428,9524.235168,9524.306866,-6.594828703,9547.562052,9550.206876,1577.248575,8221.700548,7526.589332,-998.1322514,3547.460117,4165.539127
11808.57201,21897.83179,29873.55295,-986.9618973,3593.545387,4203.4881,1609.669843,8176.348801,7473.108521,-6.17918993,9535.498971,9537.852251,-0.206046771,9515.785788,9515.961928,-0.44979097,9507.885534,9508.106341,0.10117573,9501.319207,9501.228623,-6.149318697,9535.564468,9537.898746,1611.846901,8172.803895,7469.021426,-985.8869699,3594.043873,4202.868297
11007.99781,19780.38206,27255.44757,-1068.935223,3186.093217,3857.078643,1320.338589,8800.952544,8179.798089,-6.056903752,9870.056808,9873.043304,0.001101023,9860.823801,9860.823465,0.033536185,9860.874336,9860.85701,-0.008877826,9861.296335,9861.304652,-6.169562776,9870.493269,9873.523894,1347.766299,8757.991635,8129.708591,-1056.684882,3195.206424,3854.520872
11313.91543,20657.98524,28373.8798,-1049.021209,3346.296383,3996.594596,1443.313943,8681.00209,8022.890212,-6.873532929,9876.120932,9879.446454,-0.025100098,9865.334767,9865.35707,0.030046431,9864.19249,9864.176628,0.01279835,9863.544129,9863.533571,-6.642271089,9874.911009,9878.158802,1375.32167,8786.173063,8145.401382,-857.9774904,3753.947017,4206.978474
11458.99804,20800.91209,28576.97384,-1039.015335,3433.552953,4079.819388,1486.622935,8511.596163,7839.606239,-7.520970628,9736.401151,9739.884603,-0.042092709,9721.097912,9721.134633,-0.034804093,9719.463222,9719.478806,0.008233176,9718.722756,9718.71582,-7.521203601,9736.446912,9739.928651,1488.595086,8508.566983,7836.11571,-1038.100862,3434.24058,4079.60797
10767.59805,18983.89061,26299.38928,-1066.263456,3083.315554,3751.746016,1271.047628,8936.239264,8333.472817,-4.976712203,9979.195289,9981.707285,0.001926388,9972.87939,9972.878093,0.030150295,9972.931275,9972.915985,-0.004042803,9973.161803,9973.165681,-4.964200037,9979.164649,9981.670992,1268.468561,8940.274039,8338.211886,-1067.379053,3082.454705,3751.937417
11380.4129,21087.41687,28841.73009,-1019.245553,3398.911154,4025.308607,1507.096517,8450.445011,7775.575039,-7.425149809,9728.207764,9731.62724,-0.029730381,9712.14776,9712.173868,-0.020300927,9711.034131,9711.042645,-9.25E-05,9710.750738,9710.751131,-7.366788842,9725.542116,9729.037369,1388.844199,8635.160825,7988.465039,-850.6727477,3780.657222,4233.548812
11290.30983,20272.58561,27937.72977,-1054.968387,3324.075247,3978.875907,1425.433628,8742.934992,8090.164711,-6.587892413,9919.628231,9922.84803,0.070677379,9905.60197,9905.541307,0.033614501,9908.956689,9908.939208,-0.080195559,9912.735727,9912.805861,-6.516375074,9919.343736,9922.535695,1408.173714,8768.915219,8120.529961,-1062.61878,3318.018483,3980.210002
11248.22188,20387.96382,28023.76304,-1053.038665,3314.459314,3971.20494,1412.013393,8639.476543,7989.918922,-6.997324633,9797.853396,9801.204731,-0.139322083,9791.352412,9791.473731,0.017362356,9784.886693,9784.876904,0.121523132,9779.033353,9778.928431,-6.970561466,9797.641886,9800.987158,1401.216652,8656.336315,8009.470319,-1057.995575,3310.886738,3972.419847
11079.45496,20133.14179,27673.4947,-1085.861446,3150.066416,3833.494637,1280.357432,9025.85491,8418.850254,-4.765696325,10046.86136,10049.28713,0.004367514,10041.13327,10041.13049,0.027060904,10041.28322,10041.26974,-0.004918426,10041.57364,10041.57891,-4.730786991,10046.77998,10049.18982,1272.983263,9037.47219,8432.543593,-1089.149544,3147.685688,3834.208495
11081.55126,20139.80582,27664.64938,-856.9068594,3643.252086,4098.240494,1325.20744,8729.144721,8104.748638,-6.532339453,9786.930302,9790.108737,0.156108614,9768.610953,9768.47604,0.026642684,9776.040027,9776.025848,-0.169216103,9783.974528,9784.121811,-6.569463021,9787.151143,9790.340996,1337.165607,8709.985195,8082.593022,-1066.666763,3220.938765,3891.50297
11344.06973,20973.6734,28695.09127,-850.7959654,3758.447289,4210.007925,1380.957685,8653.539373,8010.014803,-7.210753658,9743.428826,9746.870727,-0.073228282,9733.014309,9733.078528,-0.0015158,9729.757028,9729.756474,0.049243552,9727.236175,9727.194144,-7.289517322,9744.799845,9748.22948,1444.6193,8552.898565,7894.020056,-1043.316961,3356.623819,4005.836572
11339.03197,20583.41855,28297.21909,-1067.893172,3327.879996,3995.019168,1403.735656,8784.610282,8137.059454,-6.515977748,9921.788215,9924.983977,0.116988668,9905.94694,9905.84607,0.033806414,9911.4933,9911.475709,-0.126560305,9917.464585,9917.57485,-6.604905581,9922.172814,9925.401673,1427.042665,8748.875221,8095.22088,-1057.361222,3335.403092,3992.362471
11004.83616,19818.66728,27299.66314,-1078.083759,3155.247928,3833.217035,1292.230846,8922.626321,8310.967238,-5.362385112,9960.656335,9963.347822,-0.086547404,9957.714528,9957.79006,0.033038121,9953.583857,9953.567049,0.083136777,9949.686177,9949.614609,-5.460187914,9960.941092,9963.674697,1313.830901,8888.54677,8270.968077,-1068.447261,3162.067283,3830.911083
11104.85843,20180.18996,27712.55016,-1071.647514,3209.300151,3883.537773,1325.365924,8766.045965,8142.313626,-6.320777549,9829.52038,9832.616807,-0.084906084,9823.469577,9823.544068,0.030983446,9819.474353,9819.458245,0.075061021,9815.912241,9815.847993,-6.357551552,9829.671064,9832.781782,1334.046418,8752.596093,8126.773108,-1067.766106,3212.692547,3883.247934
11596.58473,21147.05943,28970.15019,-995.014744,3516.31373,4128.876178,1574.761244,8221.166971,7527.938304,-6.650754404,9558.880139,9561.578477,-0.206123619,9542.112187,9542.289385,-0.309816364,9533.741751,9533.89314,0.121832838,9526.666066,9526.558558,-6.699553525,9558.680896,9561.413645,1567.972688,8231.411769,7539.574843,-998.1528581,3513.738633,4129.466162
11240.07878,20641.62898,28272.56139,-1062.906924,3264.088166,3929.38188,1371.34254,8720.505251,8083.166569,-6.599425466,9835.003769,9838.213881,0.263956936,9811.458322,9811.229988,0.028922651,9823.970948,9823.955716,-0.275840887,9836.96339,9837.203191,-6.5437688,9834.663107,9837.856921,1352.084219,8751.49259,8119.280578,-1071.907222,3258.488758,3932.402994
10624.0541,18993.57141,26218.06547,-889.2687119,3370.643142,3856.679801,1147.191172,9146.142537,8584.481996,-3.644262543,10051.23456,10053.12123,-0.047543116,10049.91447,10049.95599,0.019322911,10047.62435,10047.61468,0.047643927,10045.40531,10045.36432,-3.81333123,10051.55289,10053.52008,1183.388762,9087.342239,8515.283768,-1069.937223,2954.066108,3628.865931
11252.97338,20547.04542,28193.59108,-1067.618915,3294.814821,3965.354927,1376.633211,8698.505695,8058.130505,-6.862660374,9805.408543,9808.720327,-0.12706654,9799.181834,9799.292558,0.018074251,9793.289241,9793.279115,0.109627707,9788.001728,9787.907166,-7.087633482,9807.001452,9810.371849,1459.065693,8571.507427,7910.62771,-1030.39912,3322.337487,3956.817164
10432.32997,18420.54265,25489.43944,-1066.462199,2877.533634,3553.112101,968.5411464,9355.701942,8963.214676,-3.791193385,9986.431614,9988.38268,0.144667149,9975.63619,9975.510989,0.020631805,9982.446117,9982.435754,-0.144925503,9989.340535,9989.46643,-3.81709637,9986.479788,9988.443281,974.7605368,9349.914207,8954.774912,-1064.324259,2879.41781,3553.012061
11280.38025,20680.47102,28324.88341,-1041.78359,3323.825615,3972.599222,1427.940391,8528.977964,7875.285978,-7.243066525,9709.975073,9713.364397,0.267978847,9681.663285,9681.431082,-0.014096584,9694.565033,9694.570559,-0.295628391,9708.255725,9708.512532,-7.22250272,9709.395154,9712.796728,1401.694263,8570.361058,7922.97466,-1053.984041,3315.070724,3975.660286
10820.28342,19368.88058,26759.78296,-1074.545364,3064.203233,3738.032921,1252.288527,9107.025755,8512.038047,-3.921991579,10129.69039,10131.7169,0.009427026,10125.28638,10125.27842,0.018934772,10125.6974,10125.68792,-0.009279111,10126.17333,10126.18158,-3.641398632,10129.18666,10131.07825,1191.974281,9201.826155,8624.340319,-897.42693,3478.448226,3966.836414
11197.57178,20226.94127,27814.2895,-1048.446608,3303.257645,3957.575785,1408.562194,8577.372883,7928.911195,-7.129904934,9735.960365,9739.330369,-0.122864069,9727.227674,9727.334654,-0.002448995,9721.636267,9721.63609,0.098579921,9716.776826,9716.69169,-7.156418581,9736.332385,9739.701804,1426.101752,8550.014683,7897.290701,-1040.42792,3309.083975,3955.62629
11504.83807,21085.98605,28887.41132,-1036.027027,3427.614337,4070.055506,1491.82481,8517.648567,7844.729664,-7.489038235,9754.623907,9758.10508,0.111933022,9732.504684,9732.408035,-0.023585303,9738.088972,9738.099114,-0.142664239,9744.523111,9744.647306,-7.488352587,9754.356627,9757.84846,1479.909399,8536.278414,7866.338885,-1041.605349,3424.045972,4071.990791
10660.59161,19025.61629,26259.8143,-1074.049839,2951.420881,3629.619495,1175.451168,9125.940074,8556.477001,-3.641188816,10078.29725,10080.18276,-0.161378765,10082.36528,10082.50543,0.017848951,10074.68492,10074.67601,0.16155785,10067.06735,10066.9276,-3.624291272,10078.25707,10080.13516,1170.442298,9134.667246,8566.832573,-1076.375461,2950.557434,3630.910065
11190.28496,20190.14429,27758.79663,-1040.5642,3301.000796,3948.441832,1419.344284,8534.366786,7883.628867,-7.169799005,9713.235387,9716.597787,0.179524983,9689.458946,9689.303521,-0.010848508,9698.171977,9698.175909,-0.206131884,9707.654696,9707.833884,-7.159021662,9713.08455,9716.447052,1412.438806,8544.994698,7895.855502,-1043.685461,3298.475993,3948.938171
11115.27996,20343.53772,27886.31724,-857.0405361,3640.883576,4096.298518,1323.445461,8724.251579,8100.483493,-6.551359334,9779.627234,9782.813455,0.006397613,9768.318354,9768.313913,0.025638883,9768.665415,9768.651898,-0.019017241,9769.518759,9769.536365,-6.560577719,9779.692413,9782.880989,1326.970002,8718.488232,8093.805344,-855.2289114,3642.245506,4095.80367
11269.52795,20353.33039,27976.75894,-1046.77299,3331.41228,3984.749556,1423.736733,8549.314257,7895.996687,-7.253381685,9719.068856,9722.470611,-0.161473365,9711.173048,9711.3135,-0.016303544,9703.821502,9703.828093,0.133157278,9697.271265,9697.156095,-7.277103904,9719.546191,9722.941797,1445.263143,8516.08157,7857.719062,-1036.944228,3339.020511,3982.804141
11124.58312,20024.69126,27589.71086,-1071.888175,3235.188481,3906.915397,1346.79271,8833.094218,8203.540182,-6.034808876,9921.863163,9924.850045,-0.062810883,9915.944326,9915.999297,0.034968555,9912.962643,9912.944636,0.056035932,9910.323755,9910.27569,-6.148699158,9922.271588,9925.304407,1373.587717,8791.601994,8154.974174,-1059.915357,3243.969417,3904.243764
11425.31783,20927.54982,28674.65206,-1022.222794,3415.619336,4046.398054,1505.034862,8431.404154,7756.308056,-7.440681488,9698.064131,9701.451778,-0.036469085,9681.124655,9681.156598,-0.053806163,9679.822929,9679.847915,-0.001347758,9679.466106,9679.467579,-7.466031207,9697.00016,9700.44455,1460.449269,8500.139485,7835.438995,-1042.822696,3400.401901,4051.452508
10790.70383,19115.14151,26417.21632,-1067.601525,3069.374408,3740.619191,1256.09984,8894.927365,8296.021396,-5.221137006,9918.417198,9921.034788,-0.111461336,9916.778125,9916.875328,0.032086765,9911.473434,9911.457117,0.108039218,9906.400257,9906.307128,-5.365674484,9918.80724,9921.488776,1285.589759,8848.902366,8242.235928,-1054.89686,3079.741569,3738.994231
11437.4428,20919.71685,28690.3533,-1050.564177,3406.391829,4063.362658,1454.418526,8559.931202,7896.374088,-7.454640971,9742.440452,9745.931385,-0.094792594,9730.798766,9730.881281,-0.021098515,9726.618739,9726.627625,0.064538103,9723.27823,9723.22253,-7.462869544,9742.87055,9746.348599,1473.449266,8530.312712,7862.21434,-1041.659694,3412.837167,4061.101917
11496.78561,21257.55672,29085.75876,-1032.920211,3437.582922,4077.259543,1501.264548,8502.920789,7827.560962,-7.516457835,9750.496214,9753.981675,0.047078672,9731.173096,9731.13255,-0.021037998,9733.690817,9733.699666,-0.077463562,9737.052446,9737.119931,-7.493952912,9749.075062,9752.605668,1438.535514,8600.624433,7940.246007,-834.6052101,3840.70044,4277.200778
10882.32033,19644.43566,27055.73746,-1060.738325,3087.30246,3749.22071,1287.983982,8976.610044,8370.025264,-4.638618896,10047.21323,10049.57448,-0.0379004,10043.6185,10043.65182,0.02527293,10041.77744,10041.76474,0.037287755,10040.05487,10040.02302,-4.279175459,10046.44643,10048.64043,1213.186998,9094.103361,8508.585577,-888.4844002,3495.114396,3976.27644
11094.46877,20040.95998,27575.4363,-1073.443176,3188.536241,3861.374223,1320.701874,8897.866086,8277.556581,-5.551921824,9967.52237,9970.300221,-0.275555275,9973.06508,9973.304374,0.033405174,9959.998915,9959.981874,0.271399269,9947.188081,9946.953239,-5.668270087,9967.863153,9970.691117,1346.008761,8858.71331,8231.562138,-1062.283735,3196.759929,3858.97224
11405.96906,20811.89433,28563.67385,-1051.938092,3377.854681,4032.807149,1447.764222,8638.019047,7977.501303,-7.16786569,9824.208178,9827.635347,-0.159474294,9818.187254,9818.326056,0.01706291,9810.772348,9810.762685,0.1411307,9803.986242,9803.864357,-7.100120263,9823.672482,9827.084156,1420.699226,8679.822909,8025.964473,-1064.424786,3368.534775,4035.591896
11410.29451,20950.11815,28691.24604,-1054.238355,3363.817596,4022.47026,1432.141513,8614.397146,7958.149381,-7.232944351,9780.654881,9784.093435,0.207854162,9756.622179,9756.442412,0.006494049,9766.604197,9766.599687,-0.229656113,9777.281565,9777.481281,-7.208525088,9780.456328,9783.889248,1422.676808,8628.737146,7974.625096,-1058.538231,3359.992634,4022.792189
10951.33097,19712.85967,27134.26198,-1065.876679,3139.799442,3808.738693,1298.862215,8815.198737,8201.838561,-5.824243483,9872.653009,9875.53721,-0.046614488,9866.331751,9866.373104,0.033273548,9864.105816,9864.088813,0.040743057,9862.202528,9862.168124,-5.84496525,9872.737491,9875.629486,1304.487372,8806.040074,8191.116293,-1063.305703,3141.328897,3807.829443
11278.04853,20405.17986,28056.97283,-1061.070899,3319.85313,3983.98055,1401.316776,8672.393501,8025.11032,-6.959173636,9808.921399,9812.268491,-0.08473088,9800.26102,9800.335069,0.019087515,9796.363057,9796.352451,0.067608985,9793.065851,9793.007776,-7.00558997,9809.248704,9812.608055,1418.127718,8646.375893,7994.968653,-1053.389467,3325.703442,3982.417545
10902.57031,19743.80274,27184.68407,-1068.42869,3109.180978,3778.183196,1285.184339,8962.01584,8354.92796,-4.849378003,10014.48371,10016.94202,-0.051360068,10011.0738,10011.11865,0.027880227,10008.60048,10008.58639,0.050077197,10006.27121,10006.22813,-4.484432022,10013.63229,10015.92394,1209.108955,9083.144888,8497.255039,-896.666189,3514.394009,4003.827799
11100.85324,20272.92452,27823.68657,-1068.794988,3190.405488,3859.690832,1327.386025,8853.490542,8231.345426,-5.741979661,9932.708895,9935.56817,-0.318744699,9939.730667,9940.007449,0.033525165,9924.629799,9924.612671,0.313979268,9909.804462,9909.532684,-5.564804853,9932.157519,9934.941636,1288.564989,8914.504116,8302.645059,-873.580469,3608.400564,4075.586212
11023.07436,19953.19617,27434.90345,-1041.519191,3199.249195,3844.634602,1376.565619,8691.782441,8056.361846,-6.370693712,9852.109392,9855.216201,0.236804463,9830.446149,9830.241272,0.032024829,9841.649055,9841.632396,-0.245933839,9853.25572,9853.469492,-6.095144501,9850.989148,9853.990123,1308.116844,8798.321803,8180.486739,-1071.849134,3176.283595,3850.630277
10898.29044,19761.48519,27130.36868,-892.3600371,3458.710256,3946.860607,1186.641811,9036.941011,8458.59503,-4.568778312,9955.754,9958.079675,-0.326952571,9965.96162,9966.24581,0.027243949,9950.448992,9950.435326,0.325481734,9935.09805,9934.816564,-4.877872085,9956.460224,9958.928723,1245.878196,8943.242754,8349.316947,-1068.614889,3054.193256,3726.15726
11075.58662,19943.80833,27493.2038,-1068.777835,3216.799348,3884.720206,1345.527068,8870.863411,8242.911759,-5.697438057,9967.714104,9970.557213,0.043623409,9957.796666,9957.759316,0.034295819,9959.828195,9959.8107,-0.047658034,9962.11501,9962.156788,-5.513151415,9967.165582,9969.929548,1305.489157,8933.297056,8316.104489,-1086.711578,3203.445905,3888.389777
11186.23052,20206.60031,27809.51318,-1069.467408,3257.081878,3926.394115,1362.855047,8812.069001,8177.549023,-6.190202144,9916.839276,9919.892868,0.003210869,9907.32959,9907.327597,0.03433054,9907.471959,9907.454286,-0.010670393,9907.984485,9907.994529,-6.315438831,9917.305875,9920.409335,1392.59677,8766.438414,8124.168293,-1056.226712,3267.040729,3923.64721
11253.98512,20425.3551,28074.80064,-1058.642034,3304.139615,3964.472564,1402.221356,8709.705445,8063.17572,-6.723082657,9856.712214,9859.975471,-0.142657777,9851.993768,9852.11799,0.029180674,9845.298537,9845.283107,0.130238651,9839.097204,9838.984786,-6.665684239,9856.406028,9859.650275,1385.035274,8736.461988,8094.329076,-1066.489527,3298.488774,3966.374641
11561.68351,21399.98898,29227.17538,-838.4822324,3825.211051,4264.961111,1427.038598,8619.098856,7962.094132,-7.42418296,9755.554672,9759.068906,-0.333397646,9756.225416,9756.51535,-0.013088201,9740.734957,9740.740081,0.305920672,9726.046472,9725.78184,-7.487176705,9756.75494,9760.256021,1480.890841,8536.209673,7866.818517,-1040.220063,3420.735218,4067.180497
11085.649,20257.22431,27796.30528,-872.360778,3609.051693,4076.425532,1289.228131,8871.465113,8258.74419,-5.819490808,9887.666894,9890.560028,-0.107234881,9884.476231,9884.569875,0.034269329,9879.388353,9879.370774,0.101035508,9874.628379,9874.54143,-5.984755287,9888.289298,9891.247676,1329.851913,8806.445451,8182.89723,-1066.461725,3192.814644,3860.915128
11050.51856,19866.41851,27350.98538,-1051.29493,3240.055687,3897.709586,1369.566091,8598.053284,7961.553226,-6.927486204,9722.837459,9726.131389,0.030314033,9707.812638,9707.786781,0.00414719,9709.416014,9709.412659,-0.052101316,9711.70197,9711.74762,-6.98600024,9723.461313,9726.761994,1399.766246,8550.686569,7906.838631,-1037.610613,3250.152167,3894.616917
10996.07091,19854.84413,27350.36596,-1086.097781,3139.040696,3823.299701,1272.266901,9016.092752,8411.273452,-4.796331368,10028.79124,10031.22905,0.019243674,10022.24678,10022.23053,0.028427662,10023.114,10023.09966,-0.020526795,10024.13033,10024.14854,-4.728584071,10028.62918,10031.03625,1257.944079,9038.850878,8438.048274,-1092.520554,3134.396849,3824.688534
11287.46906,20378.33502,28001.54866,-1027.384394,3353.671787,3989.600991,1465.260098,8448.424942,7784.999634,-7.318742705,9679.528763,9682.881824,-0.044638718,9663.835495,9663.87485,-0.050243601,9662.123809,9662.147153,0.008478588,9661.330576,9661.323839,-7.316864681,9679.463082,9682.817677,1462.493332,8452.550074,7789.719813,-1028.614081,3352.558886,3989.689195
11626.60974,21474.5277,29380.96879,-1033.687815,3488.798521,4130.240074,1521.628951,8498.274652,7816.330699,-7.646098929,9754.336684,9757.863184,-0.074998041,9739.911733,9739.977144,-0.036589427,9736.729991,9736.74648,0.040524449,9734.459411,9734.424616,-7.653519669,9753.47705,9757.042208,1484.945596,8554.867459,7881.528098,-819.2714032,3901.165949,4323.375822
10924.16852,19337.34266,26746.19635,-1054.973794,3156.942682,3813.537999,1335.078986,8839.241792,8216.418156,-5.606621854,9951.873289,9954.668564,-0.075937785,9947.677794,9947.744121,0.033430184,9944.054061,9944.037017,0.07205532,9940.678475,9940.616498,-5.433370965,9951.38704,9954.106603,1298.734456,8895.231674,8282.086535,-1070.746896,3144.611987,3816.196648
11361.12086,20773.43489,28481.99703,-1048.031418,3366.209442,4020.675827,1438.917054,8552.428175,7894.29143,-7.345136093,9729.115492,9732.561547,-0.129082927,9719.545474,9719.657851,-0.011334477,9713.702176,9713.706335,0.101832678,9708.647853,9708.559899,-7.321369554,9728.425731,9731.886567,1407.864475,8601.437345,7950.693483,-838.5836711,3779.667101,4219.571123
11202.69604,20233.83472,27836.93826,-1064.602558,3253.005517,3917.172182,1371.230886,8817.838915,8181.755712,-6.084789053,9939.385311,9942.395865,-0.106128546,9935.416535,9935.509323,0.034772862,9930.375682,9930.35788,0.100103271,9925.662776,9925.576777,-6.032824887,9939.230325,9942.218304,1360.956055,8833.078609,8199.51425,-1069.041262,3248.853988,3917.257984
10570.04993,18696.35393,25875.791,-1062.457938,2909.224106,3577.094793,1172.596705,9214.625157,8649.547758,-2.954484735,10190.56333,10192.11675,0.098221157,10183.42277,10183.33786,0.010746982,10188.05599,10188.05068,-0.097628374,10192.71225,10192.79705,-2.840346641,10190.3953,10191.89226,1144.296081,9259.689758,8703.184039,-1074.244166,2900.397354,3579.223939
11013.08018,19653.71603,27094.42569,-1043.129668,3202.756177,3850.637625,1372.044792,8660.954124,8026.309796,-6.548230315,9811.979458,9815.148469,-0.131444713,9806.808479,9806.923283,0.026849952,9800.645594,9800.631407,0.119227539,9794.970349,9794.867726,-6.498218139,9811.773147,9814.922749,1360.433244,8678.30971,8046.393693,-1048.105835,3198.135623,3850.786619
10854.53664,19369.63857,26750.01423,-1072.388467,3059.900766,3732.056648,1253.135222,9095.056549,8499.925276,-3.999747055,10121.97221,10124.03543,0.21237498,10107.8006,10107.61679,0.019767399,10117.82906,10117.81916,-0.21243303,10127.93226,10128.11656,-3.911403552,10121.81133,10123.83219,1234.288393,9124.261821,8534.563748,-1080.409514,3053.695224,3733.382466
11013.33096,20004.73937,27523.08975,-888.2550927,3590.192893,4072.056355,1257.29399,8967.062552,8363.664359,-5.385891397,9937.69181,9940.398018,-0.094687616,9935.177036,9935.259634,0.034258495,9930.671463,9930.653961,0.090131573,9926.43829,9926.360653,-5.945880252,9939.412086,9942.356518,1379.85948,8775.70529,8139.647506,-1044.571362,3201.915028,3847.99457
11067.75938,20042.02789,27544.90783,-1053.563464,3221.078078,3879.368174,1360.453403,8662.878917,8029.809219,-6.654282678,9782.329959,9785.541227,-0.165511235,9778.346224,9778.490322,0.023892108,9770.602241,9770.589378,0.151234528,9763.389534,9763.258872,-6.598077901,9781.965135,9785.16055,1340.814823,8694.16563,8066.097266,-1062.55219,3214.81011,3881.696605
11312.45574,20564.1712,28261.96487,-1066.917044,3334.980615,4003.692172,1401.591431,8712.774536,8064.922397,-6.889831044,9841.685751,9845.018988,-0.054189278,9832.197666,9832.245171,0.023803024,9829.719104,9829.7062,0.03875707,9827.805711,9827.772615,-7.006262465,9842.430141,9845.796984,1441.147703,8651.666639,7993.873247,-1048.832344,3348.209436,3999.418064
11156.38264,20225.86715,27772.9237,-1043.384428,3270.973667,3921.015775,1399.383929,8559.360286,7914.827493,-7.055830025,9719.128538,9722.463066,0.208160444,9694.94996,9694.769841,0.002500967,9704.951103,9704.948581,-0.230496517,9715.647854,9715.848333,-6.979294068,9718.238497,9721.566862,1357.095788,8626.044025,7991.602046,-844.9208717,3680.375643,4125.814955
11074.82081,19911.625,27418.6169,-1076.314653,3187.214083,3864.118159,1310.692734,8857.825713,8239.375766,-5.823258347,9909.614262,9912.506809,-0.098619726,9905.952777,9906.039197,0.033954162,9901.266777,9901.249435,0.09287354,9896.901442,9896.821825,-6.038858995,9910.326331,9913.308787,1358.22186,8784.443589,8153.688068,-1055.335277,3203.819932,3860.753705
11439.9134,20973.97549,28732.61421,-1040.182017,3404.432298,4052.256301,1468.899485,8504.896428,7838.28963,-7.464549139,9714.013614,9717.470245,-0.048790019,9699.144483,9699.187331,-0.034910337,9697.18436,9697.200111,0.015543977,9696.109602,9696.096634,-7.464823189,9713.633716,9717.10575,1452.594743,8530.257265,7867.45035,-1047.804984,3398.731462,4054.000631
10913.26489,19632.78594,27018.5316,-1074.197679,3085.185528,3761.628899,1255.379135,8927.857293,8328.652984,-5.122292318,9940.691408,9943.26842,0.205230736,9924.410637,9924.233423,0.030953256,9934.07513,9934.059482,-0.207932469,9943.951302,9944.132313,-5.246142081,9940.988709,9943.622519,1278.328686,8892.840346,8287.839533,-1064.451852,3094.429832,3761.6942
11361.49344,20738.16885,28417.15718,-1020.253049,3379.105243,4008.644434,1488.760791,8409.23047,7739.390774,-7.333822467,9667.681331,9671.001947,-0.199293838,9658.164357,9658.337527,-0.066778261,9649.232378,9649.263768,0.158924696,9641.271251,9641.133569,-7.365267225,9667.039816,9670.403795,1462.157653,8450.634408,7787.143936,-1032.518134,3370.698022,4012.328388
11406.07644,21071.62636,28818.74565,-1067.609357,3335.121195,4005.021744,1398.760267,8703.126858,8056.222723,-6.95065321,9826.489411,9829.846144,-0.443456161,9835.118142,9835.503195,0.019429135,9814.269081,9814.258353,0.426629862,9794.013506,9793.644002,-7.075882282,9827.321496,9830.713361,1442.026177,8636.57495,7979.034526,-1047.853555,3350.240712,4001.044531
11184.6067,20548.03194,28144.90576,-854.6769052,3680.870226,4135.290107,1343.021596,8678.913707,8048.00568,-6.88099639,9745.109316,9748.420714,0.020650756,9731.637348,9731.620182,0.012686294,9732.73983,9732.732413,-0.039439626,9734.47604,9734.511003,-6.975054354,9746.056819,9749.381221,1389.824703,8604.044796,7961.577337,-1050.478885,3272.192323,3928.200218
10811.73713,19190.57533,26515.27645,-1069.544528,3085.750556,3758.611461,1262.025446,8881.343416,8279.935201,-5.369777701,9905.56511,9908.24925,0.161371201,9890.648646,9890.509196,0.032948942,9898.249806,9898.232978,-0.165732297,9906.112044,9906.256238,-5.609305469,9906.260298,9909.048184,1312.503007,8802.620366,8187.92568,-1047.707349,3103.055612,3755.246144
11128.71852,19893.1166,27441.00561,-1051.026006,3279.903287,3934.60815,1398.752176,8650.677705,8005.766372,-6.848677285,9805.236787,9808.529054,-0.051636745,9795.192679,9795.237958,0.021256841,9792.845824,9792.834167,0.035622178,9791.071587,9791.041184,-6.849343416,9805.242073,9808.534484,1399.033009,8650.232577,8005.24735,-1050.896968,3279.983472,3934.563497
10653.93412,18839.50465,26096.27082,-1080.63666,2945.595352,3627.467281,1166.702913,9304.074947,8740.035481,-2.684546666,10248.6518,10250.07387,-0.074188235,10250.11118,10250.17557,0.008939182,10246.56906,10246.56465,0.07475719,10243.0418,10242.97715,-2.653846552,10248.6085,10250.01532,1158.566558,9317.058914,8755.54571,-1084.087278,2943.15467,3628.228943
11675.36711,21810.46712,29747.70862,-814.028462,3908.867808,4328.312833,1492.367781,8506.673876,7831.34411,-7.697221773,9712.968608,9716.505587,-0.02895255,9695.737402,9695.763042,-0.072598893,9694.858694,9694.892988,-0.01326591,9694.994049,9695.006086,-7.616639285,9714.241057,9717.682759,1543.817919,8427.117621,7739.882237,-1021.895141,3503.83562,4135.638677
11056.51701,19812.13051,27318.06902,-1054.552889,3213.114756,3868.943695,1365.851924,8782.691106,8149.305712,-6.069766967,9917.227353,9920.222313,-0.041259791,9910.028951,9910.065346,0.034532052,9908.062097,9908.044357,0.034893577,9906.427271,9906.397642,-5.964383796,9916.862669,9919.814595,1341.49569,8820.295562,8193.35316,-1065.299516,3205.185458,3871.294167
11372.05866,20638.53126,28325.12824,-1033.976288,3384.33577,4027.325487,1466.486416,8456.840262,7791.529905,-7.395901027,9673.319644,9676.70041,-0.168904008,9663.02179,9663.168477,-0.063547807,9655.514926,9655.544686,0.128955119,9648.97492,9648.863142,-7.389430882,9673.664414,9677.02799,1480.667023,8435.230603,7766.766769,-1027.503796,3389.618136,4026.263744
11426.85545,20985.60468,28747.74357,-1056.322553,3381.268225,4042.552614,1435.408356,8605.849035,7947.88551,-7.322822878,9768.355333,9771.823272,-0.233065597,9764.587015,9764.789561,-0.002192096,9753.793558,9753.793236,0.208280442,9743.749073,9743.568797,-7.34204106,9768.663029,9772.129055,1449.738272,8583.519716,7922.096098,-1049.636945,3386.156437,4040.941794
10882.97997,19382.94999,26777.33203,-1043.912883,3156.879616,3804.112947,1352.29219,8764.511578,8137.11155,-5.91495082,9906.842318,9909.764511,-0.042312059,9900.016293,9900.053498,0.034086752,9897.996308,9897.978827,0.036815843,9896.276733,9896.245325,-5.640563791,9905.972712,9908.779297,1292.062448,8857.709847,8246.156579,-1070.114335,3136.702864,3808.879454
10985.17672,19899.27933,27324.69624,-1061.583528,3134.313711,3800.011552,1301.387144,8778.968634,8164.889592,-5.958754384,9843.884374,9846.820345,0.333157171,9819.071085,9818.782789,0.031890683,9834.809775,9834.793338,-0.340714221,9850.910221,9851.206374,-5.995507433,9843.961568,9846.915357,1306.028326,8772.901937,8158.053562,-1059.838411,3137.501353,3801.557445
11379.12511,20651.68107,28359.34357,-1040.606096,3375.974721,4021.92355,1461.292694,8554.2158,7890.540417,-7.328839446,9765.668611,9769.112534,0.017722534,9749.374389,9749.359782,-0.007160332,9750.432294,9750.434492,-0.043330083,9752.256616,9752.294967,-7.327918841,9765.688852,9769.131363,1462.258543,8552.599423,7888.637882,-1040.135352,3376.116192,4021.598522
11503.42153,21104.05416,28888.50293,-1029.0558,3436.010987,4075.182553,1497.491685,8427.662294,7753.448591,-7.473659233,9670.778104,9674.154423,0.240451008,9639.821552,9639.612747,-0.090868979,9651.72897,9651.772136,-0.286677821,9664.680758,9664.929355,-7.437342884,9671.23867,9674.576513,1515.888476,8399.235991,7720.74211,-1020.502358,3442.099815,4072.789015
11437.66122,20911.34815,28648.81776,-1015.96686,3429.798974,4057.564264,1513.231297,8352.857849,7675.631475,-7.2898237,9627.278184,9630.494622,-0.078990053,9609.729248,9609.797579,-0.126527165,9606.699193,9606.759992,0.026103256,9604.774688,9604.75181,-7.362355895,9626.662776,9629.943558,1489.60536,8389.479688,7717.611179,-1026.970635,3421.796192,4060.463847
11156.75179,20350.89984,27906.52928,-1058.053133,3249.143268,3912.590784,1363.937182,8634.57528,7999.303839,-6.889166705,9743.578819,9746.87696,0.02805035,9729.332396,9729.309225,0.011531504,9730.775494,9730.768769,-0.046440434,9732.849231,9732.890685,-6.911468545,9743.815233,9747.115855,1375.725481,8615.682539,7977.43551,-1052.578793,3252.807394,3910.997646
11323.53025,20806.95322,28504.5085,-844.3412546,3754.754812,4198.42406,1391.247241,8652.666203,8007.187104,-7.123977231,9765.495193,9768.900698,0.037325654,9750.19005,9750.158237,0.006361004,9752.118861,9752.114424,-0.058996003,9754.739124,9754.790861,-7.201324933,9766.444323,9769.853636,1436.886403,8580.848145,7924.162606,-1045.564446,3343.879443,3994.456033
11258.7905,20304.12635,27947.2652,-1058.360782,3311.74873,3971.788585,1406.738704,8705.470491,8057.463819,-6.772560172,9856.552136,9859.834397,-0.027877318,9846.193038,9846.217935,0.02723546,9844.929824,9844.915361,0.014646146,9844.184196,9844.17222,-6.823955493,9856.821355,9860.12093,1421.651306,8682.684436,8030.936826,-1051.664433,3316.859642,3970.426501
11252.69173,20639.78993,28287.13306,-1060.847221,3282.917789,3946.159676,1384.865827,8706.427335,8065.124526,-6.699460552,9834.176638,9837.427599,0.279432592,9809.531924,9809.290089,0.027948274,9822.785427,9822.770622,-0.292142621,9836.537791,9836.791646,-6.609681116,9833.678747,9836.900684,1357.307448,8749.797515,8115.481743,-1073.533661,3273.687374,3949.076566
10910.35031,19282.49306,26681.78607,-1055.876087,3142.512545,3799.459692,1327.751801,8882.892086,8262.823423,-5.333481432,9991.448664,9994.1252,-0.158587968,9991.926695,9992.064561,0.031817163,9984.386055,9984.369884,0.155748508,9977.052922,9976.918309,-5.251275694,9991.243561,9993.883058,1311.095191,8908.185847,8292.592608,-1062.970825,3136.803129,3800.500058
11337.28541,20823.07955,28514.95446,-1062.790136,3317.968228,3984.269071,1395.642396,8665.810696,8019.958806,-6.993144492,9792.852532,9796.21141,-0.127969083,9786.059818,9786.171732,0.016685619,9780.121544,9780.112218,0.110512538,9774.797151,9774.702217,-7.013054967,9792.943389,9796.30987,1400.125123,8659.329519,8012.584412,-1060.847735,3320.256389,3984.707558
11162.02018,20151.20846,27720.07481,-1052.078296,3248.280183,3901.813629,1388.066846,8739.936709,8099.352709,-6.367090829,9893.516508,9896.634178,0.128320577,9877.279501,9877.168966,0.033186594,9883.349171,9883.331997,-0.136852867,9889.815572,9889.934959,-6.291097606,9893.190498,9896.280003,1367.708577,8771.713055,8136.598491,-1061.216403,3242.237687,3904.562068
11251.4363,20536.81591,28176.95321,-1050.945086,3308.282289,3963.558902,1410.955626,8621.07464,7972.025007,-7.024717989,9780.797571,9784.152264,-0.049673642,9769.767899,9769.81164,0.014874192,9767.542926,9767.534395,0.031257916,9765.945315,9765.918858,-6.96365377,9780.254917,9783.598248,1383.697557,8663.989075,8021.722305,-1063.548772,3299.313903,3966.73998
11180.60669,20461.1686,28072.32786,-1058.067075,3268.326629,3929.243001,1381.476745,8695.823745,8055.827289,-6.669987003,9825.642617,9828.877112,-0.003747065,9814.391186,9814.395071,0.028870775,9814.25605,9814.240821,-0.00838925,9814.608892,9814.616805,-6.506348669,9824.730618,9827.912433,1330.90067,8776.0896,8148.951905,-864.1938077,3678.691087,4139.692888
11129.29214,20107.20566,27645.01975,-1053.049175,3256.148677,3914.201752,1378.483802,8631.390828,7992.344765,-6.872322737,9762.906268,9766.197449,-0.137345749,9756.53563,9756.655318,0.015523133,9750.169198,9750.160347,0.119418009,9744.414234,9744.311182,-6.865622873,9762.885518,9766.173696,1377.479941,8632.709809,7993.814782,-1053.4446,3255.465091,3913.890926
10858.31637,19317.14979,26687.04913,-1072.194974,3046.7,3718.532925,1246.517899,9135.121577,8543.125506,-3.704171441,10157.99156,10159.91477,0.14247736,10147.67116,10147.54806,0.01618497,10154.38878,10154.38075,-0.142017239,10161.15693,10161.28033,-3.420975597,10157.52847,10159.31307,1186.161741,9228.391997,8653.792695,-1097.716954,3025.455725,3721.146448