train_sample_0,train_sample_1,train_sample_2,train_sample_3,train_sample_4,train_sample_5
0.023651648079071,0.026632429378864,0.019780074477233,0.0083672980014691,1.1531820807532,5.7803748610573
0.038898261135252,0.021357901628093,0.048929739096856,0.018309227397268,1.3400819229386,5.6196183364932
0.0071412101850796,0.0069826564644432,0.032375484420508,0.038594266176174,1.1517474221478,5.6871820617238
0.047751796795963,0.022037655821665,0.03867340079726,0.041959663051134,1.2379991031548,5.5074920531873
0.02266278295877,0.025164834488572,0.022748270005824,0.019637655847205,1.1640198537519,5.7253665624113
0.046138963840794,0.035320308529206,0.026110061647187,0.046145028958289,1.2501774557733,5.6277354191412
0.026813119470308,0.020637489157162,0.024945660743733,0.038149319792755,1.2020577801724,5.7451817767131
0.03504373481309,0.011648431414978,0.015597352360661,0.026283969543194,1.2068133507939,5.7308215326619
0.036159790680167,0.019451938457475,0.027599467804294,0.031161825027879,1.0634045054327,5.7294880014573
0.026127106142534,0.022881140311038,0.02505294947342,0.022949643133555,1.1302026986685,5.6875360669508
0.017068362232494,0.038310611001816,0.014729131110416,0.042247954700805,1.0806832168732,5.6573454177751
0.048102769435797,0.019244598952442,0.022014480187735,0.036979370771682,0.9908274198095,5.7218122643291
0.015472272347076,0.037678287250229,0.025661891604434,0.019220632422878,1.3710567076986,5.5856902657208
0.018705850336752,0.029363042443915,0.025866477139848,0.025137427347615,1.2197146131202,5.9435320049358
0.033955260874816,0.0087769455684044,0.031501793411181,0.028712774600393,1.3139925447064,5.629634692972
0.0030634254578769,0.046627516750162,0.0022614702309905,0.035380229139277,1.2813225123689,5.6144823512767
0.029583743146693,0.041502851865755,0.04251049582909,0.027817995718561,1.0981201247527,5.6237181429907
0.024333884655972,0.038636978407333,0.027523419535113,0.025103507755711,1.18474641097,5.5529822030288
0.012010786582465,0.035279042367482,0.031768174751304,0.027020232423316,1.4325320187587,5.6435076456491
0.025316049581388,0.025854174523902,0.015538831786178,0.019156278780868,1.2025649621191,5.6219798657454
0.020140135408602,0.018055114404533,0.040244448686423,0.036797283911978,1.3359191258388,5.7680831933845
0.036455213054977,0.01936013606841,0.017326721539683,0.03750209428793,1.3753165362233,5.700404282329
0.023563858560936,0.016715564907012,0.012377233445383,0.016147275579289,1.1015737399287,5.7537325108428
0.0059067357842642,0.027322478879751,0.02703245764854,0.016711166025039,1.2217567990124,5.7657446484482
0.03204843721831,0.028435968408671,0.036853369318924,0.028771678051771,1.1816402004158,5.7986948963966
0.011419655670901,0.019728250423031,0.019498434149211,0.0097349063807099,1.3668239682509,5.7558894178758
0.01455646300503,0.050639309196404,0.03775994503557,0.036339969056269,1.2874669197131,5.6664073809378
0.010690007254453,0.010580770124915,0.026184052123565,0.025224330832952,1.1870432526396,5.7859722866121
0.019644952508145,0.035975082677968,0.022084117266507,0.04460681869443,1.1909821436895,5.6005953691018
0.030360361801594,0.024959702002411,0.01964358684439,0.019574511194216,1.0736049198579,5.942200599847
0.031347546198009,0.035109245293826,0.015363992486855,0.050301690302938,1.1643574068018,5.5944150721322
0.022092215741209,0.027424226231915,0.031671221843904,0.016773169777419,1.1538632740694,5.6028365489534
0.02234694444515,0.024767111366984,0.014014842194172,0.023713731751939,1.0153058848642,5.7665747297278
0.013395801522741,0.029176366208631,0.0095974278134829,0.02622837017202,1.3902086433657,5.7683499749677
0.029959831946886,0.023538876126675,0.035039274106719,0.029995599732011,1.2459334472901,5.6714747260941
0.036607751913614,0.036690499174819,0.021287705919129,0.0056890474291261,1.1646954934189,5.9152494200839
0.0097506921052834,0.033707872327383,0.030197458359689,0.015161449122234,1.2109427876036,5.6572242897777
0.027689446156777,0.024319964199969,0.013963068601128,0.017166976335271,1.2868633331462,5.7826604720289
0.032713360018902,0.034327337346368,0.025250064404667,0.028201947348501,1.3264283923148,5.8646795868951
0.028237719127425,0.024397311677437,0.011589895939335,0.01796989441556,1.3413012927095,5.732700271415
0.04081319872033,0.028184437713273,0.0029485501256339,0.03302852981559,1.0630094925581,5.5180200452972
0.042191580775494,0.034368094724965,0.011134904951381,0.033659628242973,1.2035883394205,5.6129295497249
0.040094008907867,0.022097883433482,0.038740276896488,0.025395473365624,1.0706000794258,5.6788931669642
0.019782332264786,0.035191665950056,0.026342946423248,0.025176205812223,1.0842099806418,5.6987595757934
0.00048600188729763,0.027209147356858,0.023559771603337,0.013537857360497,1.0787167114942,5.6843996340746
0.02795570292994,0.019578053053015,0.025348358495409,0.033561420817396,1.2325048086291,5.5516059942843
0.025737223327284,0.025901059415011,0.029797086988857,0.021904073634659,1.0804580242622,5.7527216145973
0.033362827556628,0.013563657176556,0.032593132089237,0.015691625468199,1.0061369954421,5.4785578755508
0.015205910669479,0.033178075900521,0.017084244086658,0.02467224643417,1.1622360823457,5.6557216810763
0.018432488596738,0.01006709311539,0.037316258422615,0.024795120139664,1.0377118401839,5.831166849767
0.023700753268412,0.010872387842686,0.025991431723444,0.018646555434046,1.1406892895277,5.8629948088786
0.030373829399513,0.027470683739688,0.014431931721561,0.039959775346795,1.3000103329669,5.6601087521162
0.010105721520185,0.036178672110722,0.0069977607681919,0.018794162124175,1.089513374657,5.465658023362
0.020290205582342,0.016084695926811,0.035901741011332,0.027325242924448,1.110731590355,5.646234275993
0.038566984216713,0.028546713462799,0.035408081821031,0.024386743879125,1.1776407074634,5.7101647815555
0.015487030481445,0.032830835214071,0.018200071255047,0.04106927652984,1.123269954755,5.65125007206
0.043144629039069,0.037482611235109,0.030466332798196,0.025267507363989,1.2706337058621,5.7194473102369
0.024204220016413,0.036858752010693,0.015880518053658,0.032764817392051,1.1667167457684,5.5771482923283
0.016934600311929,0.031014541456954,0.0045127519541144,0.0073873331857116,1.1509034396562,5.7029793282154
0.032008792410196,0.026426645853014,0.031729790932785,0.020758100544143,1.2095213439133,5.8171268303316
0.01184523050741,0.017317440037978,0.023530696906203,0.011000121050759,1.2961068743323,5.6289799246534
0.026653990946469,0.015412728255994,0.023476979555411,0.023760825231842,1.1087213363945,5.6903562694127
0.03256177492671,0.017730082772037,0.027665829195685,0.02604028069426,1.1904020044192,5.7948568439186
0.02435451517941,0.03632157021381,0.018980173742702,0.009195593593914,1.2935971688924,5.8338305842379
0.02377458109187,0.017194626665791,0.015118870263469,0.017461447562984,1.1838568865071,5.6859972225776
0.019427903580945,0.014808515062843,0.032310121709843,0.030319531019186,1.2155150389601,5.5504905200933
0.0061303895263593,0.028752815738721,0.043968722473612,0.016487048281035,1.3872905551435,5.6089241638457
0.025988109095241,0.017368903686308,0.025749150229241,0.021025616489158,1.0249453458231,5.5473717571759
0.032110316568264,0.012915115161407,0.036182381085046,0.027645436609063,1.1992599703047,5.6066065908496
0.017240310043683,0.022575282024749,0.027191559502162,0.037204683712694,1.4050910947272,5.7630478173013
0.017542315810599,0.027613537452786,0.014230414515597,0.030692223922575,1.0777324551318,5.6251311790988
0.011314951166966,0.022836956223266,0.043738391060559,0.036229255086956,1.2849681403639,5.805915441829
0.019373304219492,0.029934623193441,0.025518877532488,0.015642148423559,1.0568916314624,5.6266244484394
0.039531337496915,0.021887092271436,0.018706056412947,0.030967674423576,1.3323248389517,5.5110949972635
0.02605471395832,0.032659824292357,0.026716776909512,0.036648717674363,1.0953655408445,5.7089000902707
0.013870160763698,0.029017568654114,0.016730988620253,0.023053724419232,1.1219883215001,5.8135632686653
0.045569484961218,0.01923034593787,0.038415480834409,0.028691396038711,1.1053787705618,5.6345938470024
0.027860758477346,0.033240070945153,0.027930925017053,0.028252315167712,1.2596326872325,5.6386707562891
0.0089960782706517,0.018677564672308,0.017816624871902,0.013451137331029,1.3385054791137,5.8622280104898
0.03396535982045,0.036724928595106,0.016591579857453,0.043744584999593,1.4269905953353,5.8551218346951
0.011493050259578,0.043053694272338,0.035088902299939,0.035073079047556,1.2632170234646,5.7018352323077
0.043243893696735,0.042565023884583,0.031143723931946,0.033482179415099,1.1766145534845,5.755601992628
0.024532848386295,0.027952454665865,0.02868446099538,0.031565189141181,1.1980363639478,5.6965586794924
0.034876900522629,0.02956101898195,0.028562337958537,0.0083956170097699,1.2106889431482,5.7595752188231
0.023479780563587,0.0072517420358563,0.050344839005089,0.033869594416611,1.2168789018104,5.6181339893592
0.029497639579194,0.018253297691768,0.024756734288727,0.035933337558134,0.95777764642108,5.7570206603808
0.01645906394132,0.015577209463532,0.014809849513736,0.0076575058345197,1.2533714056538,5.9334592824199
0.0085543394219645,0.019524535727903,0.02983624922576,0.011376223520092,1.3658497192842,5.6413365060968
0.021287562551079,0.016671327570205,0.014668695682359,0.038219350123312,1.196059608402,5.4946635947079
0.018114866350064,0.04558761678142,0.021957180668363,0.037762577078693,1.2224420852451,5.7801147360439
0.037954198375275,0.021587000779213,0.029255747179343,0.039562587313724,1.0386515669387,5.7359393632144
0.015135865675296,0.018538763351906,0.022805593420308,0.017663211650778,1.1677396569133,5.7082825931445
0.046334940883879,0.034554480837678,0.024509522023734,0.0098133366215289,1.0681771098907,5.6678029566261
0.023465186242677,0.029214412182323,0.034037460506591,0.023066354692053,1.0700932641038,5.8860824875334
0.042918832624896,0.037904945690191,0.0017476874256059,0.039187342539467,1.1191533006372,5.7887177584041
0.019086422661337,0.030603091436642,0.018134180954172,0.047704782862889,1.0166849208042,5.6632429438738
0.032136730760009,0.024080251602779,0.035995728220555,0.027035662772127,1.1067846573583,5.6343171121414
0.0019332481118354,0.030504116263093,0.013373977976268,0.02792212171963,1.2490645953987,5.6390781037116
0.017725633045092,0.020183249789108,0.019682848306189,0.038721660471287,1.2041412154542,5.6348769024436
0.04105121279238,0.01376497983246,0.035963571622654,0.0046777122413957,1.3145864360919,5.4651265316979
0.028571319129616,0.040021975181119,0.034542923064243,0.04294117589175,1.0913400370754,5.7048722200925
0.01280925989326,0.043833834668456,0.022322301114189,0.019434891304963,1.180315210573,5.8147976176036
0.020374764551301,0.030881954873546,0.017404525869831,0.036128106147957,1.1966483363356,5.8012055192497
0.009553596975823,0.024206772727753,0.015670780174495,0.0107357008859,1.194262616497,5.8097643452616
0.039221099311257,0.021427737841306,0.033585039532888,0.046744356877641,1.2116073054664,5.7771508468118
0.011013549577753,0.039198691866007,0.035228021063879,0.034439876786214,1.2059528810393,5.7142117740273
0.030126658465324,0.031531300618769,0.0092017318092985,0.011965435412131,1.176757937711,5.5643955263569
0.022983974101946,0.0063398516896276,0.031212396094188,0.029546439095496,1.1501874832402,5.8017526537433
0.039950443458309,0.025660558519996,0.024291713027619,0.026944163028132,1.1173949969929,5.7198068777305
0.031778703513595,0.0402601854284,0.030546964834412,0.020008358954043,1.2823399001635,5.7182127912497
0.036223209371567,0.018874207294428,0.033377569627948,0.01844959880931,1.1855472779708,5.6768605491727
0.015673136824257,0.0021709497957826,0.020897298152302,0.04904438301195,1.2516639815907,5.639745496446
0.03110239690049,0.030567849367553,0.037423038682553,0.0029635116475177,1.2756215352925,5.6842444297009
0.018816595587442,0.018472535928433,0.0050343328112033,0.031185435064246,1.0552062458982,5.6847417006272
0.03522745467072,0.049937381078908,0.015306329027222,0.013403929173456,1.2967469964482,5.761411305575
0.012519060076699,0.017000831476279,0.019351310322011,0.028580684353333,1.2235339341021,5.7110872833288
0.030430642993778,0.029269950454159,0.023186373392361,0.043389005780516,1.1916660141828,5.690899305058
0.030584553014753,0.034273742431484,0.015078832659795,0.023137062862896,1.2810329328426,5.7354657969103
0.046098601852168,0.010404830560167,0.014203443695572,0.02241192945406,1.2315718707126,5.65882704166
0.024918879082429,0.016935596794744,0.020194377995228,0.015079732335274,1.2432248809911,5.5919959694502
0.026579927191355,0.017794235450786,0.023616772566436,0.022595462345526,1.2344347317045,5.7323658057864
0.020026440735619,0.011767513030246,0.026958815691478,0.032842207604895,1.1745469632746,5.6271453155582
0.0063383752798603,0.0120504511137,0.020463297329016,0.030601271694948,1.2688097971074,5.6384078722354
0.032763305570239,0.026251252721196,0.030086328731046,0.014516711638845,1.092511175897,5.681016650804
0.015352779007294,0.024192805232893,0.012902896444646,0.012588149397512,1.3545403396765,5.7677773473123
0.024386436221181,0.029600756149835,0.041143163877758,0.017608710729013,1.2808850462584,5.5822994520236
0.021270818046533,0.022319911159121,0.026909338562369,0.015578286058483,1.2249050669243,5.5814377371069
0.0069828108433898,0.018774086479149,0.04554018937332,0.030549783830626,1.3303444548223,5.6820984268863
0.010640095407061,0.020391929596671,0.036896431999995,0.030104623376844,1.2570469027376,5.7180582164154
0.025012843051563,0.022555517854024,0.030799570801766,0.018420453610167,1.2541142855486,5.7529448370878
0.032046306444294,0.025715540445106,0.013121987182638,0.025907515785037,1.1044424614286,5.7655755315976
0.027733037647288,0.019038243125961,0.016182505208361,0.010863133459415,1.1428555755837,5.6823603107995
0.033714247650041,0.021526917946585,0.035132034932136,0.021606630206914,1.381924507148,5.819548300514
0.030084389555072,0.027643336754896,0.031400037490619,0.050728286346211,1.2842098268591,5.6551557098517
0.014137390888503,0.028292053971357,0.0033193689566986,0.016812244683906,1.035694722778,5.4931880630269
0.033237421852502,0.016340056342715,0.024872853552523,0.023651717434738,1.0518946135148,5.6857791638532
0.02869995976621,0.015203267900375,0.044297391228672,0.043937613954713,1.1684923513278,5.784126831106
0.026786742733798,0.021213812562914,0.032170833585604,0.012423906490553,1.2029133398794,5.6730380781701
0.025751185018324,0.039793790002989,0.017213367508464,0.034762937136501,1.1478334438507,5.6669781671697
0.015006362732766,0.038598086873344,0.024563441517227,0.011788055734946,1.2584126115376,5.6927746045785
0.022478740112527,0.028421664122201,0.041686019478468,0.026159485767756,1.3133975750289,5.6333834174702
0.021203033715272,0.031386723025625,0.021139092877042,0.02175592425605,0.97886098927986,5.6085092835972
0.0413055238843,0.023137157904408,0.036748401509646,0.0090994911800911,1.3499730820975,5.6356167391615
0.021537401915661,0.030995996654764,0.03694197760601,0.03497661222648,1.118082308007,5.5779175824644
0.020177975522563,0.044898090649827,0.014923156295518,0.023448002230028,1.1773401311789,5.748444031825
0.010263843752417,0.018110162788564,0.026138836263924,0.029420643951635,1.2846492621548,5.866428973275
0.031022845742538,0.036471527066247,0.021613592096456,0.032492384016907,1.2066431414575,5.7865771089749
0.019122962399921,0.0078632708411238,0.0058161400201167,0.014784715741188,1.1265597353805,5.7247780050082
0.023865597142511,0.022090882943825,0.018248222167657,0.018291628500627,1.3185629031974,5.6243211511671
0.015727546255593,0.020984898629637,0.035335991615644,0.021317146087245,1.2424083924419,5.7499471051168
0.049375444645415,0.030924016979277,0.02772532970581,0.010847857516516,1.04674089021,5.5896429972044
0.026315566613472,0.041143669860352,0.016811402219868,0.020504471624194,1.2564971916586,5.7066894049417
0.016428751446946,0.00032371337765922,0.020723475823872,0.031635412583004,1.1006859450169,5.8107710486646
0.041566648805303,0.017839700395356,0.029464098158086,0.038342976182544,1.1512217149805,5.7767051724518
0.019036087294361,0.026934630391778,0.018604137392306,0.016528768091542,1.2789292168952,5.7660368996691
0.0051418509443085,0.022773850530918,0.021318993791572,0.024304231724351,1.1628165183898,5.7137101765828
0.049686626190713,0.026774134990932,0.045133211803487,0.013840462837129,1.2181151589139,5.7091594513178
0.0073262968883807,0.0083345537002642,0.025079863053734,0.015963264863899,1.1830862256316,5.5756229401452
0.020326020458219,0.045348164928715,0.028364491610307,0.002793099230322,1.0573962845011,5.6971309238185
0.03802135916636,0.017342118824262,0.011189372827092,0.026579596523529,1.066171240986,5.6840394365868
0.039133663009742,0.021788406309826,0.012708200194863,0.045854859152334,1.2483502247763,5.7852870790471
0.014769494561856,0.031213329720267,0.017798735444327,0.019145268987576,1.1552525727648,5.6943895226433
0.02839875835984,0.050361123195214,0.0099170314844109,0.041688351918363,1.2772270808324,5.5738285941528
0.020040930759837,0.01769205440438,0.022447077339589,0.031398034752272,1.2651201454475,5.8460511617829
0.0072987458634709,0.026597278003283,0.0093109816205891,0.016910714223541,1.2737174376898,5.7105508203962
0.040077406179629,0.0099153268775607,0.018354960328918,0.020145080586337,1.1574077086644,5.5465560534283
0.022836589310118,0.026323135770722,0.020120602279737,0.022967689819863,1.0929979947623,5.6593360555537
0.016820883918757,0.028108334568231,0.020629431097261,0.0370101334656,1.2238432022197,5.4506216703595
0.022807932179092,0.017036889895141,0.028205940639105,0.012701258249242,1.0562582564153,5.7019950943619
0.033610174304143,0.0029821610313864,0.034663446889142,0.016637107154069,1.1071719710945,5.8939560161929
0.030401596992036,0.021940072934986,0.038978009914504,0.0099086824208108,1.1079053440648,5.7023780257737
0.022552806554564,0.021335227827892,0.030863168799354,0.030510394439212,0.98868038842939,5.661072082677
0.018243835064941,0.018364291104551,0.022779862606145,0.0055510088298675,1.0972874834145,5.705978543964
0.050798730558156,0.023981118990731,0.015995040118314,0.0078245213901685,1.2079738782295,5.574827715956
0.032625354951088,0.011270800282237,0.042019892991733,0.016375395409454,1.2567388433722,5.9047395355009
0.0087228937254053,0.039504565700731,0.019947853351121,0.029687942618828,1.0590583874616,5.7175247250142
0.01953630570555,0.042040548124955,0.036460320388517,0.029559548814371,1.224308447413,5.584290636001
0.011572320700438,0.0095011464290417,0.030510788082178,0.017387088730273,1.1715195888606,5.8078638785031
0.030968254300651,0.039116226574592,0.022705648424309,0.012327762334051,1.2889468142975,5.6807074089417
0.020723183234179,0.020601362196233,0.019148110743683,0.028595353284755,1.2589368349973,5.6804471721499
0.0083330497488453,0.032786812603735,0.029882299335329,0.039378683076594,1.1466978751745,5.6532211809506
0.035606739730404,0.0067310277663373,0.016150998560655,0.017558961808286,1.1944752382062,5.5999661673738
0.028486438479759,0.0068270807276321,0.016913291116614,0.025664376820961,1.0115627005941,5.6564866156555
0.041439199925137,0.029768121999416,0.02930444449101,0.0094349713508317,1.227613808956,5.6478557794214
0.0054549593066179,0.037088240530096,0.029953200243161,0.0099825370095575,1.1806967546401,5.7302960588712
0.037594571256328,0.030172680342621,0.020920953278553,0.016511224212515,1.2201774316503,5.7972993611089
0.045207710209326,0.028226739153932,0.004158767105492,0.037834763254631,1.2792766940625,5.6437266716508
0.028553652697797,0.02861705774954,0.034403824185832,0.043614427319179,1.3570915658503,5.8178669915457
0.027282415335677,0.029466675902777,0.018070518090587,0.011162214332863,1.363948943551,5.551483076947
0.0091814688737062,0.023088374809545,0.026784211191301,0.030269685703297,1.1992327800985,5.7786035351551
0.01610747617942,0.0085536943921571,0.0040103199334554,0.025921207570736,1.2775203985837,5.6124024771376
0.013004097041094,0.026889698136131,0.039696670810996,0.025612273943106,1.1799726191888,5.7064010095691
0.026981424160788,0.043450165314739,0.033424157798897,0.023514928473147,1.2593813161261,5.6418841849293
0.038954866828086,0.032985044176031,0.028890986091477,0.038847090660806,1.1514863041653,5.5454105989634
0.030563030338079,0.015638577675489,0.032522969909526,0.0096391273815793,1.1439168093807,5.6189355369745
0.045098257828306,0.011133891014626,0.02136964164846,0.026082102299452,1.2674573779662,5.8253016206383
0.029202255007449,0.038026357856986,0.048272758471627,0.026066857970193,1.2232699338075,5.6239950010083
0.024659265101875,0.028965650552827,0.026933079723422,0.0045262765776205,1.1329821088055,5.717736450884
0.0348533953027,0.038055949221106,0.012036127998303,0.02903646246191,1.2165606013751,5.7128293925138
0.022435725399613,0.01992776435302,0.021789861099823,0.026912675356645,1.1179816420271,5.6931209304749
0.027370477094536,0.038768025190023,0.023371339035806,0.012744205294069,1.2526464654718,5.6427821737852
0.031884664719931,0.02339860782728,0.030768172864654,0.031722280064362,1.0528175093527,5.6484093231327
0.027487923353517,0.014098328839115,0.016839887555683,0.032053329753035,1.2045173569635,5.6962268162389
0.010536399569129,0.015701248536973,0.026092176006451,0.025381815943381,1.2074071741047,5.7149562757453
0.021984140328592,0.04216740996412,0.012365076490856,0.036245016649093,1.0459897992576,5.7704073398222
0.032390768031275,0.022338450564936,0.034976410200156,0.034140805254757,1.1859185745617,5.6175936997872
0.014256858162228,0.017959416071942,0.012112292034848,0.047798294712426,1.131278298646,5.7502474903097
0.025922715438048,0.030517098280023,0.0018154646408577,0.011896126929586,1.0006988775719,5.794108531195
0.018978390103183,0.024875254261588,0.019188452056107,0.035117598709744,1.0907964197133,5.6741341535872
0.035318382255736,0.037669324207937,0.038955199448713,0.029836585831469,1.2994404959736,5.7225517575078
0.027039039153132,0.042711799113334,0.026635889963767,0.01892463761781,1.2260785536631,5.6591855821383
0.018881326653713,0.02647031764705,0.025847006553852,0.03297584600934,1.1971048394199,5.8484908282327
0.024593114803078,0.027330757475146,0.029929012265682,0.022731021989123,1.2854868933941,5.6364450401648
0.028667737409175,0.016365492624813,0.032131892120293,0.011474900757162,1.216220271921,5.7387834839455
0.012163038109192,0.023959300066477,0.041930930206522,0.019609239377036,1.1481949953241,5.5129531847513
0.036634677063848,0.012146315603058,0.029335903807697,0.025196090299503,1.1626544697659,5.6977643172969
0.012941434786344,0.0010564674992896,0.027135075952329,0.034942964903922,1.4412457740543,5.8513724354904
0.021722761301139,0.024384145791804,0.019317760552657,0.0018338395142423,1.1908081051408,5.7341931341674
0.034701807995716,0.024138027698307,0.032683985274022,0.029077607146815,1.3775438154358,5.8414738757324
0.034521645439545,0.019773073094381,0.033861813542013,0.0066264809507924,0.99147180798791,5.5495566596058
0.017443289029776,0.047426151736035,0.026755826192113,0.027242772017693,1.1083399339305,5.6480315299365
0.025585639623621,0.035933739223326,0.028233455684091,0.026118773380745,1.3052630426298,5.530016243195
0.03656985926958,0.028838469460672,0.035670607127029,0.017807121088967,1.2586692862753,5.7836929505105
0.010465863215826,0.010727913546648,0.022727821409166,0.015372043738711,1.1655292132084,5.8192275443162
0.026770111802165,0.030714633333544,0.027100068322535,0.0013828171759281,1.128913271525,5.6876612514634
0.023551485655077,0.022738954877186,0.02112329731774,0.021694456433484,1.3241876373726,5.4612101511961
0.028597918537445,0.035541708575203,0.020618226020702,0.044011227737279,1.428769912903,5.8298104362008
0.029318179919909,0.013173270767438,0.02359832188477,0.014014987305337,1.1344759420591,5.6062520845741
0.025539656859728,0.0089377656089467,0.020236727536624,0.011849577791081,1.1156398783055,5.763885812337
0.034694439580391,0.012967640328496,0.020583922325902,0.023605620796466,1.2475247360111,5.5992052611777
0.015083567291854,0.025630263050447,0.010878715250525,0.022092573126468,1.1547191399148,5.5671031996602
0.033402551532921,0.036237013327792,0.03889481677218,0.019941406607741,1.23934686204,5.7212026075333
0.027904389758764,0.033838922044365,0.028252442024699,0.022065358057131,1.2942417190259,5.7221886908765
0.017967699170825,0.020290436079455,0.029110881636044,0.024062815617956,1.0686959559913,5.802753570506
0.027801487328822,0.0034430667611238,0.019743795204636,0.027407197722526,1.3152815454743,5.7103405569439
0.020908213514867,0.015035074717389,0.027547721281971,0.0061451680238788,1.3325635575729,5.7377086464626
0.024464713259842,0.0216193197136,0.025201468748785,0.040772439917723,1.1579224846827,5.5875589729826
0.019744395645226,0.010149763196544,0.032772681509399,0.033364424650098,1.0581025717772,5.586100717388
0.01879629609592,0.015346337116224,0.024072186190416,0.029165651882104,1.30967817219,5.8438823529858
0.036269201350132,0.019102507753861,0.029591101684881,0.03389695800567,1.2730493814891,5.669935526009
0.030625205584868,0.038930429144684,0.026326397889946,0.022111223096593,1.2058629604791,5.6140891592937
0.021041462152169,0.035430533031122,0.031122360486928,0.031974784457782,1.2954814288488,5.6168364719862
0.018358205021129,0.020717708846618,0.023891459259179,0.023931145667218,1.246423180031,5.5325705115089
0.039013678854831,0.014859472771258,0.049502010855771,0.042303711442761,1.2654936815242,5.6849935994475
0.030040548825763,0.034827570389148,0.027619377351727,0.026381552823635,1.2512137511189,5.7132470048648
0.025141742392108,0.0181375375304,0.028953467793786,0.024101147435627,1.434933451275,5.879786419721
0.031472344188714,0.030463092731847,0.032739099134195,0.035050981134541,1.1824446334677,5.7519576683719
0.024100326941568,0.022388573427086,0.011245218164062,0.012487155148933,1.2429751243052,5.8052753820012
0.041893488720806,0.0074498596568167,0.029763463073335,0.0080971635739355,1.1923350415142,5.6648841843319
0.024055699698571,0.035470779592612,0.037279426694348,0.019025119083608,1.2796873567764,5.6947194122749
0.028634626260282,0.0096719560485621,0.031440152629436,0.013180391948793,1.1425911512881,5.6162576620146
0.012267550417692,0.022239937745505,0.043385315592313,0.027998448129217,1.2680718204041,5.5735781465405
0.029056395961033,0.031273376837819,0.018484703211121,0.036822531631134,1.2400541614694,5.7750529967153
0.022282061406273,0.030791770262471,0.02738687857735,0.030823817189878,1.1270533946462,5.7050623658331
0.01655735790874,0.022408298303516,0.02434950888227,0.01332670230879,1.2273316158211,5.7798314912086
0.0024189040771164,0.021122047174653,0.030301875370524,0.041210636294442,1.209927965043,5.6255594968227
0.027160540265164,0.032581232053368,0.027258869669817,0.0075184298132909,1.0646589439278,5.7609860345805
0.031497237591941,0.0015285908671755,0.0069044828071852,0.031021286649546,1.1568720065862,5.8276767162216
0.023943407534811,0.033560255106915,0.013774802569259,0.021158623814636,1.2359369946733,5.8556410774193
0.024442617462913,0.011927391179977,0.017866843879013,0.011405685968829,1.2091102330538,5.7166889383093
0.033689577459787,0.033910654135954,0.017400026543984,0.023783344967941,1.1921209682966,5.576464110835
0.037233918545544,0.027463040322415,0.014519433207493,0.023673638473483,1.1375625497343,5.5786821848891
0.035637009214102,0.026710707284944,0.024107931147216,0.037691421101685,1.0863026724195,5.6734714000778
0.017930552687446,0.004366229562513,0.021402897639113,0.031062429937025,1.2258610046261,5.7647525480214
0.02654433506727,0.037174224948899,0.026240313615619,0.04186484841121,1.293413065854,5.6935369617054
0.029287745060978,0.03402205743167,0.017155082427587,0.028633162186912,1.1309703381536,5.6753644306957
0.0050096800252121,0.026407586128325,0.026849623008043,0.00058771973388841,1.2450794944884,5.7373208074993
0.033504954148673,0.033056004896566,0.038836681527625,0.031929150307786,1.2076866503863,5.6528837408971
0.024820417021184,0.018554778696808,0.022881106119773,0.033176094997244,1.2220372782114,5.7217222317838
0.016719303711353,0.019319686251393,0.041873396251464,0.034604715858617,0.95235645545463,5.8295541475215
0.033080870590519,0.017125862587149,0.026268640634956,0.02475330393929,1.2338747960212,5.6380970244463
0.019971226523466,0.022976949659874,0.028745598653622,0.0233625719545,1.2495254578531,5.7169755576649
0.032263027465266,0.025469712348146,0.033519939174171,0.024346444973507,1.3165735605262,5.7549214965809
0.037626961792576,0.027839126435541,0.010234566852399,0.032132662395678,1.0423062880586,5.8128471099485
0.012440859744957,0.030127163122448,0.033488971198244,0.015874757157414,1.1731926329073,5.7970004338398
0.0088643672675327,0.024065466882497,0.014988835324223,0.014162471540608,1.1278633780942,5.7300261152816
0.028334159158354,0.025547497009661,0.035524924105222,0.035768823065457,1.2683126157569,5.6992626468332
0.018079310362777,0.032857453816878,0.022981762654456,0.017727321855811,1.1842999777602,5.6864094382682
0.020951444000368,0.016516700852757,0.032213745784144,0.012546455220234,1.1757731465862,5.539542943956
0.035185274785956,0.034093860915196,0.023829589965346,0.032727144494662,1.2301567461697,5.7542448974888
0.0065026938688597,0.041256278464289,0.010185333538773,0.019984921555113,1.1379806753524,5.7773362538865
0.0052325872917861,0.030021160801674,0.021081127576568,0.02803516197281,1.2366377967372,5.7351691514873
0.026696745403901,0.005578896226718,0.023687369884353,0.038176298808395,1.1577938274399,5.7592715469781
0.013029145770737,0.033381465947715,0.019585748012138,0.019340006181185,1.144994161005,5.6497270548709
0.039830585990022,0.036640639997818,0.020264874362217,0.033232300093121,1.0299338649274,5.5537880859212
0.019271548120723,0.019389012597257,0.012247441388826,0.019381617891447,1.3828273944227,5.6980883778066
0.028904084961107,0.018949516034344,0.010351638044717,0.017091308690969,1.1168434016527,5.7407468792071
0.01592096925554,0.01460699761244,0.050696730020731,0.025975856456114,1.146289396215,5.7975810621199
0.03028248746644,0.034669662422689,0.038384558652663,0.021388551352592,1.2620987300199,5.7273653999863
0.031143562943902,0.022274934485369,0.01266463581059,0.040242040399163,1.0762166773451,5.6751487999847
0.034288215502977,0.013353534456081,0.026404933617802,0.043527757554806,1.3466698955085,5.7318674048532
0.021704457095496,0.008172896728495,0.028868579813344,0.019519064186291,1.1984713006889,5.7999742484659
0.023182979786979,0.023705019507596,0.014140901572701,0.031327912567292,1.2360048795399,5.6999304180216
0.01416720046942,0.030358284424762,0.0066981484448815,0.034372923379757,1.0935549469436,5.7632800005692
0.029698693848051,0.030079046919342,0.015701710434515,0.044126997459145,1.0996317612647,5.6567376158428
0.019568963395502,0.030641306613294,0.034360769430505,0.028107869495463,1.2099744998778,5.8516776450866
0.01007745989207,0.022490981651886,0.031050310866866,0.024179774926056,1.0652781999205,5.6450935564587
0.013633061909927,0.028803960015119,0.023040067971222,0.016796347318334,1.2251388385065,5.834639683043
0.037338034793609,0.010736204468371,0.036128271135119,0.019800297870746,1.360644540475,5.7863671979045
0.012212755698052,0.013284455006413,0.030290873926035,0.0095994305779189,0.95096236256257,5.6746431214345
0.024395681158888,0.039568281562671,0.015349996985749,0.018195118170312,1.1995354875242,5.7379615933216
0.037424778864775,0.026279992262007,0.032505259113936,0.022524672451003,1.2321612575908,5.5333351188694
0.016606271749792,0.018002901297826,0.042844332399238,0.033221137826751,1.0985625676035,5.7821206397875
0.034812103302293,0.041762850437711,0.026580453978119,0.03979359926139,1.2007841463584,5.61199902082
0.012659470580865,0.038717202068209,0.017030927505553,0.018934925527068,1.2442191507184,5.6487127544593
0.037484364202582,0.034790769982725,0.0021906327866007,0.030439214499788,1.2498200068262,5.7297307242152
0.027930321800928,0.0283480003008,0.023435443079387,0.037293490324066,1.1271439276363,5.6418298829498
0.043981902406868,0.035043075034426,0.033196118373637,0.017281251870075,1.1565550572843,5.6536059307388
0.035528409952743,0.010515885563273,0.028422714892605,0.018049125393142,1.3163696861311,5.6460289393274
0.036355172557242,0.030380254418023,0.013309554009229,0.020306471095572,1.193789956987,5.79436754457
0.028818025261119,0.018281418283265,0.015252031077045,0.043305790563219,1.0754674850915,5.8974290789781
0.011059825287892,0.027674792840789,0.034340685813373,0.029225103161101,1.1650308936808,5.6134179775609
0.020486653585016,0.0062419781050763,0.028402204722283,0.026735985135081,1.2537604174573,5.6776666019228
0.027983503592615,0.00093683837981916,0.024402075788603,0.020569514412813,1.0369007799517,5.5979423629747
0.02213485859609,0.008242908683359,0.031343790757689,0.012115072743321,1.2826686586791,5.7490575159964
0.008059794224628,0.030959402488153,0.023394278061533,0.035011870488089,1.1044973957329,5.6622165932064
0.032218584000814,0.020758568326696,0.040059635814241,0.045349328677121,1.3004890794687,5.7937673499756
0.031374893593786,0.025354183435158,0.02443731354313,0.02815379303069,1.291211877104,5.7251373715496
0.044417060071745,0.03984297438101,0.015203377845393,0.033110313395482,1.2253269719786,5.7084646318673
0.031596850352316,0.0091338814787857,0.020026730366826,0.032323252584134,1.0609455659993,5.8066459209063
0.040247106245896,0.030284193794818,0.037150670117747,0.042996186713877,1.2413244311088,5.6712278924773
0.037527386755426,0.01990022736653,0.023874063667286,0.010723893358181,1.1257886111677,5.7739578109431
0.021111661255514,0.019647682595476,0.0034474121303079,0.01411134055363,1.1315896339835,5.6936860869962
0.01799895938748,0.020429318219666,0.010091726993088,0.031268567677114,1.2611130865165,5.8317156772756
0.016393785727151,0.016182622756866,0.023316051707107,0.010445649469922,1.2553537912819,5.8124165671291
0.017280009005387,0.027582282789947,0.021572098974826,0.048441580438721,1.1582607125387,5.8247869420727
0.014349337181504,0.021302661046146,0.034469277710852,0.018668213787105,1.1606125722943,5.7525565896471
0.034578877783413,0.022696980512215,0.025671080235834,0.026688708457589,1.0816393018172,5.5584318759072
0.022920342790259,0.028076882922476,0.014358652327942,0.026417135964805,1.0775013226081,5.7123959549168
0.026233744004627,0.025665878641553,0.0072962694856102,0.024595257215359,1.0710695091315,5.7270908510197
0.034406388570892,0.0065336481640999,0.028768078693989,0.023308768045733,1.170830599452,5.5686300286773
0.012157744009307,0.00034129093557817,0.019932167697746,0.012910154975554,1.2455545903903,5.7208422838942
0.02063057150018,0.031355687692919,0.019231624705454,0.022637612848309,1.3586811056368,5.554597227233
0.02628025408718,0.011073870354678,0.033363052237344,0.044507841579287,1.3390557388694,5.685264039731
0.021005881874471,0.01499610931834,0.037373580611426,0.040907543071389,1.1226013860667,5.7261445256696
0.026204706633631,0.01885889402296,0.021501365546477,0.023148133662222,1.1112007819909,5.8264401889711
0.021836943357847,0.024578161588602,0.039181144551016,0.013910756817377,1.281693206209,5.6889408166465
0.012586820726903,0.02020913030913,0.021628728606009,0.035972331796338,1.1556076386961,5.7460398689106
0.024490529914652,0.022537258382458,0.012969965150565,0.029189210875255,1.0033837925295,5.6374144011432
0.04421425056538,0.047182096699157,0.022660588387205,0.027898170717679,1.202254647551,5.6881969895041
0.039228673640132,0.042297528883035,0.019380853325887,0.03639160930373,1.0286876012328,5.5914584203617
0.019949729910074,0.013595938443691,0.042736875531399,0.023735327341644,1.134094603182,5.7434944520901
0.037705738817815,0.028264049603557,0.036210891313894,0.0034227693807657,1.2159391258377,5.7381971992864
0.020416053192497,0.015540456014223,0.016605650897524,0.020277093418951,1.1028578158108,5.6676040505533
0.0444803545152,0.028331469361368,0.025805167615713,0.019884246554903,1.027018611465,5.6070687625437
0.037724463997121,0.015799424327604,0.033262371661435,0.013727188277,1.0997359054397,5.7756155977025
0.016204227109535,0.0051806862697736,0.022519559950729,0.037130474293724,1.3341140227279,5.7702164426839
0.044759501402059,0.031508261028352,0.015925915094089,0.044265685987862,1.1162771876472,5.7619969191759
0.017773171492471,0.025182343148557,0.011966797653907,0.022478490659304,1.1535357959921,5.5265435522071
0.031651510715671,0.011433747900999,0.020373589278769,0.02649334235656,1.3039182663012,5.4898550119691
0.037133929964578,0.033475756727614,0.036667623018683,0.010659259928742,1.2447884603649,5.6658123099065
0.011826679754107,0.0092287768323517,0.030736896431021,0.039657965603976,1.2958940598582,5.7463822741074
0.022218140256027,0.011367116288442,0.043052763959731,0.039428656934575,1.2123743705712,5.7204156536814
0.0012263328973611,0.0054725960894432,0.0089692983231707,0.043268045397886,1.22126625253,5.7466831253871
0.012753673215527,0.041390098627801,0.014093223711966,0.036754314328859,1.0971241492147,5.6051651189426
0.023604176217626,0.021838147969012,0.023654721833276,0.029875059899763,1.3013369400592,5.779309025119
0.029098769590687,0.017530925578597,0.02648378372376,0.02048345470897,1.1190855943599,5.6787363044329
0.013721368453999,0.039885465905785,0.043667708145589,0.027839910762924,1.1778699787158,5.668961411236
0.0024630480160482,0.015468831335567,0.00017601190488238,0.024091007456036,1.1949408522256,5.7098434005007
0.031662785696957,0.012246420969352,0.013420821453199,0.015484121530571,1.1020944134013,5.7694708040817
0.018504112526249,0.027223382715852,0.02256245044467,0.017697260182297,1.1802898359306,5.7515121554863
0.013157647552134,0.029135967491287,0.034706579082086,0.022356256272611,1.1534027672982,5.7653430205436
0.013090628713658,0.0093847881347736,0.032812527834343,0.028075431351523,1.2127721037834,5.6283865516962
0.023040820039574,0.015099667916947,0.027368652446385,0.021799337964838,1.3130076127388,5.6800979148385
0.015313018372691,0.024691502369569,0.015841230572674,0.02217982018783,1.1037357523816,5.7056214796539
0.026457016766958,0.039029331684419,0.016545074084704,0.040596060403461,1.1591999210392,5.6494423138674
0.030093166198827,0.040713634480866,0.015438423063753,0.0035299294767332,1.2287165573725,5.6620153860012
0.025838815646257,0.012439475607562,0.033091565494639,0.020613501100826,1.2903456478026,5.6213589605302
0.012082992316979,0.019819711528511,0.018866760710504,0.028969428281514,1.0878261535805,5.689480025553
0.034213734890983,0.045803302225347,0.017004822873297,0.03549063419098,1.2527531627208,5.6311750982877
0.025568297042996,0.026152153429791,0.015942479845182,0.033419745046098,1.1711984751342,5.741248485386
0.038157495358372,0.025831162652106,0.037101943553266,0.036548770219275,1.1320009887895,5.7743991526502
0.023135271379949,0.032612677782918,0.0038543731034031,0.021544324510454,1.0832482970146,5.7265033643466
0.028709027698875,0.012623469870143,0.022866126292691,0.027499079724005,1.1939628213647,5.5095890932755
0.032855420968239,0.031396940032384,0.040138470259633,0.012202055942289,1.2403235642523,5.7515597174992
0.031228814738468,0.012419632770061,0.035389807547408,0.013001284706902,1.0547625494118,5.6940363708828
0.021317328566082,0.0079050959804588,0.021011633215654,0.046573230757264,1.1598778912925,5.8373874457438
0.035550942808121,0.017636459975176,0.016436742082687,0.033820688374218,1.181147088603,5.6520986487358
0.031007250334873,0.0422208587529,0.040457537845158,0.039278319524053,1.1491571792712,5.6642600933479
0.0095181250998654,0.033621739303668,0.024236688343251,0.015433696181366,1.0132624344908,5.6470967591617
0.030325547172814,0.041975648004415,0.033319602014829,0.034299672617908,1.2039466512177,5.7807084568208
0.020215471646571,0.030894122744319,0.025110841347417,0.032426971145458,1.3474063816304,5.5483468842171
0.022868674971415,0.026680811138816,0.043086249098873,0.021189546795143,1.2599306399793,5.741546690147
0.033014081623316,0.032723221234941,0.010360540741696,0.036920583372267,1.2557942081567,5.6748425076287
0.010186849308427,0.028679993185797,0.035243490327745,0.029286077825157,1.1743827951491,5.7046824050477
0.029388676658064,0.032900766768476,0.036645722056734,0.0093398490332374,1.3122878557772,5.6603768429653
0.025024184658227,0.0095524621830077,0.032229873253415,0.025710377979144,1.0487983013255,5.6717024997042
0.025960641155471,0.039992388302,0.015781570748774,0.038904227614198,1.208889769333,5.7697161766057
0.032356243693836,0.027096204122799,0.026390527212926,0.035875525089784,1.2148203235019,5.8039657188639
0.031813799575042,0.020454394536851,0.013904070260293,0.024458573693763,1.3448701683266,5.6099529880073
0.02179183003501,0.021736132834429,0.049222040469716,0.024968458467908,1.3677225935956,5.7081295648422
0.031456783478467,0.032358897664118,0.020990519633023,0.029774402395737,1.2642646697463,5.85738490736
0.0063868315805969,0.019611323108022,0.031982309709306,0.019082159634849,1.4097342153281,5.5431240242993
0.016900114207611,0.022173476253943,0.0090793453163764,0.030237324054829,1.2145336054922,5.7147167611818
0.023208766953577,0.043319153836713,0.0059908856829331,0.026920369078401,1.2419470817265,5.7035285165596
0.042059751012631,0.032161307040643,0.03060273801371,0.035671782162752,1.2367922454623,5.6626391849506
0.028106892804777,0.011588382858395,0.037022862943086,0.025772285216784,1.1857478838277,5.7361359022621
0.023094639239566,0.016759238401869,0.029191892023039,0.02594069438637,1.3621848142436,5.5766070791228
0.031739882443176,0.039475701393792,0.018673170615039,0.031362045529211,1.1828077453116,5.7843930705871
0.030682316275504,0.012975198694399,0.025903711201967,0.029327543364197,1.3446397140525,5.7420932904375
0.028118623195994,0.02728476233306,0.014064844636336,0.0048933094040362,1.1790084214038,5.7389490369458
0.023635892828242,0.034423125980265,0.018382646326462,0.024416612360931,1.2558534770205,5.7951608783376
0.015879925996785,0.023260851141764,0.033983650991444,0.015526694971708,1.2711858744411,5.5938073608868
0.0099431843556763,0.033021683816639,0.034589462838464,0.033514466235683,1.3179568591809,5.7271509347748
0.019832895313246,0.013952511337451,0.046341507054802,0.013280601232857,1.0904644952446,5.704018756508
0.030879492599583,0.037729900146,0.029216849800802,0.029346794442153,1.2630282431691,5.6425422205712
0.027198161042529,0.043506656544269,0.022253908961155,0.032569126201704,1.1125078198297,5.7998368783685
0.02340316033958,0.0050459953488118,0.012578293210643,0.028827729957593,1.0887998152249,5.6254162510343
0.026702488009171,0.038914015815621,0.040822366982539,0.019185918014269,1.1208448750107,5.5849444669334
0.012880732707967,0.023111602292394,0.026059106774515,0.014754552628071,1.4012995898457,5.6120191665587
0.026929179590677,0.031892895717065,0.031699569628446,0.029952599811149,1.2325884835934,5.7830546618668
0.029750466254251,0.018354636746954,0.01815083171741,0.018841556557661,1.3007721272542,5.5653736095158
0.0046562618204451,0.025032282164929,0.020787861023598,0.023867432229539,1.2428027335256,5.7006145224927
0.029154145402686,0.024694793010423,0.018567480974,0.04728313434263,1.1496313289168,5.7540096581081
0.038661385691779,0.014270561414186,0.036584473230289,0.020867368610565,1.1918913895426,5.580252741394
0.013194953980651,0.0027364574186229,0.047348775812323,0.014259527860131,1.0824524577944,5.6095616037046
0.018868896200099,0.022716530676921,0.028155363441909,0.02876195344109,1.0398394500201,5.8496362396701
0.014306659897017,0.0061041917138085,0.018399640761237,0.016319819068768,1.2283073948382,5.6680024957714
0.021524976693547,0.038417929474639,0.021195170229528,0.032743932159767,1.2988069222177,5.6465220032211
0.025653286513344,0.041558327038291,0.018028321244638,0.017930443849927,1.0846164633756,5.7508078607489
0.013934612498881,0.034518990526445,0.025498636936663,0.028457951493768,1.2389124748588,5.845404667971
0.037850583407479,0.024805387069275,0.031603017177894,0.023191345075826,1.3804011438096,5.846563287963
0.039427207861057,0.025410263317479,0.031971508730928,0.020935933106782,1.1950874497196,5.7260262826931
0.019923299102834,0.041336922462263,0.040713079334573,0.01559670124423,1.0353442783862,5.7070411136489
0.028153391835618,0.025926457261668,0.030661461540967,0.042716821349755,0.98588706926105,5.7067373208104
0.036703873630076,0.031634793655089,0.024148509581337,0.012655891422163,1.226559129488,5.6093355825485
0.028045283078034,0.035657745607268,0.033814790112327,0.029240939735409,1.3103776095722,5.6020886016358
0.041253321214734,0.014430107152559,0.032653719720306,0.0036760934905247,1.2638750580025,5.7095525237951
0.038706024383042,0.043931071102493,0.040994808559471,0.02108906819693,1.2230145940244,5.770742735246
0.029025489306789,0.034486363023105,0.013862538826437,0.0092548912965207,1.0143622303803,5.5727109922347
0.016142715247058,0.02753022662019,0.02727717089969,0.023094210828113,1.0949275240248,5.884752036161
0.012699304319423,0.014469036801178,0.030378671168224,0.019248040728234,1.3612151036554,5.9043073761658
0.035985317329901,0.017500776858283,0.033008521131251,0.048159596892336,1.4230913126297,5.7059079270552
0.04921190912596,0.02968393682011,0.030694208118685,0.014228156116512,1.0216426568128,5.7159757181368
0.0075293118215573,0.025805291751811,0.026477959808384,0.020635889672909,1.3060785233859,5.7392693545866
0.014107166576011,0.038349215087195,0.030092860476942,0.02432731216742,0.99645161426106,5.6399581489295
0.040540214575768,0.0278088976844,0.027995288681909,0.015455922932134,1.2190939526485,5.8073863897977
0.01987375242761,0.038533900876935,0.013483619582938,0.026664491267267,1.1652557109377,5.6179703629712
0.016035785837798,0.039716824207161,0.0088538614296299,0.016440690469373,1.2915350125392,5.7777461460235
0.0090859154853284,0.024502328134025,0.033030196269346,0.022831170179893,1.1406598599265,5.7333385274772
0.021385715978371,0.03458389334867,0.034625649686147,0.02099247086304,1.1946588078399,5.841111239289
0.028265740995034,0.036991181095426,0.037254818300492,0.023835031530743,1.3995690419031,5.60019072916
0.023315030510598,0.017066065789789,0.019616569782285,0.019301417009691,1.3768567554144,5.6171928150148
0.019717103138693,0.034244123971153,0.017440853373361,0.025570653216808,1.1029555788102,5.7582351187216
0.026386223128575,0.020296296253757,0.022205908423545,0.02950871812844,1.1482798444948,5.7745604948755
0.0099941363293997,0.0094301802095691,0.041450521353875,0.02841523423504,1.2899300843717,5.6312620101242
0.023505672239142,0.012788775507631,0.016333189018148,0.036889554827851,1.2137636985148,5.5973354895919
0.018903321840494,0.03232376579912,0.02484847457647,0.012213677743288,1.2102487112913,5.8287247462389
0.014836427388129,0.047758373797803,0.028594842114642,0.030392385594432,1.2618351924281,5.6378804015857
0.033841777583018,0.016667834631009,0.0085300600994998,0.030861727727795,1.1882465469661,5.6077338471833
0.035748221304547,0.0357935829347,0.011744767718321,0.020435706495093,1.1612401958178,5.8564511540766
0.0035219935408899,0.013687359396364,0.018531812282949,0.019718495800265,1.2132543393421,5.7312271639112
0.035247547172457,0.01391210821148,0.0052204827253778,0.030157072730345,1.1867281989037,5.5439577716978
0.035349302669319,0.02391155821921,0.024380822447729,0.017898208716518,1.0515035816973,5.7032637545301
0.0068994800938113,0.036284207525099,0.029973342506077,0.03660169505017,1.175066282808,5.6032355437217
0.0055909631743685,0.020025115697959,0.024201467733084,0.011720424265733,1.1453053054907,5.590064174083
0.036768549783966,0.02416333903968,0.014570418203478,0.045626181332067,1.1958149589545,5.7371490800779
0.016563091966079,0.031250269137835,0.015159921367401,0.035585031353012,1.3178479843478,5.6886947035896
0.022009125495929,0.014778697443291,0.039766121847701,0.027864154546256,1.1818782157357,5.6763286898199
0.016763673461926,0.01194796583886,0.026882191862068,0.021351584501603,1.3854813326838,5.725789425706
0.016873859797002,0.023030839361594,0.023271103642339,0.017302314164551,1.0680158383731,5.8188156195735
0.027314716395748,0.029944383222985,0.02379027744483,0.03246588438682,1.2783046546219,5.5838476182241
0.011122697941173,0.018308993395637,0.017593368496997,0.029284798351807,1.3272231746611,5.7925099399981
0.038766957084981,0.026974526737318,0.028043085443003,0.029014304392555,1.2374242831147,5.615743155703
0.0052833824876641,0.0013026657762192,0.042340435640164,0.019925191990719,1.2896351397544,5.6584725609911
0.024512095831356,0.014685810564128,0.033898030552329,0.024448806742048,1.3220451771897,5.620149273732
0.026443069383194,0.025560089867186,0.044721296467926,0.032026328997487,1.2883796837281,5.6669183347305
0.041491308582129,0.036090049190463,0.036557992822035,0.035323464102754,1.274197228076,5.6340075008162
0.046818613582463,0.025504247237784,0.035466727462989,0.024286327639475,1.2637960133812,5.7627695994472
0.020891898752204,0.011176798025811,0.02787527166441,0.032662712227305,1.2665765472291,5.670861457352
0.022526642392427,0.028197664205128,0.035660895447365,0.033693104083307,1.205344020128,5.6645185522255
0.023434401993121,0.02885853639907,0.040919855368792,0.027339399457079,1.094048115513,5.6770500548595
0.0015803900629199,0.015891319689302,0.01998615397636,0.042021007736576,1.2614381954509,5.7671606594971
0.018305643211873,0.0080223660382414,0.035716176232779,0.040852879023286,1.1369860301606,5.7362354287111
0.043741076766091,0.045086121296759,0.018920010582402,0.020172362631649,1.1810067565466,5.6258563414292
0.036307977728528,0.028782837407047,0.020821018981611,0.010236139566666,1.0721188651241,5.8471106328051
0.020579358351905,0.014552023074954,0.04545079797114,0.031841954011253,1.2184333733526,5.6306449731455
0.022600000072306,0.039063386104575,0.033055996878621,0.023530151725023,1.2105478804937,5.5193279087204
0.030780131658853,0.042375352845685,0.014871390285246,0.016002105371829,1.2722246810998,5.6781956093685
0.028352611771585,0.028050444866508,0.047670074599102,0.027247542904204,1.0826825843615,5.7328501316893
0.019347836479119,0.031655885627245,0.017898793913685,0.020222403037818,1.1523952762292,5.6039572161975
0.023346968870666,0.018409189845627,0.0216584164719,0.01889635229507,1.2406375967581,5.5782919483356
0.013612730491701,0.0084852827218868,0.013163452587081,0.007744016837723,1.3135495854765,5.7475385935379
0.033302421696308,0.02014767702538,0.02445667705508,0.017410270532308,1.4148402588544,5.5370771983187
0.022491347073633,0.027974802151654,0.021026620776104,0.01379965927858,1.1814965325734,5.7027623680192
0.010824873483427,0.033135643710523,0.035304778930883,0.031348302535951,1.2017185202625,5.4878334126515
0.024987551438367,0.03336475901573,0.016246589087676,0.024034382865627,1.3226395003853,5.6507739639361
0.036938903631032,0.016014456689227,0.020938939314028,0.049771225449114,1.218841600104,5.9098153480314
0.02303378223072,0.014364248089407,0.018893611554663,0.0054994484513733,1.2972831667322,5.6501416162342
0.042293827818824,0.024313718906661,0.042632702181561,0.022248785123671,1.1562094869613,5.755404343987
0.010419830982685,0.016596197527252,0.028648552908516,0.012315930994948,1.1725599947708,5.6263687645041
0.018768644891663,0.017154451972512,0.028100126193665,0.017111800307845,1.3718076659837,5.7443458065479
0.018616442517007,0.027794162012202,0.036279692572178,0.014597917051456,1.1102196747842,5.7689019532555
0.045766030363383,0.027895552826822,0.02421399965103,0.022279490923148,1.3486914538327,5.6991633268249
0.031137729904741,0.029030577383877,0.013703844995312,0.020081139864505,1.2376184707001,5.9264798967662
0.0047517318534596,0.027009521619775,0.029259437982768,0.027442435905559,1.2627298175067,5.5288277348811
0.026356089153288,0.033684920896628,0.029873959645226,0.015267328087567,1.2083755743138,5.6597201941103
0.039566267300361,0.007057282199941,0.00049009181101321,0.034255383203401,1.1616071558223,5.7350992158659
0.03718891059834,0.034137991937959,0.026663303030378,0.015776910947799,1.1932094711049,5.5561525470025
0.02710954665286,0.031117220527702,0.039459275391482,0.035812801633229,1.2702017393824,5.6361656730158
0.02542757799386,0.0053599921870304,0.023088267956869,0.016854772739415,1.1550996771408,5.7624243160465
0.016681276431389,0.023052950670973,0.010010172878715,0.03047971844435,1.2330738717266,5.5414780996521
0.022367964474543,0.019425024945086,0.034838747296262,0.02630945972809,1.2172939462203,5.6354068669694
0.017666933993736,0.033854656883953,0.011086672761584,0.037540422893874,1.3793535405516,5.6515606101674
0.026908876713052,0.031314920965898,0.0085855027283238,0.029813464094312,1.2437815088465,5.7919063119176
0.028170455456161,0.020165115547807,0.016120350362178,0.023396135691693,1.074771946129,5.7686242902548
0.018195183330464,0.017806898262494,0.037910458952274,0.021879703949311,1.1435194599673,5.5800186145382
0.045937563030581,0.012339314392367,0.024479104651191,0.033993413581115,1.359782553649,5.6278563544859
0.029624951148429,0.03142778338841,0.030439439718381,0.027164306939962,1.2706682089212,5.762038362993
0.022122662908446,0.044255971317825,0.031196009912274,0.02559051480949,1.2529732399346,5.7809981695273
0.035800810165626,0.020567628280008,0.019843511180568,0.038035580881004,1.2983349628069,5.6072949700489
0.03023948989598,0.0038713959296817,0.020761202905256,0.040505785117154,1.0800055349075,5.7891514825738
0.024794280162024,0.03602686845969,0.010426760392671,0.021259371383636,1.1968321646211,5.5953470485025
0.018163506454119,0.012069099455608,0.034426158711073,0.030190097723229,1.2084886838372,5.8041162930924
0.013349793346957,0.029445505950457,0.0163844541878,0.037790566554488,1.2607180088867,5.7763698141573
0.01542004070156,0.029150255503278,0.028386957748355,0.036475270885875,1.1962981945679,5.8011105489532
0.031531872575173,0.031874825391605,0.0097571899823742,0.039922069840543,1.2580410658648,5.657676637704
0.025473352800109,0.021979267646271,0.034927203070922,0.029634385244033,1.2395738934515,5.5003701763288
0.029653998432596,0.016278218194617,0.037676689980878,0.001175572671575,1.2832888548961,5.7874726886503
0.03228366571176,0.035014491639027,0.03746200452115,0.027383645583814,1.1780147337061,5.5720465601205
0.024003073225008,0.023224418235864,0.022047866965482,0.021655517481183,1.3739665855096,5.6055691833774
0.017573271874164,0.026549611750815,0.0098572940718437,0.04131547125506,1.15197144225,5.7332226649395
0.027170916310579,0.012770248754453,0.029528098412064,0.034521283944723,1.1361172443422,5.6958268651561
0.018997605762569,0.023595037861998,0.025322358379535,0.025064464281997,1.2113767130196,5.8067716933216
0.024761829332807,0.016389214164512,0.012750590929318,0.014819088289899,1.2297041576157,5.5968441185008
0.027093357485626,0.037437521062809,0.018621005523198,0.027594055224656,1.3372405853583,5.7012302284047
0.01239514036734,0.021804296344755,0.011669725824574,0.039020997097828,1.3203073424736,5.8366439651102
0.018738043796942,0.032921322136624,0.017658212430057,0.038521715721868,1.1883332219085,5.869792826734
0.016999866260237,0.022936545489568,0.03363889384022,0.016983386170765,1.2978213250863,5.7914535625199
0.029559687691788,0.019699533540564,0.021720784873974,0.021517977774776,1.2477397055659,5.9498795464149
0.013547077220507,0.024641584861913,0.025281281770312,0.016690774025552,1.2687184728672,5.8105250633036
0.04092486174634,0.045174260082187,0.025719556995119,0.028187588366425,1.0278137214799,5.7870158147023
0.022376130763257,0.020892791619308,0.017713646757864,0.035416288666811,1.0917034414939,5.6995764249315
0.027763982865162,0.021854383738117,0.023998138149665,0.026340598748447,1.3287737747968,5.6221868916508
0.042763568470511,0.014334069984349,0.0010357924870614,0.0071116724907602,1.2398599662122,5.7052081838946
0.03701773788622,0.031186590961299,0.005768624885911,0.014945585481137,1.1709416440552,5.5698420157189
0.024268396290852,0.025214379870234,0.023136007215528,0.02585755492146,1.1977771951501,5.8046414893198
0.017405624429984,0.023570933347545,0.023293247602417,0.021991962631285,1.3113065414261,5.6611994999144
0.023667373394207,0.026209017415673,0.026227115322546,0.018035743638688,1.3395930596639,5.7855166953694
0.022719581304997,0.022604534547753,0.015585173428479,0.013117122514044,1.2926737706742,5.7562258691558
0.026077608401295,0.032141193389175,0.042083662281679,0.030758319388135,1.1786715873693,5.7723097507926
0.018562527550322,0.012476700323786,0.014495417803622,0.027961818462838,1.3251053520821,5.7489706548589
0.0044115786975452,0.013232460560852,0.022422578617167,0.011111020431782,1.1661008528599,5.6683123092474
0.033417759360732,0.034224253941498,0.037605848064637,0.031696364400054,1.1888574485474,5.7716870852344
0.046864920371793,0.044404268796819,0.031868019629585,0.02448150843826,1.18611881178,5.6637403671524
0.04385812474348,0.023854354032374,0.026815608893579,0.032919784002166,1.2277519926554,5.7118125396638
0.008872125480739,0.020508619945487,0.02127826015856,0.035538591384757,1.0023465650636,5.5339024366189
0.036758333759528,0.037053378307391,0.032023237124818,0.036696522190266,1.1002544068263,5.4733564852249
0.028742948976508,0.028591096410046,0.013582225357791,0.027668901472786,1.1274442766456,5.8716966838121
0.038297594309849,0.016854665138485,0.019876809895326,0.017773210962323,1.2546940217877,5.6782942240141
0.039391672715128,0.030188524014961,0.032854055584197,0.038618393803492,1.1716392130755,5.6352499768265
0.0040710332875914,0.049427648449341,0.030948704309769,0.028911134745278,1.1339400182069,5.6147764964388
0.022767049398709,0.014417903509562,0.017911292380138,0.033751142543463,1.3701465538038,5.7533500587565
0.0059149431126743,0.0024998431079819,0.026512669070001,0.032806475138697,1.2882383188789,5.8538109485768
0.015547799757971,0.028514036405036,0.016363370523745,0.016098783163007,1.1760231637532,5.8590159785553
0.011770731867394,0.025429860969707,0.017491051533601,0.0084813776328479,1.1432625490921,5.7906115443574
0.032758966012775,0.031146084003746,0.018777072872008,0.027485275325967,1.0720858044848,5.7248431893059
0.027005627576559,0.034073510580383,0.047852345422788,0.018809486849403,1.2521566600673,5.742324453343
0.019290597612841,0.011481419353904,0.017122110111581,0.04034861757203,1.2461161759042,5.5675263808757
0.040674438637025,0.019837784711235,0.012932267734836,0.034016125558733,1.3956830604903,5.6765224366488
0.021652518497324,0.022364701970808,0.047055701046757,0.028129301189906,1.1915150698073,5.5726124616583
0.029448395413971,0.027726324446417,0.0054957234061665,0.035311420120439,1.1402410775873,5.6526454488714
0.0042686102215884,0.035508489579107,0.040360580757616,0.031528245945671,1.1145068946992,5.7116719698123
0.010585661107248,0.029723484739166,0.019282361054676,0.0041633146276181,1.1205973510804,5.8484430257754
0.022889639801476,0.04752095926672,0.033225958910386,0.029598066021465,1.3191811796301,5.6199167742304
0.031412112682392,0.03245542147394,0.036295354095581,0.029481120837337,1.3737190556075,5.7345687670385
0.015180061640758,0.0089619559299429,0.025453525553221,0.023368379650157,1.3081258264672,5.9235443298587
0.03474459671731,0.013052989750858,0.035827429903563,0.041250423798692,1.2468947546702,5.6912970349599
0.033076628137936,0.026586025573648,0.024164246763419,0.024735686321812,1.2158560186569,5.8284328951456
0.036407655075268,0.0076637539557356,0.0095254098396813,0.032645121426773,1.2694973906843,5.5018096823326
0.025190970683472,0.005747626897221,0.010640731258831,0.030360964474847,1.1681517655119,5.6957200691442
0.027416530840751,0.020821462708275,0.013259708890083,0.033303202846912,1.2745610528043,5.8816004730242
0.016957049406901,0.021381774244496,0.038516480768999,0.026868555019827,1.2661352314806,5.7314967481982
0.011893565937402,0.024634683638186,0.025798706868908,0.00075997687738186,0.99833006464379,5.4992356528977
0.02086984524812,0.029614874958947,0.014394101127884,0.019853382360621,1.2765121123221,5.65528508663
0.010298717619684,0.025741686092613,0.023921187277174,0.030012353816823,1.2543852772396,5.6673400619858
0.003617499524836,0.02612478630273,0.011722849169158,0.022023377014563,1.3421237136848,5.7492788002955
0.029280040461363,0.029867626722815,0.020075228168101,0.019396596492462,1.2005954587288,5.5954723294811
0.038072589781818,0.02086378755104,0.023029790355783,0.018991886268909,1.1186631794378,5.5891202810248
0.038366859152854,0.016815339579905,0.024591555514358,0.032172552927977,1.4127265110278,5.6523486737922
0.021640512366093,0.01376215014363,0.012832577294784,0.033452404700379,1.1420579011627,5.6942367751253
0.032523254396626,0.01349973064993,0.025294961496673,0.041759798012339,1.2055599996314,5.8961863789739
0.022239029419958,0.038495989683705,0.032469353886127,0.020880912527719,1.0475570466613,5.665549337484
0.016795336143058,0.037974385060526,0.022497600282541,0.03810405188781,1.3054017166834,5.8540443977582
0.0077407903945721,0.034906338121511,0.024881694776817,0.012092511040081,1.2280825867463,5.7131396867096
0.023893845287577,0.01383431404077,0.021991909115319,0.017585113781071,1.2539113385758,5.7106801215182
0.03287439663361,0.032219298486262,0.031650091372164,0.01909581953657,1.2833760688058,5.6883650343907
0.040639137707405,0.035921107492355,0.032051773834997,0.033717975744531,1.1926832064077,5.688001966067
0.028871086775589,0.0031213167754964,0.022388753263077,0.018702537809291,1.1843313110832,5.6759190475383
0.019207430418676,0.011556865283096,0.0071408463281553,0.025365195090292,1.3910292117416,5.5931280951957
0.020663250198757,0.03265266540193,0.024530578136586,0.014404467696063,1.1729403881438,5.8893484994763
0.02193752163085,0.023313860306456,0.022227319563293,0.025821187418557,1.1414692117241,5.6231620269301
0.030656970150686,0.016096241231266,0.027420743157977,0.027767275660071,1.2981750997656,5.7849882166924
0.028070964823718,0.023465518053076,0.010519067724933,0.024576290637002,1.2354725086789,5.7338039353263
0.020699911705288,0.040840460443588,0.014766966539997,0.022324828911907,1.1386556334525,5.8240081347914
0.029830244892707,0.03654676975462,0.028284726961777,0.023964198141091,1.1201533441713,5.7781555192984
0.027840753811155,0.026485522982062,0.040390554823976,0.018614931700763,1.119996301241,5.7478733288271
0.023231069284964,0.0045810891413281,0.025538810166328,0.031990999818051,1.1543795162706,5.7238109742863
0.034155364324874,0.03003641151666,0.0027007309876999,0.020372906703359,1.1836967180631,5.7480923848846
0.02382529321005,0.006431433800965,0.031561472421968,0.02833048419279,1.0855005307391,5.746768637061
0.021412224580674,0.036810352457909,0.020481378121784,0.020558922912321,1.1493849288203,5.7440178698942
0.030926255216669,0.026880289328784,0.026313805146787,0.023314094271449,1.2838085991317,5.7320925441076
0.040323469153357,0.030306890749499,0.027949954660887,0.022152772176862,1.1619455180425,5.7158749940384
0.011270270185037,0.014060060329607,0.026679431209906,0.030908026983012,1.272479150644,5.7165923387467
0.01980935702052,0.032307174476278,0.026598866719567,0.039527172928234,1.1674157716858,5.7205160494344
0.032486674718284,0.021150876295544,0.034300145035021,0.030338573462095,1.0991106380292,5.7399231532473
0.038245038168218,0.016268542548275,0.024657194494058,0.024821319667221,1.0536926365602,5.6503877960836
0.020452639990155,0.018228161867806,0.029732342003222,0.014698041744487,1.1164136541651,5.4795787793902
0.0062333736045405,0.019126736198838,0.036425297396868,0.015796631397944,1.1489280959243,5.6282926658275
0.032594131511803,0.021067784062197,0.010854319705901,0.021623327882283,1.307944990768,5.6707148601362
0.048368847179151,0.031098136801586,0.023091809933377,0.04213202038488,1.0596876801888,5.7759535213893
0.043463118888725,0.036122298061748,0.0285063644548,0.028550586188547,1.2070364806953,5.521911579021
0.019604617047047,0.041128084608784,0.016671229373838,0.012816034330136,1.0498323388473,5.8758317202387
0.026847434821606,0.01898359846704,0.045762889820779,0.017334161482178,1.2341832379777,5.7644379025988
0.025505034588746,0.0066790602760414,0.026986116814171,0.024207542515078,1.2286054682618,5.7427117806604
0.025108990590689,0.022807924278587,0.02381765180178,0.030717593429358,1.3629714824107,5.7223688979769
0.033772680872072,0.035745067345215,0.0077921338007761,0.027144736785248,1.2195612098321,5.6185071369102
0.040165072759232,0.026178760023449,0.0070579593488297,0.03456256712932,1.1223040082418,5.5350197068216
0.01341983961918,0.019949567586981,0.025565387546635,0.025833581954764,1.1365431526642,5.7076090220458
0.017041592490873,0.044065401992704,0.032249353421835,0.031438042542138,1.2320073596657,5.6518350640619
0.01381942932856,0.015257708447358,0.039286927766593,0.024902038274214,1.2498785597007,5.6722395014838
0.015821829194694,0.021193463698507,0.015030952519561,0.022743745582586,1.1630993384315,5.8151135100385
0.034952391431965,0.023383190618679,0.033474922131655,0.018212426461033,1.1796899653282,5.6964540002375
0.03566407011301,0.023421470573909,0.020874153572948,0.034492699395606,1.3521939279062,5.5918881013795
0.0220512058982,0.033488539249363,0.044515386849556,0.030132234209176,1.2804692820444,5.7113062887036
0.029465709744651,0.02412419213739,0.017611852485208,0.032252486990972,1.2929851092274,5.6319762105935
0.015758341655919,0.0097540759019364,0.0093623553915022,0.0088529596885627,1.1347494240923,5.745646404949
0.03459387332146,0.035200882123724,0.024045836343149,0.027976959525834,1.3210012779826,5.8234013917842
0.03391024037474,0.020053277088404,0.021056159407503,0.021468229712289,1.2118331050922,5.8323403879751
0.03904049348578,0.018686025475263,0.017233875710258,0.0072143174489841,1.2371902392619,5.6598781517548
0.019490795095774,0.033531339421406,0.0086370767335827,0.03591035789545,1.1049959551091,5.7732004364359
0.038555981553897,0.033790386712058,0.02715016987253,0.018465372429736,1.3198705357621,5.7899417505339
0.050368836342927,0.028156028976664,0.028179189717227,0.034070164766426,1.1229426580506,5.5535225073596
0.01909686207855,0.024025698419238,0.034767873992378,0.034708214075884,0.9640942259236,5.5689469704286
0.015276372263689,0.021029486579528,0.023770009708994,0.048711752770918,1.2920636756034,5.5649232411157
0.014601556617036,0.015768183921009,0.016876252866052,0.026007419618547,1.1770234378246,5.6106758141527
0.013967708562988,0.022134635326055,0.0079544951650067,0.0051435223030112,1.2050712331228,5.5257721760497
0.026887187927363,0.024463358507388,0.019261865459623,0.014063364586504,1.3884670681701,5.654293761443
0.021163000554099,0.039661541354616,0.0048165933249843,0.0067701062320963,1.053989023365,5.7366193797656
0.034048992293019,0.010007140280183,0.030230193497693,0.014634381788899,1.15014016862,5.7155541742202
0.020085982344005,0.014145702541871,0.031100078400432,0.023574227509332,1.1241194208873,5.8210635694038
0.023982665348924,0.037135434349007,0.0080436296184015,0.015297406027375,1.1411827381437,5.6826613865936
0.017371517468635,0.018178973100568,0.038176434676396,0.033070138270704,1.1692817485894,5.6318109978476
0.022628000033311,0.0058634968788671,0.024259881200629,0.02564972000243,1.1887036486915,5.7399814397738
0.0094089933509751,0.027884988469629,0.039959558715743,0.02972008656042,1.2726144075172,5.6366585310519
0.031878348826851,0.032198377582671,0.046052787669589,0.010380401327421,1.1563681520135,5.7782749103133
0.041703844206087,0.033285245670926,0.032112760991949,0.042601326061179,1.1264427746945,5.9386213163594
0.00083623540368609,0.021470132351205,0.028980895794393,0.042546510787269,1.0606159140682,5.6761422809978
0.021182785951766,0.018777999657303,0.021693867117504,0.016604110078132,1.2646840404128,5.8391732643304
0.023724928185222,0.017439563046838,0.035791066427944,0.049596216251129,1.1755202727677,5.5215311967039
0.041122741681488,0.023521381558525,0.015817879962364,0.022455703440064,1.1246929547186,5.6950868184734
0.0021467834214965,0.034649039510101,0.025945360615913,0.023004211360007,1.139553278744,5.7185861992795
0.027527045592178,0.020377903127051,0.039061750592807,0.022874263681282,1.355238196227,5.6973502838022
0.020251395321476,0.016137138314492,0.010767997771583,0.027291535565113,1.3036377362148,5.8269782764259
0.037392403509714,0.044205921035855,0.023967614563129,0.028281338025655,1.1972832131064,5.7600231187584
0.048766919337556,0.028974613835957,0.046130965778836,0.039845004274853,1.0312779433164,5.6948427968985
0.028383801104132,0.023726929683384,0.026543420086308,0.029921979786705,1.2801658919801,5.7077148250839
0.014004086003452,0.015173919586506,0.02263247255965,0.016238317573661,1.250496323803,5.5359917090925
0.014060433498429,0.023635839202156,0.019087477000667,0.018563449363042,1.182261432448,5.5695891923046
0.024723195243039,0.022186754639997,0.027559772478097,0.020817777016248,1.1332985914604,5.7585033307955
0.014685773196901,0.028644832845841,0.019020805538838,0.0283861960915,1.1131144483224,5.6449796239792
0.0091347815558914,0.019209945682411,0.013025819709618,0.02779440489811,1.152802949025,5.7154046406373
0.031317669313399,0.034726830968884,0.029005758245424,0.027103223509451,1.3647608867594,5.7990291574485
0.031244045447936,0.0084174060760706,0.011849550506332,0.0214240130245,1.0732217409258,5.5965707143161
0.025800904081126,0.02323077108156,0.023522007059021,0.018530801302199,1.1469865754644,5.720195308211
0.028432027793886,0.026051871155633,0.03633638542845,0.0070138279494597,1.0478028499428,5.5172222438362
0.028787935946328,0.03651885168263,0.031906260146942,0.034314746822385,1.2077270013029,5.7236700192238
0.019473896907983,0.033962641777407,0.035163753909819,0.00016581312782108,1.2062973058233,5.8101290833678
0.022199738000711,0.033426411014922,0.030539803141314,0.021065941376021,1.1363556834647,5.9075926832645
0.018264776437106,0.044822362985045,0.044750439032067,0.021199572596144,1.296562372591,5.7173704678997
0.014631709035057,0.037820233019347,0.020556907818156,0.016411576399641,1.3374952680416,5.6616509412454
0.027223741345243,0.023647625069915,0.033123925126456,0.0086761894843592,1.2136585431402,5.7282531071411
0.036094552755611,0.010331639852532,0.029429471043331,0.017499924075114,1.3253499349422,5.666010065016
0.0085336146921933,0.044683595945706,0.025963562661094,0.02032733739199,1.2381792787805,5.5751735999752
0.032479774626946,0.018090756783311,0.022599181848127,0.022375811778091,1.2509361582443,5.7014911935018
0.011360707367628,0.019295879526572,0.028531523109284,0.03393876535223,1.1688427650927,5.6410731680454
0.035425883347771,0.029890735107022,0.037564433453148,0.038775146156898,1.2735308634884,5.7288503018914
0.022300540327712,0.025597015081126,0.019089341130516,0.024522341925167,1.0697777003371,5.6370447418915
0.044615936270806,0.024511043432166,0.020429841643182,0.019467887977006,1.1324577908392,5.7666544070358
0.027511943625103,0.024603211100795,0.032419548351815,0.025248244564115,1.1782843875588,5.7883781867498
0.0083942160076267,0.014183825976418,0.025018043185637,0.021114898166576,1.1012171411307,5.6665426936005
0.011662253363418,0.035148368332745,0.033594546082928,0.0143090342908,1.2423110677574,5.6373051718491
0.014746557625184,0.030610392790717,0.029501102973648,0.021957458387975,1.0436249888481,5.6229777951705
0.040880505966623,0.029540312359747,0.027203754532274,0.026721772674239,1.092392593486,5.6891027271667
0.025168283524246,0.016903994653408,0.0075634830922731,0.04559957756347,1.2337391848254,5.6728088519264
0.02203081379914,0.013651800464154,0.039929723479506,0.0087606273747434,0.97845769876415,5.7911105998242
0.025069467199549,0.024933953139107,0.034100637097065,0.019773595771078,1.1865569521064,5.7963182864542
0.04176546924732,0.039312682042949,0.031300297694455,0.030037974082025,1.0978828206379,5.7934838439587
0.035134005114436,0.02717358510538,0.02117447801226,0.037356220813331,1.1721728288842,5.8116698621344
0.016365041332964,0.019858966476684,0.027641141351634,0.030658364493552,1.1586885371089,5.6292129663482
0.029979129732003,0.015963777533825,0.016031284335218,0.031226009682405,1.2744989288631,5.8431795599407
0.025479774589438,0.017414031963403,0.026998913087362,0.023901190015872,1.1415969980288,5.6225064698339
0.046551938598761,0.010277571941345,0.013091069432486,0.030781037172398,1.2153907824423,5.6114894468093
0.022578770278532,0.037575587292756,0.042174466075545,0.017859070302862,1.225717452322,5.7188491946053
0.025705103541411,0.015902870085525,0.032719110719803,0.034899710652263,1.1308777015431,5.8261015202383
0.024951466789262,0.042538325421227,0.015461308047779,0.038392781991642,1.128318024727,5.5444968878055
0.025996952411025,0.015371766375637,0.022286614625198,0.037661283362785,1.0671896829803,5.5908633142096
0.016073640588179,0.024741977210281,0.021445069777262,0.041584767222332,1.0203640221082,5.6441272516799
0.029815524259905,0.018446527665942,0.020280565557708,0.029755985960582,1.3230966628467,5.8655642702114
0.03971694147586,0.028666379647181,0.023731244887526,0.010551173535094,1.1034212668972,5.6036342673786
0.02157005452982,0.017582135523971,0.021769750433452,0.042819629780891,1.2871533866552,5.6819014792573
0.012361899235394,0.024250425696822,0.037824386482161,0.021494141882177,1.3171202272109,5.4843178782379
0.019907206788575,0.020255368670459,0.025412029202564,0.018089196055495,1.1119373353293,5.5597395994527
0.0405182201648,0.010640841405653,0.018754650284361,0.034111829103199,1.1372739950091,5.7483571633708
0.038468465617759,0.040758963711777,0.019461224364173,0.034402199082158,1.2094152114034,5.7929059960868
0.017825862362918,0.026952319531831,0.016663007298885,0.031751872480051,1.3436039153453,5.7711107580233
0.026634874913922,0.016965492179609,0.0047007026419745,0.022306843566721,1.1444441711782,5.5657719845642
0.027808190866217,0.042824869051351,0.028917172714317,0.034700354725717,1.3073093127519,5.8054650687075
0.033279476516483,0.029296959026176,0.029701808801882,0.011299949790126,1.1327862643655,5.8163364376549
0.034623784812744,0.033328366685575,0.016516381319743,0.034169878218523,1.1833532226791,5.8732845911811
0.025092142627037,0.0073172608774697,0.030257521932826,0.013492701627003,1.212991165039,5.5666547758047
0.042965356463524,0.045619205751886,0.030399162638356,0.013240216971616,1.1069369333585,5.7279266715209
0.013524308916245,0.027927347419815,0.028004372050951,0.018386587376962,1.2876295818126,5.6105037936019
0.018398647165049,0.013112232325832,0.036798496368493,0.019692193872866,1.1663629578843,5.675586710686
0.026520717131957,0.033960060217621,0.01361144945951,0.025466620755091,1.1250205336205,5.7415850332313
0.0014750489767873,0.024554690681686,0.033769432779093,0.034206159662375,1.3431583475166,5.8004635758566
0.025389254169121,0.019513654155187,0.034863785789365,0.039123379894028,1.0795728592615,5.7817458133927
0.042147170757698,0.023006006642669,0.026434543689176,0.03092888469376,0.97139328989955,5.6458547992035
0.020813020571742,0.015282062343138,0.014304526643593,0.0078769300719228,1.1394603107739,5.7883463734879
0.038799322423478,0.034156113168739,0.030888619479618,0.028799612416507,1.0441032711616,5.6337178239068
0.024631813602738,0.020553760426797,0.033676634541865,0.028505206047198,1.2561795019825,5.9292917119496
0.012550937513067,0.0092854000670395,0.027752479607385,0.0098862500184435,1.2000470631261,5.5634522725087
0.0076541197136864,0.026849450535562,0.035025319197671,0.021725307036558,1.2387448363454,5.8930002924625
0.026162808833303,0.029087188620315,0.040782685807108,0.0081888863991105,1.0343910381961,5.7550003617085
0.043536957397378,0.032537706187473,0.035611148313885,0.01174740014778,1.2518078772102,5.7135591848649
0.014439002827747,0.03208005816283,0.037191001848229,0.026526935878926,1.1999539366482,5.8198775988111
0.028199991790242,0.012850707391268,0.028658344045833,0.02266652982644,1.0409386872059,5.7833651401885
0.024246830694877,0.021019196179861,0.0053507824381664,0.037097613910607,1.1304914513784,5.6491781087518
0.025667829875082,0.017547505125276,0.040662580336038,0.02158306666469,1.1790916839373,5.5228611505119
0.03194184394636,0.031823325845479,0.029555959568131,0.013711733252894,1.0641824475547,5.6798434272478
0.0291150787632,0.027999605875215,0.030171527632049,0.023949276979205,1.320823297832,5.773621766868
0.027333960471688,0.031803015142772,0.017745868805286,0.036022884502953,1.1236900611331,5.672408070273
0.032428819695695,0.010939133277754,0.020106675188792,0.0319091724739,1.3216637720111,5.6796411909964
0.023387806119425,0.015062552480859,0.020848903048351,0.020190716459357,0.97404162603638,5.6954204937251
0.031847566607382,0.046190528308717,0.021895438130649,0.045069223382931,1.2487329626179,5.6443662340807
0.036827620044546,0.029404931965506,0.028309061689427,0.024701327260256,1.3524847792004,5.4965013647526
0.0082486599809315,0.022914787630569,0.025168467432186,0.027573464645395,1.3343919706593,5.6012245301859
0.027577451781439,0.037862377052064,0.0065435496070138,0.023274214089795,1.1113538754764,5.7459310574145
0.021774376788841,0.014651187912146,0.033935732781188,0.044441699606753,1.2209771882843,5.8447902184496
0.022702934381292,0.02317212190217,0.00081843263461789,0.048927517321447,1.050448433384,5.6080046451296
0.032348544448842,0.0086428475065875,0.019032136962747,0.047262001342401,1.1092682401982,5.6790849796186
0.026489163705656,0.017764771639076,0.023211436668119,0.0023834685304709,1.1633783395976,5.8090474237429
0.020594190751972,0.026009266245994,0.0060344550076266,0.022222277673693,1.2770556546758,5.5626839158427
0.025621393978961,0.019025110617758,0.034016658111166,0.013660772822394,1.1458357669321,5.6504913586874
0.044179388667533,0.017906955542096,0.017531047636687,0.038463183974962,1.1214937107767,5.8767274242245
0.025290863914882,0.048389312998447,0.029662269433794,0.002494854007535,1.2675346143177,5.6470378445653
0.038165488828013,0.0023305986475632,0.0012689227438932,0.037445020973655,1.1290990877969,5.8227214581351
0.019236282038208,0.038234217274769,0.014254299956697,0.015225287088936,1.3362187953961,5.6913208128379
0.026300050343716,0.049030493489961,0.0073828756464483,0.023622153938337,1.1446844426645,5.7471185230261
0.027649008952262,0.030220561531252,0.027063561818286,0.013956951734962,1.1720030761078,5.8381416044711
0.024688090483688,0.023304947540438,0.011813889658594,0.026199840322613,1.1526262475261,5.7014719668928
0.02122880885679,0.026084124031168,0.041766416006388,0.016029558413747,1.1400274312024,5.7922866175519
0.033471784620347,0.025083478868558,0.005547633695588,0.021001064279815,1.1461731435508,5.6538344635376
0.035022014781932,0.022236625729348,0.0089186807335515,0.013073247053609,1.2590769361671,5.6834044191317
0.038399608410792,0.041681936858178,0.030351044454745,0.033618382934747,1.2033114474504,5.5829043251294
0.023262547051125,0.043717262169177,0.034228630722648,0.016950497701819,1.161904525175,5.8683573031326
0.031182538576591,0.02757108872853,0.03829948093354,0.040374325457685,1.2947830084463,5.6743565331007
0.018052722716203,0.026346469376743,0.0096752505911962,0.022692472849046,1.1635845834683,5.5983078157818
0.039344917788866,0.040639468821694,0.018739631752584,0.035620922898951,1.1212651052406,5.7234483011041
0.0067567924128004,0.043160373555659,0.012449480044417,0.017038518333743,1.2347386435295,5.5420242721138
0.019313689188538,0.031464198842055,0.027792928060616,0.037900829517625,1.1671309101485,5.7278208152658
0.047164847924996,0.0041691963529833,0.041534229664387,0.035260215594719,1.2169576242286,5.5311808571916
0.027459354716916,0.02244649940967,0.020150606137579,0.031671563567375,1.3333987330495,5.6629093192828
0.015990230915506,0.03634714436015,0.025912171826314,0.02343223911308,1.1058780754621,5.7432202662694
0.018937218835295,0.02368322708842,0.014909310373672,0.031098750393405,1.1471387594778,5.5854618353276
0.014870160969364,0.028132588010917,0.039375930223881,0.03125101885501,1.3274749428504,5.6686421275834
0.036479520895897,0.009072154585358,0.021535549360821,0.028231436242528,1.0070310400786,5.6456160028985
0.032920533390996,0.024891899854106,0.01719538432448,0.014475548936015,1.2575981563422,5.7449795131898
0.0056811750202305,0.034952725561473,0.02065189556559,0.020837278441021,1.2550721372022,5.5950344831108
0.048485544244716,0.0045305135630113,0.020411468604504,0.046406504061092,1.189236562717,5.8220908919712
0.024164492717354,0.01883818199947,0.020337263703419,0.026598556231876,1.1139997796127,5.6298099818974
0.03352266020023,0.02674902165983,0.010111470489413,0.010171010129442,1.3047810311323,5.5576359958337
0.025799219495707,0.040490953438795,0.019811763997471,0.038297813462838,1.2150907029841,5.8034116447224
0.010952945489091,0.021653043810535,0.028471051798131,0.030612266062035,1.4453971697685,5.6832169111317
0.023919333886638,0.022844700375733,0.029435206583896,0.024010945015612,1.2124772965875,5.8878941263023
0.011958523955732,0.026033814675814,0.028111829028341,0.029439607384668,1.1763292860825,5.7544755762617
0.011555296306387,0.020065907600596,0.023247649287713,0.034857562986856,1.1507005319291,5.663969275483
0.021432307973942,0.013142257065455,0.011402050715911,0.02254480630432,1.1954600467026,5.7368013075783
0.041982786444859,0.026376560066205,0.019571967616529,0.042375522640547,1.1150665977621,5.5158390854493
0.030703550167881,0.031613726372008,0.013226415319079,0.019326734169046,1.1173018379309,5.6555362420469
0.020321562446627,0.027505648891847,0.03949749999691,0.0326148753959,1.0185156405222,5.6695209712159
0.028969866117901,0.01227950549065,0.017676491033296,0.037232338059814,1.4026669793708,5.6696761406387
0.020766388042446,0.037518401134977,0.032322741469348,0.014421619083374,1.2003081456351,5.6155487488643
0.02415105217148,0.025047778070024,0.027460412095201,0.028441172266333,1.3092666910191,5.5902863374603
0.029357027132533,0.012637943312503,0.016766587904851,0.0074233721125976,1.2574296992131,5.8325514094349
0.016655220826839,0.027265692792387,0.010719217268185,0.020961599694234,1.2437075831183,5.8166305653105
0.025406244113677,0.022675597600182,0.038018597336528,0.014170242438911,1.1596302442176,5.6580657879197
0.033122760705982,0.03733893671476,0.019409462244093,0.025719249024706,1.1935312015027,5.6422802807056
0.032941022917316,0.015134268632693,0.028707966954317,0.032112753158837,1.1095050181932,5.8499730807281
0.01506557493445,0.036779855521937,0.012817712218015,0.02835177542105,1.2657290291676,5.4821640273255
0.021596390062927,0.044510369016897,0.03762570160653,0.011508447418718,1.1899163863353,5.7338738509702
0.034498110256928,0.028496112597645,0.0067189762916921,0.026549843838343,1.3482581060888,5.7643649222965
0.036862680993998,0.014716149024516,0.02402854457257,0.025081903511629,1.1727690317271,5.6041010424573
0.029236078931243,0.024283752622955,0.03553255779891,0.0094751823775618,1.0321331079869,5.7144402414049
0.016281992881822,0.02033231733951,0.035842029627056,0.032234987192719,1.0742628633993,5.5818304044791
0.035362019398931,0.033196764325356,0.030008701612308,0.018758692736182,1.2363911998258,5.6561277260607
0.02760202276038,0.027359056625048,0.040525500340133,0.040580692086893,1.2384653925431,5.6109387499526
0.025218264504276,0.013347513024597,0.0360859167713,0.016080442670682,1.3350668851468,5.8706899908207
0.015942380740686,0.018033737313299,0.040225916408358,0.022191804870195,1.3514952045792,5.8777896732144
0.018475098501961,0.0032949430468529,0.022373863881502,0.021963188291506,1.2241028820789,5.740430992089
0.0093485570553204,0.042862237846358,0.024324255605773,0.032201149568996,1.135116592807,5.6633998894829
0.013461243484938,0.035252423776306,0.032388939285854,0.022864198628846,1.3311784893273,5.7589825408662
0.024089067418684,0.029647280847524,0.044143278659351,0.019835709493492,1.2270169417327,5.8029239761539
0.019408603827313,0.023841584659808,0.017278021723559,0.015845956167655,1.3019893138845,5.6545603790343
0.039758024472305,0.033104190786688,0.030725798068111,0.019502374016882,1.1829920367004,5.6828285282996
0.01557848962032,0.020823943288079,0.028081540330217,0.0037971252185912,1.1146983701685,5.8581837979589
0.017636909273993,0.034744733278628,0.016924379792446,0.024140624413373,1.1687511767662,5.7024996624711
0.017755410419465,0.03727019275026,0.020507743492143,0.030536010196879,1.2296339628268,5.630603018873
0.026733865208736,0.025245593539983,0.017538092066498,0.026765419341297,1.1543038190263,5.8378935872511
0.026408533270909,0.025124489942116,0.013504998136163,0.025303450432926,1.2018468970046,5.8920428086188
0.020528504969263,0.011810004739925,0.038593780027456,0.0047768323394138,1.1985149676783,5.7606010859851
0.024566621592452,0.029824229293452,0.030121812709099,0.011237955352425,1.2048012184158,5.8141192880631
0.007100050400956,0.032407364876352,0.019909729332074,0.018142078791731,1.2667575924448,5.6210672928666
0.029768659330954,0.026298420588893,0.027855392784147,0.0229097526041,1.1587917391474,5.7955467987921
0.035479412921538,0.03724314562317,0.03810743213924,0.031594004829273,1.1754588518382,5.7596259351474
0.0270622409839,0.040116714529565,0.012197533021299,0.025792469511376,1.2749785421404,5.6969027375842
0.037800773547747,0.048616066805945,0.008156186643921,0.0090834135066724,1.0881774218395,5.6921007042977
0.035081616292772,0.023995862738043,0.010968806279545,0.024658665388618,1.0856240843787,5.6269291639788
0.0097883509362912,0.024351047194896,0.039573716688584,0.012862001339144,1.062497470258,5.5809391685892
0.024228011882864,0.019470831741412,0.016222254107983,0.010537353632522,1.1901316071922,5.6703240117533
0.015633690652813,0.02172329800125,0.011481268366805,0.014990015966821,1.1080871745935,5.7426224071988
0.040400793699267,0.015721589402564,0.0431752880686,0.033131985659358,1.113784960137,5.5086821806625
0.020386401810571,0.029988648531431,0.0082886247406373,0.020771118087995,1.3257902167745,5.7721185053498
0.01750498086007,0.0075919797129286,0.024927443175966,0.008996266486364,1.1737995295755,5.6583473132871
0.034252089437648,0.014022719535704,0.017937820194115,0.0043933774505096,1.1019533637582,5.7566006983485
0.014395341282968,0.016605534717885,0.024683078467573,0.0020706680784927,1.3537464388116,5.7072115846504
0.021876242818597,0.0098351249866551,0.038477370767924,0.018718409244776,1.1244613896322,5.6246541569418
0.028301911903881,0.032746383500365,0.022920355315198,0.021286987921231,1.2697292358208,5.6534803547644
0.0026860603430938,0.025976063822259,0.039835679830743,0.024841063468785,1.1605568114794,5.7293474017136
0.032672120395818,0.014910313772076,0.026028705249201,0.0086174045343302,1.308802860927,5.6868417376029
0.021474390235324,0.014940088035927,0.021736445316731,0.026626894446839,1.165690656212,5.6046730166362
0.03590956632826,0.0019185348218429,0.036503766002509,0.025483364707275,1.0945288238958,5.7291497921378
0.030215726817689,0.016542601979126,0.0036378332695765,0.017519094841594,1.2907103352601,5.8113249230274
0.025356935066431,0.046725488508627,0.01849100790507,0.026815642983861,1.1850712240045,5.8083947586528
0.014969881722745,0.037387902878109,0.019443358648189,0.030802993514624,1.0104907793004,5.8354251025769
0.018629812533993,0.024836028237603,0.018961396136915,0.046028984376657,1.2309566401802,5.799209578904
0.024713080435594,0.025760507114648,0.018830700027218,0.032350235699969,1.1453912887374,5.6900530482034
0.014916184774261,0.039285982296715,0.019706427035465,0.03151928238788,1.2864017876255,5.6862875425542
0.0077895343617889,0.046003813822652,0.024797640864648,0.029094558167716,1.3100020815317,5.5706033888046
0.037063435278519,0.01269470217696,0.019176160125504,0.01458481923494,1.2246867480643,5.6393548956947
0.014242984517042,0.025947626259237,0.0049725095983988,0.02912039541846,1.1989264200807,5.7195858688613
0.006609893283945,0.030241103863855,0.041352739681638,0.027065190796859,1.0615419189707,5.75765598851
0.021358025850579,0.011864333521933,0.025219536189241,0.0051601658497131,1.2312398432461,5.6607167377853
0.017357125856814,0.021644046325997,0.029140979522499,0.012404409419465,1.1880337591269,5.7244998536516
0.024895391194877,0.014537154516515,0.020055988475683,0.020265155164445,1.1128325363144,5.8020286770522
0.033770343776982,0.04316633390595,0.023170423592351,0.017215868394825,1.1736141263282,5.7440063563978
0.0079267359685551,0.021490263762593,0.034212253507066,0.010311373509308,1.1749366306207,5.8337128759218
0.030907874945037,0.027132018750148,0.020686990225682,0.020393661054664,1.2176833441277,5.4704519291267
0.03156571601652,0.021095612874881,0.022137537260653,0.02003355717403,1.3688380481636,5.6793341095921
0.033656413151626,0.035677489958415,0.043293030510248,0.032412053435326,1.1334450655876,5.686630475326
0.017680694838347,0.014240745734836,0.023960575333753,0.036501417057352,1.1253286584125,5.723050127209
0.042380565250366,0.033751056646168,0.025447564030397,0.037613962839586,1.2042213027099,5.7121211996153
0.010754564690354,0.025493259070702,0.039135544400792,0.01657577709476,1.2328388286937,5.640314638811
0.017125228246519,0.010170109707526,0.031478513921307,0.026359890626067,1.1702542803209,5.6015982535553
0.027634916888492,0.027047785319014,0.032904808763487,0.025548731708875,1.0327274862103,5.6060007438208
0.024291160025739,0.01598329507139,0.016468922513719,0.015038268324911,1.2858809575586,5.6779483403625
0.03730552756997,0.029745295141954,0.0063178098179853,0.02643953078826,1.1296300451388,5.6474689760207
0.036125895187609,0.015829680925078,0.029376601672159,0.029377411367036,1.3314074366424,5.9209055368801
0.026603894476279,0.01906630869402,0.04445455329536,0.013021905838857,1.0960547503554,5.813450172654
0.015844693755413,0.018513640244903,0.0337866266053,0.032942878037535,1.2349574641033,5.8739552095528
0.043684255281563,0.040968000601907,0.022945085548299,0.0064142059077666,1.3109703959119,5.6646517464775
0.03443080201769,0.031991637407786,0.0087181220622525,0.0060251560380342,0.98337421916018,5.8244097025633
0.024835715857397,0.017888162420581,0.041583654288399,0.03007064917594,1.1874616367116,5.7735203982389
0.016325192741227,0.021413373768616,0.0024913493496024,0.03147473739109,1.2306395586596,5.8203980620796
0.013297694643106,0.022011191397649,0.023338338844145,0.033392074865307,1.2786722920871,5.673739371073
0.014486570534041,0.020478518679728,0.031526799313293,0.029666711788627,1.0814093404162,5.9003921851668
0.016525633483725,0.026198943510133,0.025599100002941,0.010935709722862,0.99413958566677,5.6614095013365
0.032823202680052,0.020705241283898,0.041132755014602,0.037966690883819,1.3460375855342,5.9019390107855
0.019624262997981,0.023489919707308,0.045912468661222,0.013610859321939,1.2445483915417,5.8602374469484
0.030166681928595,0.017651130349121,0.025623785638946,0.019748856246044,1.187202817919,5.5142348160549
0.011185851409439,0.048135481135646,0.017972045835486,0.0015784689268754,1.2754265351698,5.6299790031
0.020193776219517,0.026656476541164,0.037973469401809,0.039745629787907,1.213976189943,5.7092263417347
0.024876993947292,0.020656565637632,0.0094096571802662,0.032550331590263,1.0900261710111,5.5885178904215
0.0028922832619899,0.029077466465176,0.01131074134002,0.040728379621502,0.96874828259156,5.7285390409199
0.025243151216416,0.029322238357852,0.047039778394111,0.028869285348758,1.2206773683449,5.6818029779151
0.018217020852152,0.031569968025234,0.0076783368358945,0.041515805155119,1.2946998974721,5.7504638895212
0.023305108862602,0.041817548385339,0.025379608992078,0.035469221411106,1.2624141445534,5.7812947814771
0.020755345531056,0.027702247321829,0.0097369461638807,0.045183252429039,1.0259792384101,5.6733418759946
0.03432873764935,0.01563082766576,0.021832078318931,0.036328296177894,1.222673023155,5.7902037768938
0.017849204300457,0.030847145045265,0.018041700275457,0.024535502901078,1.0891995480602,5.6488478254957
0.0096563797289216,0.0060282773493497,0.038731770585972,0.024992136214361,1.323743991561,5.6330729976305
0.034360352377912,0.010438461527182,0.021963026475986,0.017240006311263,1.3573890434763,5.7431605706991
0.047585389870868,0.02092225915363,0.013846547927549,0.038944018206994,1.3836818611155,5.9174856417809
1.7237433411692e-05,0.018924298853238,0.0077588098926098,0.02177945918176,1.4083864254193,5.7509660579038
0.033194114910459,0.021259341507807,0.02370710298957,0.037379533226708,1.0872561424646,5.6814077730874
0.029542116558727,0.031956125144311,0.029057762177895,0.0062053914018693,1.3023202764599,5.6702233957279
0.016171611408273,0.032431552750456,0.022168391393733,0.032882364278544,1.1381861777837,5.5566234984016
0.042600455814128,0.01080098780315,0.031828097454384,0.011078666562492,1.3980378837207,5.7611810170667
0.034150351235104,0.040363655833048,0.022292927140549,0.036165523502363,1.0840513306367,5.5242419786032
0.018667439064501,0.024778093584323,0.022592819781533,0.016285652828886,1.1592725334704,5.7268010939257
0.032188049867241,0.021240940425652,0.0079752464119842,0.023490958751141,1.349366042601,5.5382046185009
0.028468870237294,0.028707612378285,0.018194284611104,0.021249231215914,1.1928619022657,5.7042467953865
0.008147064162565,0.036925303717883,0.0074276017667717,0.020689288368344,1.4164140754366,5.5274930153958
0.015601916713455,0.027072985336411,0.045194416152936,0.01200677636441,1.2334593408603,5.6447353627477
0.018387322450971,0.023761930274353,0.024991076114042,0.0068042508387941,1.3295295200475,5.6773170553453
0.017162860080571,0.030688891720838,0.023469465467921,0.041420191931884,1.1390008062873,5.740845695752
0.035781021695665,0.046355681118226,0.028808934896439,0.020720492560883,1.2193602970751,5.6896693982798
0.031294495803376,0.030803798280384,0.018322360067167,0.035217773740927,1.1352784547616,5.593515998753
0.011716268383296,0.020951669419145,0.021339696352539,0.0089426468008429,1.3922655180317,5.5590989787812
0.019156066371105,0.028891522641416,0.027825060662829,0.02743463384125,1.1357089701353,5.8529424140853
0.029917505140465,0.030752151291084,0.019526685834512,0.023023208353317,1.1741138568086,5.7039145178309
0.022941268622897,0.02776247900702,0.04352445389559,0.018235041544355,1.1601829914828,5.8426427924602
0.027717430456329,0.02380676002831,0.031254171259782,0.043059231894704,1.2670651423882,5.5051384873214
0.030842070661008,0.034423631011683,0.044980427709341,0.01850428442906,1.2029940293468,5.7496044811152
0.026031323146833,0.0097386793864669,0.02968086568906,0.022805304545646,1.086881952631,5.7395357353467
0.037904174190065,0.011318154495458,0.018439862838409,0.017018196456926,1.0750957101708,5.8176259436485
0.028513871517364,0.029511664508542,0.041288308510965,0.025431477133497,1.1912607203852,5.6405772906772
0.023069097666875,0.031716347313099,0.020315929282036,0.025036170126797,1.1641698739212,5.6690278813921
0.0086309352270784,0.025118043822195,0.031805320241728,0.027213507853949,1.2761068720808,5.5985091447153
0.028959208814578,0.026780571909744,0.021922394014023,0.028885457629199,1.4208879925984,5.6929478525611
0.034108676808261,0.018630036413774,0.028824647559528,0.025330759538849,1.4523404624813,5.744652964194
0.017314150013258,0.027138371453043,0.034787039891829,0.025506150133622,1.1703386605391,5.6407922300079
0.0359269254041,0.031055907296245,0.012497186462589,0.014346236839041,1.2407724720252,5.8404883896107
0.02526315747429,0.025007043505321,0.027338105980212,0.024155373818509,1.3156426917304,5.775209498029
0.026946382984006,0.030104018737521,0.029132820545854,0.026475145353828,1.1060787027606,5.6569997540912
0.043362591551162,0.038153183883245,0.0030643932437832,0.005882936956141,1.2891037330627,5.6983968644494
0.025900655931809,0.040417633249305,0.029372415555067,0.026836641385463,1.2229006529325,5.8615042458338
0.030204803628031,0.021910923811422,0.027908859689489,0.017767413092857,1.2416500747154,5.7001800902393
0.034005913101579,0.0088392326393723,0.006454133884546,0.032285511040452,1.1298108013871,5.8640143774804
0.0098545410018142,0.019747554127746,0.012058472080862,0.024614787417512,1.2012007467412,5.5924506535647
0.0034271199341768,0.012212583359679,0.036053407331908,0.01834435506524,1.2714465939235,5.692473479169
0.01750313822331,0.031746066252507,0.029032288433107,0.03379319164497,1.2291479036916,5.8873722055707
0.029197222971838,0.013871138622164,0.026735797662473,0.028515356101199,1.1438150722019,5.7348764704921
0.013249224170243,0.022626176595936,0.030980140984091,0.010041334230854,1.1894843459889,5.6321783726358
0.039627664182277,0.026513356278044,0.034529774540669,0.027124394483477,1.3940935226087,5.6432140699064
0.017209477302088,0.029396772431954,0.0043841368649052,0.031011283836425,1.2121720561085,5.6980036060749
0.021903300657511,0.0081182586285774,0.022104271628482,0.027725627271872,1.0447680498907,5.632717171049
0.024029555847797,0.010985059617258,0.043850817751463,0.040191304069214,1.2352229566499,5.6906258406695
0.015387090084558,0.025335249558954,0.014591198953047,0.02895743703952,1.0232347855704,5.4552823190603
0.018010650965961,0.035797427536982,0.0091709234009765,0.02867372187409,1.260500753451,5.5960471598598
0.030456707929829,0.029809143723007,0.01253089472209,0.014882175399032,1.0785364255438,5.8688740155672
0.029858221655321,0.020096116100155,0.032896575662982,0.027628375185989,1.2467621758635,5.5996009920558
0.030012458647559,0.028456984154993,0.0160511340734,0.035167009357158,1.3066153348351,5.7824301743951
0.026124789853833,0.020772546869676,0.034151990922487,0.010104549408198,1.0414060618732,5.6652487844468
0.020988524743589,0.036571543425501,0.021552869515028,0.031794322331119,1.2471715130855,5.5608595855682
0.0044755158315997,0.024422097569294,0.024614383828746,0.0063531589566853,1.2013639166498,5.583382488555
0.025870242908211,0.021681848980254,0.038221135896151,0.022490705749731,1.2648744909462,5.6165451767916
0.02801609818871,0.018720092424959,0.031029413659268,0.031120560605227,1.1852482667801,5.7713924386167
0.02988719750772,0.040183189536428,0.027306714002969,0.015099615150562,1.3069983398263,5.6811881172287
0.023170202787354,0.025309822506538,0.042421871718083,0.022776446849706,1.1099820381337,5.560380303665
0.022176858592671,0.016428025320242,0.027697826358463,0.022617096380129,1.3031159523466,5.7602561623579
0.029014563458948,0.031934760931692,0.0083766557234404,0.013885397943432,1.3120460225827,5.7979119455338
0.030517394369078,0.040545897437836,0.022827238744153,0.0069179329405619,1.0955857408539,5.7573722491679
0.036982898080865,0.013430255839104,0.042925382916403,0.021822984578342,1.1558554919202,5.7728188911364
0.033875552766073,0.019160147932392,0.021873679168163,0.014868774345696,1.2693242184276,5.8215717281814
0.010891232123525,0.033653813404614,0.015514694675425,0.023204453719816,1.2716991353354,5.7521075259519
0.034911357502771,0.013447241881734,0.018274862048372,0.033264163562424,1.1473524866551,5.5869388842008
0.020541673246587,0.022055658363731,0.0325634322732,0.020101054100043,1.24525753141,5.7306954908327
0.030818413474589,0.02838802925399,0.0113809431625,0.0053869075500917,1.1122525074098,5.7569696024901
0.03990667962839,0.012524659973763,0.026166325070597,0.0040341295506734,1.1609096725296,5.7384296251084
0.029409435858915,0.048795031020697,0.011000565003478,0.027547270157615,1.1699519884893,5.6021109426264
0.012833920423598,0.0048371060870872,0.048108149150597,0.0031507856190423,1.0966223980228,5.6150706603173
0.023840183826033,0.032508442448548,0.017347756618089,0.016191012389109,1.1675049398855,5.8156141027521
0.031686348308685,0.017265571863736,0.025148700012147,0.041009477235809,1.1956965052773,5.7877896685485
0.031062620969349,0.022468565674618,0.027483288058931,0.01593654612738,1.2266140707683,5.7672774043712
0.013704205595114,0.0077092608760111,0.04658243369008,0.0082163404697867,1.3025566130638,5.7895297308264
0.022761458322527,0.0036708715435878,0.022980068566755,0.026795794982328,1.1694812841231,5.6837797441406
0.020104748975659,0.027399524700047,0.033716635107824,0.031855561073273,1.21775199971,5.5035435684529
0.023761380777989,0.016222234659653,0.010588178198913,0.021401572010998,1.1284009492263,5.8304159125858
0.042733704245447,0.023788336428234,0.024704475309602,0.040086194908414,1.2778521802112,5.5711174339526
0.033584067044676,0.019603868090064,0.012271036343845,0.018000422259083,1.3419420941053,5.8794532700494
0.042526186081251,0.028925659820643,0.024720557891372,0.026133782574325,1.1384116344687,5.6919589308366
0.028915643141418,0.01548579946569,0.013720947811652,0.011647100336748,1.2821864764739,5.6915887877198
0.041153504901465,0.017233275059322,0.022484402149613,0.029887967915685,1.1876527512856,5.8088937669778
0.033186284805006,0.032258271370134,0.014688507703608,0.035733167127548,1.0078920218792,5.757946242418
0.047267115792326,0.023899490615109,0.029626312587078,0.03464949613675,1.1792862765372,5.5485517936544
0.021079374782525,0.04099308546036,0.015710838215561,0.036102065907981,1.0769911704542,5.8360772603256
0.0074929246821757,0.0071532146506324,0.049764491819295,0.034791149046011,1.1570810359801,5.7317528914412
0.029686634618515,0.023353078938354,0.028573743891489,0.012925209502568,1.1976871130415,5.5622475063261
0.021865670272006,0.016779975577834,0.031918515362768,0.030249077161755,1.2486279148566,5.7965069273631
0.017139948034874,0.039359491109589,0.011912607340773,0.019042256790883,1.2310487306413,5.5403530704715
0.014530732681759,0.025278415448444,0.046735878685452,0.020460975904093,1.1664274310522,5.700749788324
0.032149069729668,0.016480482660537,0.013661601219613,0.024860694428801,1.3041673304854,5.7124684213467
0.021760294566451,0.021559772941739,0.01153909957561,0.044931267696918,1.1153594971931,5.6216658186747
0.036047437213061,0.035869530492323,0.039329961550619,0.016215549678219,1.2922637890083,5.5870532310314
0.031949262695071,0.0040446815426606,0.048556330210932,0.013358227381907,1.2514337547329,5.7791281871529
0.003860747814508,0.018610255684532,0.030848092531854,0.019643302201124,1.229185266501,5.5882260098507
0.01968606953387,0.025781502143175,0.027239904102384,0.046900144546826,1.119627279012,5.5615400081027
0.030760256458728,0.02683338524214,0.030041437598246,0.027716409491287,1.2217104026718,5.6548164828523
0.027396318264319,0.024979115094791,0.030946624799842,0.017142807227539,1.0191703143553,5.9112989156255
0.022955933873578,0.0048846933202946,0.021242499875306,0.039067348070628,1.3561260481064,5.8398253601972
0.03051151087362,0.038213637905398,0.034131024263004,0.020649312190853,1.169739468316,5.7140606947593
0.0272534341055,0.025379330579316,0.039642154279066,0.021869979450306,1.2997045294178,5.6205446979853
0.02620832054273,0.011683911463229,0.031279932227453,0.01534807803654,1.2851161497971,5.7636682956777
0.045369913113304,0.035401583701805,0.021477962738625,0.024952999044546,1.1421559704011,5.619351525248
0.018526183202859,0.031759090846946,0.0084484265021446,0.044743209965049,1.1485066816923,5.538856273173
0.020837561186516,0.038849361359735,0.036994820999138,0.023248447219904,1.2764913611988,5.7228415410493
0.016236611264546,0.036423442578014,0.024826713435563,0.039349433494543,1.3284182681866,5.6855341067864
0.028825070986574,0.035575839408155,0.031369163337637,0.018111072567208,1.3300206662043,5.6135441629894
0.0092554011572234,0.032104993049746,0.03318597563232,0.015175472064692,1.2203334079143,5.5556638180769
0.008010251243848,0.019992735533265,0.030619130583863,0.024919665968253,1.2609737597715,5.6989219470332
0.02149265448079,0.032035880456987,0.038102801421436,0.024240062286086,1.2303989212674,5.7693112663443
0.013780911865551,0.034893542546999,0.0061667090817457,0.026241481173922,1.22078167256,5.7190561887236
0.044945564050513,0.02924084789413,0.037852000030996,0.026972624624383,1.1259222569181,5.7213152925953
0.014943549660736,0.023199168752332,0.032959880512322,0.0079867682146333,1.2481283302188,5.7164061377466
0.035852340499867,0.032941642914826,0.0169835599837,0.040133061224694,1.1897599524723,5.7241466501799
0.022415705303992,0.030417567349391,0.024967793579751,0.011577332164003,1.2411176195856,5.6720157701925
0.021089383340382,0.030445503931788,0.01519318104398,0.0065281569931066,1.2143896029374,5.6902009766818
0.032982247130385,0.017197060277335,0.025714691866131,0.02381384711861,1.2185241601602,5.5794902071181
0.017889127418238,0.046943560505533,0.016302274286259,0.015727285814577,1.0663115612419,5.8822996986999
